הסרטון שוועדת הבחירות לא רצתה שתראו &gt;&gt; 
"בליכוד חייבים להחליט אם הם תנועה ברוח תורתו של ז’בוטינסקי או תנועה חרדית ברוח מועצת גדולי התורה. 
ישראל ביתנו לא תקבל שום פשרה בנושא חוק הגיוס. חוק הגיוס שיזמתי במהלך כהונתי כשר ביטחון מהווה תנאי בל יעבור להצטרפותנו לקואליציה הבאה.
 "
לכו תאמינו לסקרים... 
"חברי הליכוד, איבדתם את זה לגמרי. "
"פוליטיקאים שמבקרים את התנהלותה של הממשלה בעזה – לא חסר לנו.
פוליטיקאי שקם ואומר עד כאן – יש רק אחד. "
"הסיוט הכי גדול של מועצת חכמי התורה:
#ליברמן_גם_ימין_גם_חילוני! "
"RT @YuvalKarni: כבוד הרב שליט״א אביגדור ליברמן.
יש חוש הומור לבחור. "
"אני קורא לכל המפלגות הציוניות להצטרף אליי ולגנות בתוקף את ביצוע בדיקות ה-DNA על ידי הרבנות, בדיקות שמתקיימות באופן מפלה רק  ליוצאי חבר העמים. אין לתת מקום לתופעה כה מכוערת ומבזה בחברה הישראלית. "

"יש הצהרת אמונים ויש הצהרת מלחמה.
לישראל ביתנו יש מסר אחד לתומכי הטרור היושבים בכנסת:
#לא_תתחייבו_לא_תשבו "
"כתב האישום שהוגש נגד הרוצח המתועב של אורי אנסבכר צריך להיגמר רק בפסק דין אחד.
#עונש_מוות_למחבלים "
"הערב התקבלה העתירה של ישראל ביתנו לפסילת מועמדותו של עופר כסיף לכנסת ישראל. מי שאומר שהרמטכ""ל הוא פושע מלחמה ושמדינת ישראל מבצעת טיהור אתני ברצועת עזה, אסור שיישב בכנסת. מקומו בפרלמנט של חמאס ברצועה או בפרלמנט האיראני בטהרן. מצפה שבג""ץ לא יתערב בהחלטת ועדת הבחירות המרכזית. "
"מי שנכנע בפעם הראשונה לסחטנות של מחבלים, צריך להבין שהוא חותם על 'משכנתא לכל החיים'. הצד השני יציב לו מידי חודש עוד ועוד דרישות.

במקום לשלם את דמי הפרוטקשן לארגון הטרור חמאס, היינו צריכים להכות בהם בחוזקה ולהרוס את היכולת וכוח הרצון שלהם  להלחם בנו.
"
"דיור לזוגות צעירים זה לא חלום, זאת מציאות שאפשר להגשים. "
"אם לא ישראל ביתנו, הסיטואציה הזאת הייתה אפשרית לגמרי. צפו ועזרו לנו להמשיך לשמור על הבית. "
"שוב התפרעויות אלימות בגבול רצועת עזה, שבמהלכן נפצע קצין מג""ב. שוב נחתו בלוני תבערה, והפעם בנתיבות ובמועצה האזורית מרחבים. השבוע חשף שב""כ התארגנות טרור ביו""ש בהכוונת החמאס מעזה. 

מי שחושב ששקט לפני הבחירות מצדיק כניעה לטרור, שיצביע ליכוד. מי שחושב הפוך, חייב להצביע ישראל ביתנו. "
כולם לצערנו נזכרו רק השבוע לדבר על זה. ישראל ביתנו היא המפלגה היחידה שבאמת מקדמת חוק עונש מוות למחבלים. 
"לא ייתכן שנערה בת 19 נרצחת על רקע לאומני והרוצח השפל יחיה עוד שנים רבות בתנאים המפנקים של הכלא הישראלי. חייבים לשנות את המציאות הזאת, חייבים חוק עונש מוות למחבלים! "
"כולם יודעים מי בעזה נתן את הפקודה לירות בקצין. צריך להפסיק את הכניעה לטרור ולחזור למדיניות הסיכולים הממוקדים.

"
"התכנים והמסר שיצאו מהועידה של תנועת בל""ד שהתקיימה היום, מוכיחים פעם נוספת, שמדובר בגיס חמישי ובבגידה במדינה לכל דבר ועניין.
אנו נמשיך במאמצנו להוציא את תנועת בל""ד מחוץ לחוק.

"
#לא_דופק_חשבון_לחמאס 
"אחת מההחלטות החשובות שקיבלתי במהלך כהונתי כשר הביטחון היתה בחירת הרמטכ""ל. אני בטוח שרב אלוף אביב כוכבי, לוחם ומפקד נערץ, ינהיג את צה""ל בנחישות ובמקצועיות. הבחירה ברב אלוף כוכבי היתה הבחירה הנכונה. בהצלחה!

אריאל חרמוני, משרד הביטחון "
"והנה תגובתי ל""הודעה הדרמטית"" של היום... "
"#את_חיילת_בצבא_של_ישראל_ויתייחסו_אלייך_בהתאם

אני מצדיע לחיילות ולחיילי צה""ל!

"
"סוף סוף, בשעה טובה בית״ר על המפה! היידה בוזגלו, היידה קלינגר, יאללה בית״ר!

"
"#רגע_לפני_פיזור_הכנסת

בדקה ה-90: אושרה בקריאה שנייה ושלישית בכנסת - הצעת החוק של סיעת ישראל ביתנו הקובעת שמחבלים עם דם על הידיים לא יזכו יותר לשחרור מוקדם מהכלא ולא יקבלו קיצור שליש.
דם יהודי אינו הפקר!
@oded_forer "
"אני מברך את האלוף אייל זמיר, שמתחיל היום את כהונתו כסגן הרמטכ""ל. האלוף זמיר הוא לוחם אמיץ ומפקד מוערך, אבל מעל הכל מדובר באדם ישר וערכי, שביטחון מדינת ישראל נמצא תמיד לנגד עיניו. אין לי ספק שהאלוף זמיר יהיה סגן רמטכ""ל מצויין, ואני מאחל לו בהצלחה בתפקיד החדש.

קרדיט: דוברות משהב""ט "
"#לסגור_לחמאס_את_הכספומט 
העברת הכסף הקטארי בסך 15 מיליון דולר לחמאס היא אחת הסיבות העיקריות לפרישתי מתפקיד שר הביטחון.
התנגדתי נחרצות להעברת הכסף כשהייתי בתוך הממשלה, ואני מתנגד לכך גם עכשיו.
אני דורש מראש הממשלה לסגור לאלתר את צינור הכסף שמממן את הטרור נגד תושבי ישראל! "
כניעה לחמאס- כרוניקה של ביזיון 
"מדובר בהחלטה חשובה מאוד של בג״צ הערב, שנותנת רוח גבית חזקה למאבק העיקש שניהלנו בשנתיים וחצי האחרונות להרס בתי מחבלים. מקווה שזהו תקדים לכל המקרים הבאים.
"
"את הסופ״ש הקרוב נבלה יחד עם חברי הסיעה בשדרות ובאשקלון. באנו להיות עם תושבי הדרום, לחזק אותם ולהתחזק מהרוח האיתנה של התושבים. לכולם ברור שצריך לשנות את המדיניות, להכריע את הטרור ולא להיכנע לו. אני מתכוון להמשיך להיות עם תושבי הדרום ולפתוח כאן תוך עשרה ימים לשכה פרלמנטרית. "
"מקור הביטחון האישי שלי בצבא ההגנה לישראל הוא אתם- חיילי צה""ל. תודה רבה לכם ושבת שלום. תשמרו על עצמכם. "
"תושבי הדרום זכאים לאותה רמת ביטחון כמו תושבי תל אביב

"
"הודיתי לרא""ל גדי איזנקוט על שנתיים וחצי של שותפות בהובלת מערכת הביטחון. זכיתי לעבוד עם רמטכ""ל שהוא קודם כל בנאדם. עמדנו יחד בצמתים רבים ובמבחנים ביטחוניים לא פשוטים. בכל החלטה, תמיד עמד לנגד עינינו דבר אחד בלבד: שלומם וביטחונם של אזרחי ישראל. "
"לפני כולם, תודה לכם- מפקדים, חיילים ועובדי משרד הביטחון. היו לי הזכות והכבוד להיות שר הביטחון שלכם. אני מחזק את תושבי הדרום, שתקופה ממושכת מגלים אומץ אישי ואזרחי. אתם החלוצים האמיתיים של ימינו. ליבי ותקוותי עם משפחות השבויים והנעדרים. הלוואי שנוכל לממש את הפסוק ""ושבו בנים לגבולם"" "
"ליבי ביום הקשה הזה עם משפחת עטר, הורים וששת ילדיהם שניספו ברגע אחד בכביש. מי ייתן ושושי, יריב, יעקב אברהם, עטרת, איילה, מוריה, ידיד ואביגיל יהיו הקורבנות האחרונים של הקטל הנורא בכבישים. יהי זכרם ברוך. "
"התנאי המוקדם של 'ישראל ביתנו' לכל הסכם קואליציוני בכל רשות מקומית- הנחה של 5% בארנונה למשרתי מילואים. צאו להצביע, כל אזרחי ישראל וזיכרו שהאות ל' היא אות חשובה- לנצח, לעשות, ליברמן. "
"""כאן גלי צה""ל מירושלים""
חלום שהפך למציאות "
ברכות לתעשייה האווירית ולמערכת הביטחון על עסקת הענק למכירת 'ברק 8' להודו. זוהי עוד הוכחה שביטחון הוא השקעה ולא הוצאה. התעשייה האווירית היא נכס לאומי. יש לשמור עליה ולחזקה. 
"תודה יאיר קולס, בהצלחה עופר וינטר "
"נפגשתי היום עם מסתערבי יחידת 'דובדבן'. עקבתי מקרוב אחר המאמצים הכבירים ללכידת המחבל שרצח את קים לבנגרונד-יחזקאל ואת זיו חג'בי הי""ד. היחידה הזאת עושה דברים דמיוניים, הרבה מעבר לכל ספר מתח. אנחנו מתקרבים אל המחבל, הזמן שלו הולך ואוזל."" "
סיירתי היום בקרני שומרון כדי לעמוד מקרוב על הבנייה ביהודה ושומרון. בימים אלו נבנים 11000 בתים ועוד 11000 בשלבי אישור. עובדות 
"אנו פועלים נגד חמאס בכל החזיתות. תוקפים את מצבורי הנשק ומייבשים את מקורות המימון שלהם. זו הסיבה שהקמתי מטה לאומי ללוחמה כלכלית בטרור, שיחד עם השב""כ, הצבא ורשות המסים, כבר מביא תוצאות. נמשיך להלחם בטרור, במחבלים, בשולחיהם ובתשתית הכלכלית, בכל האמצעים ובחכמה. "
"זכיתי לחנוך את סוכת שר הביטחון בביתי שבנוקדים  עם חיילי גדוד 75 של השיריון. אין אושפיזין ראויים מכם. בזכותכם ובזכות עשרות אלפי חיילי צה""ל שישארו לשמור עלינו במקום להיות בבית בחג, עם ישראל יוכל לחגוג ולטייל בחג הסוכות בשקט ובביטחון. מצדיע לכם! "
"שמחתי לקבל היום במשרד את ידידי לוי אדרעי שהביא ארבעת המינים לחג הסוכות. אדרעי ואלפי שלוחי חב""ד פועלים כל השנה לעזור לכל יהודי בשמחה ובאהבה. תודה רבה לכם! אתם ממשיכי המסורת של העם היהודי "
נחתתי היום בבאקו אזרביג׳ן לפגישה עם הנשיא אילחאם אילייב ועם שר ההגנה והשר למצבי חירום אזרחיים. שוחחנו על המצב האזורי ועל הרחבת שיתוף הפעולה בין המדינות. 
"זכות להיות שר הביטחון הישראלי הראשון שמבקר בגאורגיה. נפגשתי הערב עם ראש הממשלה, שר ההגנה ושר החוץ. היחסים בינינו לבין העם והגאורגי בני מאות שנים ואני שמח על שיתוף הפעולה המתהדק בין המדינות. "
"היום זכיתי להודות באופן אישי לחיילי פלוגת ההרודיון: ""גם בימים האחרונים עצרנו חשודים ומנענו פיגועי טרור. עם ישראל יוכל לחגוג את ראש השנה בלב שקט בזכות חיילי צה""ל וכוחות הביטחון שימשיכו לשקוד על שלום כולנו גם בחג״ "
שנה טובה מצעירי ישראל ביתנו לכל בית ישראל 

"השתתפתי הערב באירוע לציון 70 שנה לאגף המודיעין בצה""ל. כל מילה מיותרת. תמשיכו לעשות את העבודה שלכם כפי שאתם עושים בהצטיינות 70 שנה "
"שנה טובה לחיילי צה""ל. עם ישראל אוהב אתכם! "
"ביקרתי היום בפעם השלישית בחודש האחרון בתרגיל צבאי בצפון. יש לנו כוח מתמרן מוכן, דרוך ונחוש לקרב. שמחתי לראות את המוטיבציה של החיילים שלנו. אנחנו עוקבים אחרי השינויים האזורים ולא מאחלים לאף אויב להתקל בכוחותינו בשדה הקרב. "
סיירתי היום בצפון בישובים הנפלאים שלנו ליד הגדר. אנחנו משקיעים 220 מיליון שקל במיגון של ישובים עד 9 קילומטר מגבול לבנון. במקביל אנחנו בוחנים כל הזמן את העיצוב מחדש של סוריה.  כל ההסכמות שם לא רלוונטיות מבחינתנו. נשמור על האינטרסים הבטחוניים שלנו. 
"סיכמנו לרכוש  מ'תעש מערכות' במאות מיליוני שקלים רקטות חדשות ומדויקות. אנחנו הופכים את צהל לחזק יותר, מגוון ומתוחכם יותר. "

"Today I met @AmbJohnBolton. Israel has the benefit of a very supportive US President and administration who provide us with the backing necessary to confront our enemies north and south. Thank you, John, for your contribution to Israel's national security. "

"ביקרתי הבוקר יחד עם הרמטכ""ל ומפקד פיקוד צפון בתרגיל שריון ברמת הגולן. התרשמתי מהמוטיבציה של החיילים ומהרמה המקצועית הגבוהה של החיל שבתקופתי שיעורי הגיוס שלו קפצו פי 3. אנחנו רואים שצבא סוריה נבנה מחדש. חיל השריון הוא כוח המחץ שלנו וידע להגן על הגבול בכל תרחיש. "
אנחנו ממשיכים בעבודות אינטסיביות להקמת המכשול היבשתי והימי סביב עזה. חמאס מאבד כל יום מהיכולות שלו לפגוע בישראל. נמשיך להגן על אזרחי ישראל כשצריך בעוצמה וכשצריך בחוכמה. 
סיירתי הבוקר במערך בהגנה האווירית בצפון.  פגשתי גם את סרן אור נעמן שהייתה אחראית ליירוטים מוצלחים בשבועות האחרונים. האנשים כאן עושים עבודה יוצאת מן הכלל.  אנחנו לא נתערב בענייניה של סוריה אלא אם א. תפר את הסכם ההפרדה מ-74 ב. תשמש בסיס איראני קדמי ג. תאפשר העברת נשק לחיזבאללה. 
"השתתפתי הערב בטקס סיום קורס חובלים. יורדי הים הנועזים, אנשי הברזל שלנו, מוכנים בכל רגע נתון לכל משימה. אתם ערוכים גם בים סוף, גם בצפון וגם בדרום. ערוכים למערכה בכל החזיתות בו זמנית, מוכנים לתת מכה קשה לאויב. "
"מר גבאי, מה שלום העוזרת? היא לא יכולה לסדר לך מסמך מזויף ממלמ""ב שאתה ראש ממשלה ותשחרר אותנו? 

אגב איגור מבקר בארץ לעתים קרובות אשמח לסדר לך פגישה אתו "
"קיימתי עכשיו עם הרמטכ""ל, מפקד הפיקוד, המתפ""ש והשב""כ, דיון הערכת מצב בפיקוד דרום. צה""ל מוכן לכל תרחיש. "
"ביקרתי הבוקר בבית החולים סורוקה את סגן בר וקנין, שנפצע בשבוע שעבר מירי מחבלים בגבול רצועת עזה ושמחתי לראות שהוא מתאושש. אמרתי לסגן וקנין ולהוריו: בסוף צה""ל מגיע לכולם. כפי שהבטחנו למשפחתו של רונן לוברסקי ז""ל שנמצה את הדין עם מי שפגע בו, גם הפעם נגיע למחבל ונסגור איתו את החשבון. "
"הערבות ההדדית היא מקור כוחנו. זה חייל  המילואים שעוזב את המשפחה וזה הישראלי שמגיע עם המשפחה לחזק חבלי ארץ שסובלים מהאויב.  הגענו היום לאור הנר וברור חיל, כל סיעת ישראל ביתנו. בואו לחזק את עוטף עזה. החמאס רוצה לשתק אותנו אבל אנחנו נגיע בהמונינו לבלות, לטייל ולאכול. "
התראיינתי היום לאתר אלמונסק @CogatArabicהמסר שלי לתושבי עזה: הבחירה בידכם. אנחנו יכולים להיות השותפים שלכם להפיכת עזה לסינגפור של המזרח התיכון. אם ההנהגה שלכם לא מוכנה תחליפו את ההנהגה. 
"שוחחתי הבוקר עם הרמטכ״ל ואלופי צה""ל בישיבת המטה הכללי. הכדור כעת בידיים של החמאס והאחריות לכל מה שיקרה מעכשיו ואילך היא עליהם. אנחנו עומדים במטרות שהצבנו לעצמנו: למנוע שיגור עפיפונים וחיכוך על הגדר, ולהמנע ממלחמה מיותרת. אנחנו לא מורתעים ממערכה מול חמאס. אם נצטרך אנחנו ערוכים. "
ביקרתי הבוקר במסוף כרם שלום. תושבי עזה חייבים להבין שכל עוד בצד שלנו יש בלוני תבערה גם בצד שלהם החיים לא יחזרו לשגרה ונורמליות. אתמול היה שקט ואם זה ימשך עד יום שלישי כרם שלום יחזור לפעול כרגיל. 
"התחלנו לשפץ 321 מקלטים בצפון במסגרת תוכנית ""מגן העורף"" שיזמתי לטיפול במיגון הצפון. אחרי המקלטים נבנה אלפי ממ""דים לאזרחים, נמגן מרפאות גני ילדים בתי חולים ונחזק מבנים. עובדים. "
"ביקרתי בצהריים באוגדת עזה עם ראש הממשלה והרמטכ""ל. דנו בהתמודדות עם טרור החמאס. מה שמנחה אותנו זה קור רוח ועצבי ברזל ולא לחץ תקשורתי "
"ביקרתי הבוקר בתרגיל של אוגדה 162 בפיקוד דרום. התרשמתי מהמקצעויות של החיילים. הם ערוכים לכל תרחיש, בצפון, בדרום, במלחמה ובשגרה. צה""ל יודע מה לעשות איך לעשות ומתי לעשות. אנחנו נקבע כללי המשחק ולא אף אחד. "
"סיימתי סיור עם מפקדי צה""ל בצפון. נקפיד על כל פסיק בהסכם ההפרדה בין ישראל לסוריה מ1974. כל חייל סורי שידרוך באזור החיץ מסכן את נפשו. נפעל בעוצמה נגד כל תשתית טרור שנזהה באזור וגם המשטר ישלם מחיר כבד על עצם שיתוף הפעולה. "
"איתי בטקס סיום קורס הטיס בבסיס חיל האוויר בחצרים, נמצאים הוריו ואחיו של לוחם דובדבן סמ""ר רונן לוברסקי ז""ל, יחד עם שלושה מחבריו ליחידה שלכדו את המחבל המתועב שפגע בו. למרות האסון הכבד, רוחם לא נפלה והם מדי יום מפגינים אומץ ונחישות למען העם והארץ וביטחון במדינת ישראל. אני מצדיע לכם. "
"הערב הענקנו את פרס ביטחון ישראל לטובי המוחות שלנו, שהמצאותיהם שינו את המציאות הביטחונית. אחד הפרויקטים הוא הטכנולוגיה היחידה מסוגה בעולם לגילוי המנהרות. לקחנו לחמאס את הנשק האסטרטגי שלו, שבאמצעותו איים לחטוף ולהרוג חיילים וילדים. רבים מתושבי ישראל חייבים לגאונות שלכם את חייהם. "
אני פונה כאן לאזרחי איראן - לאן הולך הכסף שלכם? 
"הערב זכיתי להעניק יחד עם הנשיא והרמטכ״ל תעודות הצטיינות ליחידות מילואים. הרגעים הכי מהנים בתפקיד שר הביטחון הם בחברת אנשי המילואים. אנשים שערכי הארץ ותחושת המחוייבות שלהם לכלל היא במקום ראשון, יותר מהמשפחה, העסק או הלימודים. אלה הגיבורים של החברה הישראלית, היסוד שלה וכוח עוצמתה. "
סיימתי כעת בניקוסיה מפגש משולש עם שרי ההגנה של יוון וקפריסין. מדינותינו משתפות פעולה לנוכח איומי הטרור הקיצוני שמתאמצים לערער את האזור. נמשיך להעמיק את היחסים החבריים בפסגה הבאה שאארח בישראל. 
"אחרי טקס סיום קורס הקצינים הודיתי לרנ""ג יצחק טאיטו האגדי, הרס""ר של בה""ד אחד, בשם חיילי ומפקדי צה""ל לדורותיהם. טאיטו הוא איש עם נשמה מיוחדת ואהבה עצומה לחיילים שיש לו חלק גדול בכל דור ודור של קציני צה""ל הנפלאים. "
"אנו מתמודדים בו זמנית מול טרור בלתי פוסק - מערכות הגנ""א, טילים ארוכי טווח ועפיפונים של האויב, המכוונים אל מרכזי האוכלוסייה בישראל. האתגרים העומדים בפניכם מורכבים ביותר. אין לי ספק מה תהיה התוצאה הסופית. ועל מה שהיה אתמול יש לי רק שלוש מילים לחמאס – זו היתה טעות. "
"היום לפני 40 שנים עליתי לישראל והתחלתי לעבוד כסבל בנתב""ג. הבוקר סגרתי מעגל, כשחציתי את הכביש והגעתי כשר הביטחון לברך את עובדי התעשייה האווירית על פלא היצירה: המל""ט הישראלי שזכה במכרז בגרמניה. 40 שנים אחרי, ישראל היא ארץ האפשרויות הבלתי מוגבלות. יותר אמריקה מאמריקה "
"עם חיילי חטיבת כפיר, דתיים חילונים וחרדים שסיימו היום מסע כומתה. מחנה אחד. מחנה של כל בני ישראל. לא מקנא באויב שיפגוש בכם. "
"תוך 31 יום ברזיל אלופת העולם
"
אף אחד לא חסין ואף מחבל מתועב לא יחמוק מזרועותיה של מערכת הביטחון. אני שולח שוב את תנחומיי למשפחת לוברסקי היקרה. נמצה את הדין עם המחבל. 
"לפני שנתיים, אתם, אזרחי ישראל, נתתם בי את אמונכם שאכהן כשר הביטחון. זו הזדמנות לעדכן אתכם בכמה הישגים שהשגנו. "
"נפרדתי היום בנתב""ג ממשלחת של נכי צה""ל שיוצאים לטפס על המאצ'ו פיצ'ו בפרו במסגרת מיזם שיקומי של אגודת ידידי צה""ל. אנחנו אוהבים אתכם, מאמינים בכם, מתפעלים מתעצומות הנפש שלכם ומעריכים עד אין קץ את ההקרבה שלכם. אתם גיבורים! בהצלחה במסע "
שכל הפרשנים יצעקו ויצרחו. בלי השבויים והנעדרים לא יהיה שום פתרון בעזה 
"המחבלת חנין זועבי נמצאת בכנסת ומקדמת טרור נגד חיילי צה""ל ואזרחי מדינת ישראל רק בגלל שחברי הכנסת מהמחנה הציוני, יש עתיד והמפלגות החרדיות, מסרבים לחתום על הצעתו של ח""כ עודד פורר להדיח אותה על פי חוק. אני מבקש מכם להיכנס לאתר ולכתוב לכל הח""כים. "
סיימתי כעת במוסקבה פגישה עם שר ההגנה הרוסי סרגיי שויגו. מדינת ישראל מעריכה את ההבנה של רוסיה לצרכינו הביטחוניים ובמיוחד למצב בגבולנו הצפוני. נמשיך בדיאלוג עם רוסיה בכל הנושאים שעל הפרק. 
"יוצא כעת לביקור עבודה ברוסיה ומחר אפגש עם עמיתי, שר ההגנה סרגיי שויגו. המיקוד העיקרי של מערכת הביטחון היה ונותר מניעת התבססות של איראן וגרורותיה בסוריה. "
"היום התחלנו בהקמת מכשול ימי יחיד מסוגו בעולם, שיחסום את האפשרות לחדור מעזה לישראל דרך הים. זה סיכול נוסף לחמאס שיאבד עוד יכולת אסטרטגית, שבפיתוחה השקיע סכומי עתק. נמשיך להגן על אזרחי ישראל בעוצמה ובתחכום. "
"סיירתי היום ביהודה ושומרון ביחד עם המפקדים המצויינים של צה""ל. עמדתי מקרוב על ההיערכות לחג הרמאדן. צה""ל והשב""כ כל יום מצליחים למנוע פיגועים, בתקופה הלא פשוטה הזאת. בחנתי גם את הפרמטרים הכלכליים. ביו""ש יש פריחה כלכלית, ובעזה ירידה. הבעיה של תושבי עזה היא לא ישראל, אלא הנהגת חמאס. "
"בסוף השבוע הארוך והשרבי הזה אנחנו חושבים באהבה רבה, בתודה ובהוקרה על חיילי צה""ל הגיבורים והאמיצים שמגינים עלינו בכל יום ובכל מזג אוויר. חיילים יקרים, כמו שאתם מגינים עלינו מפני טרור החמאס, אנו נגן עליכם מפני ועדות חקירה בינ״ל וכנופיות הצבועים שפועלות נגד ישראל. עם ישראל אוהב אתכם "
"באתי להגיד לכם תודה בשם כל עם ישראל. אל תקשיבו למקהלת הצבועים בעולם. עמדתם במשימה לא לפגוע בריבונות ישראלית,  גם מקצועית, גם נורמטיבית ושמרתם על התושבים. אנו יכולים רק לדמיין מה היה קורה אם המחבלים האלו היו פורצים לאחד הישובים. חובתנו למנוע מהם להגיע לשטח ישראל ולפגוע בנו. "
"התייחדנו היום עם חללי מלחמות ששת הימים וההתשה. לנצח נוקיר את החללים ששילמו בחייהם כדי שנקבל את הניצחון הגדול. היום, בדיוק כמו אז, הקהילה הבינל טומנת את ראשה בחול אל מול המשטרים הרצחניים במזרח התיכון. אנחנו יכולים רק לסמוך על עצמנו ועל אומץ ליבם של הנופלים למעננו. יהי זכרם ברוך "
ממשיכים להשמיד את פרויקט מנהרות הטרור של החמאס 
"ביקרתי הבוקר בבית קפה בקצרין יחד עם ידידי ראש העיר דימטרי אפרצ'ב וראש המועצה האזורית אלי מלכא. מזג האוויר מושלם, המסעדות נהדרות, התושבים מכניסים אורחים. צאו לטייל בצפון בשבת ותהנו מחבל הארץ הזה "
"כשהרס""ר המיתולוגי של צה""ל מבקש ממך סלפי אני מיד מתייצב "
נמאס להיות פראיירים. עוצרים את תשלומי הרש״פ למחבלים רוצחים ומשפחותיהם 
"אחרי בוקר של דיונים בקריה על ציונות  וחדשנות, הצגתי למייסד עליבאבא, ג'ק מא, את הסטארטאפ הישראלי של כל הזמנים. "
"9.2 מיליארד דולר בשנה! בתוך שנתיים הקפצנו את היצוא הביטחוני בעשרות אחוזים לשיא כל הזמנים. כל הכבוד לאגף היצוא הביטחוני (סיב""ט) ולתעשיות הביטחוניות. ההישג הזה יאפשר לנו להגדיל את תקציבי המחקר והפיתוח, לייצר מקומות עבודה חדשים ובעיקר להבטיח את עליונותו של צה""ל לשנים קדימה. "
"שמחתי לפגוש אתמול בפנטגון את מזכיר ההגנה ג'יימס מאטיס. הוא ידיד אמת של ישראל וקשוב לצרכים שלנו
"
האיום הגדול ביותר על היציבות במזרח התיכון הוא האיום האיראני. אמרתי היום לשר ההגנה מאטיס שאנו מעריכים  את שיתוף הפעולה יוצא הדופן של ארה״ב בהנהגת הנשיא טראמפ ושאני מקווה שנתרגם את תוצאות הפגישה לצעדים משמעותיים על הקרקע 
"סיימתי את פגישתי בבית הלבן עם היועץ לביטחון לאומי. ג'ון בולטון הוא ידיד נאמן של מדינת ישראל. אני שמח שהאמריקנים רואים איתנו עין בעין את המצב במזרח התיכון ומודה להם על תמיכתם בישראל בתקופה רגישה זו.

צילום: אריאל חרמוני, משרד הביטחון "
"נפגשתי אמש בבניין הקפיטול עם חברי הועדה לשירותים מזויינים של הסנאט. הודתי לסנאטורים (כאן עם ג׳ים אינהוף) על תמיכתם בשימור היתרון האיכותי של צה""ל ובמיוחד בתוכנית ההגנה מפני טילים  שמחתי לפגוש ידידים של ישראל שדואגים לבטחוננו. היום אבקר בפנטגון ואפגוש את ידידי שר ההגנה ג'יימס מאטיס "
"סיימתי היום סיור בעוטף עזה. פגשתי את החיילים ואת המפקדים. הם מבינים היטב את המשימה, הם נחושים והם האנשים הטובים ביותר שעם ישראל יכול לסמוך עליהם. בזכות פעילות צה""ל, משבוע לשבוע יש ירידה במספר המשתתפים בהתפרעויות. אנחנו ממשיכים להיערך לכל תרחיש, גם בעזה וגם בצפון. "
כבר חשבתי שהטקס יימשך עד יום העצמאות ה-80... 
"אמרתי היום בטקס הזיכרון בבית העלמין הצבאי בקריית שאול. ""איננו מחפשים הרפתקאות. אבל לצערנו, האיומים לפגוע ולהשמיד את מדינת ישראל לא נפסקים. עצתי לשכנינו - קחו את זה בחשבון וברצינות. לא תוכלו לנצח אותנו. סוד כוחנו הוא בעם המופלא הזה, במי שטמון כאן, שמסרו את הנפש למען מדינת ישראל"". "
"בחרתי הערב באירוע ""שירים לזכרם"" דברים שכתב רס""ן אלירז פרץ שנפל בקרב במרץ 2010. ""צריך לתת הכל. אם אתה אוהב, אתה אוהב עד הסוף. אם אתה חבר, אתה חבר עד הסוף. ואם אתה בצבא, אתה שם עד הסוף. זה מסירות נפש"". אלירז הוא סמל הנחישות, שהיא סוד הקיום שלנו כאן מול אויבנו. לא נכנע ולא נוותר. "
"בין יום הזיכרון לבין יום העצמאות, ערב שנת ה70 למדינת ישראל. לא נשכח בזכות מי אנחנו כאן ולא נשכח מה השגנו. "
הצלף צריך לקבל צל״ש. הצלם  טר״ש. 
"הדלקתי היום את הנר הוירטואלי הראשון לזכרם של חללי מערכות ישראל באתר ההנצחה הממלכתי ""יזכור"" של משרד הביטחון. תמיד נזכור אתכם יקירינו, יקירי האומה כולה, בזכות אומץ ליבכם וגבורתכם. אני מזמין את כלל הציבור להנציח את הנופלים ולהדליק נר לזכרם.  "
"שוב צהל ושירות הביטחון הכללי מנעו פיגוע טרור נגד כוחותינו. האתגרים בגבול עזה מגוונים ומורכבים. לעם ישראל יש על מי לסמוך. אני מקווה שהפעם חברינו מהשמאל לא ידרשו ועדת חקירה.
"
"אחרי שבליל הסדר לא יכולתי להיות עם המשפחה, שמח להשלים פערים עם הבן עמוס וחברים. חג שמח לכולם "
"המתפ""ש @COGATHebrew הוא גוף חשוב עם משימות ואתגרים רבים, בייחוד בימים אלה. אני רוצה להודות למתפ""ש היוצא האלוף פולי מרדכי שהיה משרד חוץ של איש אחד ולברך את האלוף כמיל אבו רוקון שנכנס לתפקיד רגיש. כמיל ישראל זקוקה לך! "
"על מסורת לא מוותרים גם בימים עמוסים. כבכל שנה ערב ליל הסדר, קיבלתי מצות שמורות מאיש חב""ד, ידידי לוי אדרעי.  אני מנצל את ההזדמנות ושולח באמצעותו את ברכותי לאלפים הרבים שיסבו בליל הסדר שעורכים שלוחי חב״ד בארץ ובעולם. 
חג שמח וכשר לכולם. "
"רבים שואלים אותי, ליברמן, למה יש לך פלאפון כזה ישן "
"עם דמיון חופשי ואנרגיות טובות של החלמה ליצחק קלפטר האהוב 

"
"שמח לצרף את הפלייליסט: שירים שאני אוהב לשמוע אחרי משברים פוליטיים
"
ביקרתי הבוקר בתרגיל העורף הלאומי כדי להמשיך להכין את המדינה למצב חירום. נמשיך לדאוג למדינה גם במשרד הביטחון וגם בהצבעה בכנסת. 
"הקבינט אישר הערב את התוכנית שגיבש משרד הביטחון לצה""ל להצטייד במאות נגמשי ""איתן"" ולפתח את התותח העתידי של צה""ל.  ה""איתן"" יהיה הנגמ״ש הגלגלי המתקדם בעולם. אנחנו נמשיך לחזק ולפתח את צה""ל שהוא הצבא החזק והמתקדם באזור. מייעץ גם לאויבנו להבין זאת "
משנכנס אדר מתגייסים בשמחה. פורים שמח! 
"ימים ביטחוניים- מדיניים עמוסים במשרד הביטחון. אתמול והיום פגשתי את שרי ההגנה של רומניה ויוון, ידידות קרובות ושותפות של ישראל "
"כוחות הביטחון עובדים קשה כדי שנוכל לחגוג את חג הפורים בשקט

בתמונות הבוקר בחברון "
"'אופק רחב' הוא הביטוי לביטחון הכלכלי שאנחנו מיישמים בכל רחבי הארץ, בדגש על הפריפריה בצפון ובדרום

"
אשרינו שזכינו בהכרתה של הגדולה בידידותינו בירושלים עיר בירתנו הנצחית 
אנו גאים בפצועים שלנו ונסגור את החשבון עם מניחי המטען ושולחיהם 
חמאס משתמש באזרחי רצועת עזה כתחמושת חיה. אנחנו לא נבוא במקומם. נקודה. 
"באוניברסיטה העברית למדתי שהפרמטר הכי חשוב למדידת עוצמה של מדינה הוא החוסן הלאומי. היום ביקרתי בקריית שמונה יחד עם האלוף במיל' אודי אדם, מנכ""ל משרד הביטחון שתורם רבות לחיזוק הפריפריה ב-3 מפעלים ביטחוניים שמעסיקים מאות אנשים ומחזקים את החוסן הלאומי. "
הערב 
דיוויד פרידמן אתה ידיד אמת של ישראל 
מדינת ישראל מחוייבת להגן על מי שנפגע מעבירות מין ואלימות חמורות בצה״ל. סיכמתי היום עם שר האוצר שנממן במשותף הקמת מערכי סיוע צבאיים ומערכת מחשב ייעודית למעקב וניהול הקשר עם הנפגעות והנפגעים. 
"היום, טו בשבט תשע""ח, הוריתי להקים מנגנון פיצוי כספי לחקלאי 'עוטף עזה', שנאלצים להפסיק את עבודתם כתוצאה מהמצב הביטחוני. בשנת 2018 החקלאים הזכאים על פי המתווה יטופלו ב'מסלול ירוק', ללא ביורוקרטיה. "
"זכיתי לבקר היום עם הרמטכ״ל בכור ההיתוך של צה״ל ולפגוש את הפצ""ר ואת דור העתיד של הפרקליטות הצבאית . אנסטסיה שעלתה מרוסיה, רבקה מקירגיסטן, י' יהודיה-בדואית, אברהם מאתיופיה. צעירים מבריקים שנותנים לצה״ל את הכלים והגיבוי המשפטי להלחם בטרור. זו בעיני הגשמת החזון הציוני. "
"מודה ועוזב ירוחם
 "
"ברכותיי החמות לאחינו הדרוזים החוגגים את חג אלח׳אדר הוא אליהו הנביא. יחד עמכם אנו מייחלים שיבוא במהרה לשים שלום בעולם.
בתמונה עם אחי וחברי הדרוזים שיח מוואפק טריף, מנהיגה הרוחני של העדה וח״כ חמד עמאר. "
"הבוקר נפגשתי עם חיילים בודדים שעלו לישראל במיוחד כדי להתגייס לצה""ל. מניו-יורק לעזה, ממוסקבה לחברון, מפריז לגבול לבנון. עם מבטא כבד, אהבה ומחויבות בלתי מתפשרת למדינת היהודים. 1,700 חיילים בודדים מקולומביה, אוסטריה, צרפת, רוסיה, ארה""ב ואוקראינה. כולם למען מדינת ישראל. עם ישראל חי! "
"אתמול סיירתי בשדה התעופה 'רמון' הנבנה ליד אילת. התרשמתי מהעבודה הנהדרת שצה""ל ומשרד הביטחון עשו פה. הוקמה פה מעטפת ביטחונית חכמה להגנה על מטוסי נוסעים שאין כמותה בעולם. מערכת הביטחון ערוכה לפתיחת שדה התעופה רמון ואני מקווה שייפתח במהרה "
"זכיתי להשתתף היום בתרגיל מרשים של חיל האוויר וטסתי במטוס שמשון. לחיל האוויר שלנו יש יכולות מבצעיות מהטובות בעולם ומשרתים בו טובי בנותינו ובנינו מכל גווני הקשת החברתית, ותיקים, עולים, דתיים, חילונים וחרדים. כולם מחוייבים למשימה אחת - לנצח בכל מערכה. יישר כוח לחיל האוויר "
"חוק המרכולים מפלג את החברה הישראלית ופוגע בחוסן הלאומי. הגעתי הבוקר עם שרת הקליטה, סופה לנדבר, לערוך קניות באשדוד ולהביע תמיכתנו באוכלוסייה החילונית ובבעלי העסקים. ישראל ביתנו מתנגדת לכפייה דתית! "
"ביקרתי הבוקר בבית החולים רמב״ם את לוחמי הימ״מ שנפצעו בג׳נין, חבר'ה מהטובים ביותר שיש לנו. התמלאתי השראה מהמורל הגבוה שלהם ומהמוטיבציה לשמור על ביטחון ישראל. המחבל שנמלט חי על זמן שאול. נשיג אותו ונסגור איתו חשבון. "
"הבוקר מיניתי את אסף זהר ליועץ התקשורת של שר הביטחון. אסף הוא האיש המתאים למשימה המורכבת. בהצלחה!

בתמונה בסיור עם אסף "
"ברכותיי החמות לסא""ל טולי, מפקדת טייסת תעופה הראשונה, שעשתה היסטוריה בחיל האוויר. לתפארת מדינת ישראל!
@YehoshuaYosi "
"היום השתתפתי בטקס האזכרה לזכרם של 69 הגיבורים שלנו, חללי אח""י דקר שאבדה בים התיכון ב-1968. נזכרתי איך כילד בקישינב נצמדנו לקול ישראל ברוסית ועצרנו נשימתנו עם כל ידיעה. כל יהודי ברית המועצות דיברו בלחש על הנושא. הההשתתפות בהספד כשר ביטחון של ישראל היא סגירת מעגל כואבת ומרגשת כאחד. "
"מילה זו מילה! 600 מיליון ש״ח לקצבאות זקנה ו-150 מיליון ש״ח למיגון יישובים בצפון. כוחנו באחדותנו
@KahlonMoshe 
"
ישראל ביתנו נגד חוק המרכולים! 
"מחבל חמאס סעיד בדארנה שוחרר בעסקת שליט לאחר שהורשע בשני פיגועי תופת, שעליהם אמר השופט אל""מ (מיל') עודד פסנזון בראיון בשנת 2016 ""ראש המכון הפתולוגי הציג לי תמונות מזעזעות של הקורבנות עם מסמרים נעוצים בחלקי הגופות...גזר דין מוות ירתיע מחבלים אחרים...נדרש סוף סוף לעשות עם זה משהו”. "
חוק עונש מוות למחבלים עבר בקריאה טרומית. הצעד הראשון ננקט כדי שנוכל לעמוד במילתנו למשפחות השכולות ולמצות את הדין עם המחבלים המרצחים בני העוולה. דם יהודי אינו הפקר 
"גבעתיים מסמנת את ניצחון חופש הפרט על כפייה דתית. שמח להתחיל את 2018 באקורד אופטימי!
"
"נגמר הניצול. הממשלה אישרה את ההצעה של שרת המשפטים ושלי: בעלי חוב פלסטיניים יטופלו בחומרה הנדרשת וישלמו את חובותיהם לפני שיורשו להכנס לישראל.
@Ayelet__Shaked 
"
נובי גוד שמח! 
"מקום 10 ברשימת 100 המשפיעים של מעריב לשנת 2017. זכות גדולה היא לי להיות שר הביטחון ולשרת את עם ישראל. בוודאי שגם ננצח!
@BenCaspit "
"עונש מוות נועד להעניש וגם להרתיע. כל עוד רוב גורף בקבינט והיועמ""ש מתנגדים לשינוי המדיניות בנושא עונש מוות למחבלים, הדרך היחידה לגזור עונש מוות היא באמצעות חקיקה. הטיעונים נגד לא מסתדרים עם ההיגיון הפשוט שלי.
"
"חיל האוויר הישראלי מצטיין באיכויות האנושיות הנפלאות של טייסינו ובחדשנות טכנולוגית - כטב""מים, כפת ברזל, קלע דוד, שרביט קסמים. בוגרים ובוגֶרֶת קורס 175 העזים והטובים, אבירי הרוח בעבים, כאן מתחיל מַסלול ההמראה ממנו תצאו לִמְשימוֹת הַבִּיטָחון הַחֲשוּבוֹת בְּיותר לישראל. עלו והצליחו! "
"היום יוכרע דינו של המחבל שרצח בדם קר את שלושת בני משפחת סלומון בישוב חלמיש. גזר דין מוות הוא העונש היחיד ההולם מעשה שפלות שכזה. אני קורא לשופטים להפגין אומץ ולהטיל על המחבל גזר דין מוות. דם יהודי איננו הפקר! אין מקום למחבלים, גם לא בבתי הסוהר.
"
"ערכתי הבוקר ביקורת חוזרת בחטיבת השריון 460 בבסיס ההדרכה שיזפון. אני רוצה להביע תודה והערכה למפקד מז״י, לקשנ״ר ולמפקד החטיבה על המאמץ גדול שעשו בזמן קצר לשיפור משמעותי של תנאי המשרתים והעלאת המוטיבציה. יישר כוח! "
"ביקרתי הבוקר עם הרמטכ""ל ואלוף הפיקוד בדרום. נפעמתי מאיכות המג""דים והמח""טים, בעלי משפחות ותפקידי מפתח בהייטק, שעזבו הכל כדי לשרת את המדינה. ריגש אותי במיוחד סמג""ד רותם ליברמן שלפני שבועיים נולד יאיר, בנו השלישי, בזמן שהוא משרת ומנהיג את חייליו. המילואימניקים הם הנשק האמיתי של צה""ל "
"צודקות גבעתיים, ראשל""צ, הרצליה, חולון, רמת גן וערים נוספות. הפעילות במרחב הציבורי בשבת היא עניין לשלטון המקומי בלבד. ישראל ביתנו עומדת לצידו של יו""ר מרכז השלטון המקומי, חיים ביבס. כן למסורת, כן לערכים יהודיים. לא לכפייה דתית.
"
"ברכותיי החמות לחג מולד שמח לבני העדות הנוצריות ובמיוחד לאחינו החיילים הנוצרים המשרתים בצה״ל באומץ ובגבורה ומוכיחים שדו קיום בין בני דתות שונות אפשרי, רצוי ואשרינו שאנו יכולים להתברך בו. "
"הוקרתי לגואטמלה, ידידת אמת של ישראל, על החלטתה להעביר את שגרירותה לבירתנו הנצחית ירושלים. מול עולם אנטישמי וצבוע גילה נשיא גואטמלה ג׳ימי מוראלס אומץ לב וחוסן מוסרי.
@jimmymoralesgt "
"האו״ם הוא ארגון שנע ללא מצפן וללא מצפון. ארגון שקם כדי להגן על שלום העולם, אך לא מנע ולא ימנע אפילו מקרה אחד של השמדת עם. ההחלטה אמש היא פגיעה חמורה נוספת בכל מי שזכויות אדם וערכי חופש ודמוקרטיה יקרים לו, שעליהן ארצות הברית,  ישראל וידידות האמת שלהן בעולם החופשי ימשיכו להגן. "
"נזכור שזה האו""ם שעליו אמר שגרירנו הראשון באו""ם,  אבא אבן ז""ל: ""אילו הגישה אלג'יריה הצעת החלטה האומרת כי כדור הארץ הוא שטוח וישראל היא ששיטחה אותו, היתה ההחלטה עוברת עם 164 קולות בעד, 13 נגד ו-26 נמנעים"". באו""ם אין כל חדש. טוב שארה״ב היא המגדלור המוסרי המאיר לנו מתוך השחור! "
"מברך את היועמ""ש אביחי מנדלבליט על הצטרפותו לתביעה נגד מוחמד בכרי בעניין ""ג'נין, ג'נין"" – שקרים עובדתיים במסווה סרט דוקומנטרי, שנועדו להסית ולהפוך את חיילי צה""ל, ובעקיפין את כלל היהודים, מטרה לשנאה ופורענויות שהביאו עלינו עלילות הדם בכל הזמנים. חובת ישראל למנוע זאת היא צו הדורות! "
במדינה מתוקנת רק בית המשפט פוסק אם אדם אשם או זכאי. הנורמה החדשה להרשיע בני אדם בתקשורת פסולה מן היסוד. כל עוד אדם לא הורשע בבית משפט חזקת החפות עומדת לכל אחת ואחד. שלטון מחליפים בקלפי! 
"הנשיא טראמפ מוכיח שוב את בהירותו המוסרית. הכרזתו שהטרור, ולא ישראל, הוא הבעיה במזרח התיכון, באה בעיתוי הולם מאוד - ""זאת חנוכה"", היום האחרון של חג האורים. ""מעט מן האור דוחה הרבה מן החושך"".
"
"הרגולטורים הכושלים - שמטיפים לנו על פלורליזם ותקשורת חופשית - חונקים את ערוץ 20 בכוונת מכוון. עם ישראל זקוק לתקשורת חופשית ומגוונת, במיוחד תקשורת לאומית אוהבת ישראל. 
די לסתימת הפיות על ידי התשקורת. 
לא תהיה חזרה על סגירת ערוץ 7! "
"כשר ביטחון אני זוכה ללא מעט רגעי זכות, אחד התרחש הערב כאשר יחד עם אשתי אלה, הדלקנו נר שמיני עם לוחמי היחידות המיוחדות והלוט""ר האמיצים והמצוינים! אמרתי להם: אנו מגבים את כל החיילים בכל המקרים. מי שצפה בתקרית אתמול מבין שצה""ל הוא צבא מוסרי ואנו נמצה את הדין עם המחבלים והפרובוקטורים "
"מי שפוגע בחיילינו בבוקר נעצר בלילה!
"
"בדרך הביתה, אשתי האהובה אלה יחד עם שכנינו בישוב נוקדים החליטו להוקיר תודה לחיילים המדהימים ששומרים עלינו והטילו עלי להביא פיצות. הדלקנו יחד נר שישי והיה פשוט מרגש
תודה לישראל בן אלי על התמונות "
"החלטתי למנות את תא""ל (מיל') כמיל אבו-רוקון למתאם פעולות הממשלה בשטחים. אבו-רוקון, בן העדה הדרוזית הוא מומחה לזירה הפלסטינית. התרשמתי מידיעותיו ומניסיונו הניהולי ואני סבור שאין מתאים ממנו לתפקיד חשוב ורגיש זה. אבו-רוקון יועלה עם מינויו, לאחר יום העצמאות, לדרגת אלוף. "
"זכיתי להדליק הערב נר שלישי של חנוכה יחד עם 80 לוחמים חרדים המשרתים ביחידות נצח יהודה, תומר וחץ ומשמשים מופת והשראה לחיים יהודיים בארץ ישראל "
"אני מלא הערכה לתושבי עוטף עזה על עמידתם האיתנה והמשך השגרה על אף ירי הטילים. אנחנו יודעים מה לעשות, איך לעשות ומתי לעשות. הנחתי את צה״ל להיות מוכן לכל תרחיש. מקווה שתושבי עזה יכריחו את ההנהגה שלהם להשקיע את כל המאמצים והכספים בשיפור הכלכלה ולא בחפירת מנהרות וייצור רקטות. חג שמח! "
"ג'מאל זחאלקה, חבר כנסת במדינת ישראל אמר אתמול: ""דגל ישראל הוא בשבילי סמרטוט, אני יעדיף (השגיאה במקור) למות מאשר לשיר ההמנון הישראלי״. ח״כ זחאלקה מה אתה עושה כאן? סע לקטאר והצטרף לחברך עזמי בשארה "
"""לא ארץ נוכריה לקחנו ולא ברכוש זרים משלנו, כי אם נחלת אבותינו, אשר בידי אויבינו בעת מן העיתים בלא משפט נכבשה."" (שמעון החשמונאי לשליחו של אנטיוכוס). חג חנוכה שמח לכל עם ישראל!
בתמונה עם אלה אשתי היקרה ונכדי החמוד הדר לקראת זלילת סופגניות "
"אני בעד מסורת ישראל, אני בעד ערכים יהודיים ואני מתנגד בתוקף לכפייה דתית. כמו רוב אזרחי ישראל אני עושה קידוש בערב שבת ובשבת בבוקר נכנס לרכב ונוסע לטייל או לשחק טניס. בעזרת השם חוק המרכולים לא יעבור! 
בתמונה משחק טניס בשבת "
אני מקווה שבחודשים הבאים איום המנהרות על תושבי 'עוטף עזה' יהפוך לנחלת העבר. 
"התרגשתי מהכתבה ""תמיד ראשון: מסתער על היעד"" - אביחי שלי, עיוור וכבד-שמיעה, חתן התנ""ך העולמי לנוער, בוגר יחידת 8200, מנהל כספי לקוחות בנאמנות עיוורת. מעורר השראה.
"
"אדיר. 
יום היסטורי לחיל האוויר. לאחר שנה של תהליך קליטה נכנסו תשעת מטוסי ה""אדיר"", 
ה-F-35 לכשירות מבצעית. חיל האוויר שלנו הוא היחיד בעולם, מלבד האמריקני, שלרשותו עומדת פסגת הטכנולוגיה בתחום מטוסי הקרב. אני מברך את מפקד חיל האוויר וכל חייל וחייל על השדרוג הרציני לכוחותינו ביום זה "
"צה""ל פרסם היום את נתוני הגיוס הארציים ע""פ יישובים. שאפו לתושבי גבעת שמואל ומודיעין-מכבים-רעות עם 89.4% אחוז גויס. ושאפו ענק לנס ציונה, עם 91.1% אחוזי נשים מתגייסות!
בתמונה עם חיילים במחוה אלון "
"ביום ההוקרה לפצועי צה""ל ופעולות האיבה, הוקרתי והערכתי העמוקה נתונה לכם, נכי צה""ל הגיבורים. במאבקכם היומיומי אתם לנו מופת לגבורה ועוז רוח. אתם ההוכחה לנצחון הרוח על החומר. יפה כתב חן גוסלר ""אנחנו כאן אתכם ובזכותכם אנחנו כאן / ונישאר אתכם ביחד אין גבולות לזמן"". "
"לקראת הודעתו הצפויה של הנשיא טראמפ בעניין העברת שגרירות ארה""ב לירושלים, ביום רביעי הקרוב,  שימו לב לדברי הנשיא משנת 2016 - דברים שיוצאים מן הלב ונכנסים אל הלב! אני מקווה שנזכה לחגוג את ההודעה הרשמית לקראת חג החנוכה.
תודה ל@attilus על הארכיון!
"
"סיפורו של מרקו פיינגולד בן ה-104 ריגש אותי מאוד. במיוחד צניעותו - ״אני לא יוצא דופן ... ככה זה בעם ישראל״
"
כוחות הביטחון לא ישקטו עד שיניחו את ידם על המחבל שרצח את לוחם חטיבת הנח״ל סמל רון יצחק קוקיא הי״ד 
"אני יליד קישינב ידועת הפרעות. היום כשמציינים 70 שנים לכ""ט בנובמבר, אני חש חוב עצום לחיילי ומפקדי צה""ל לדורותיהם, שבזכות הגנתם המסורה  על בטחוננו יכולנו לכונן מחדש את ביתנו הלאומי בארץ ישראל ולחיות בה חיים של כבוד וחירות
בתמונה עם הוריי כילד בקישינב "
"התכבדתי לקחת חלק בטקס מרגש לציון 30 שנה לשחרור אסירי ציון בבית הספר התיכון 'מקיף יהוד'. זהו תיכון מרשים וגם אחוזי הגיוס של בוגריו הם מהגבוהים בישראל. יישר כוח!

צילום: דנה שרגא, משרד הביטחון "
"יום של עשייה בדרום: הנחת אבן פינה לשכונה לחיילים בדואים משוחררים, חנוכת כביש 31 המחודש לערד ומפגש עם ראשי המועצות בעוטף עזה. 
בזכות הביטחון הדרום בתנופת פיתוח.

צילום: עדן מולדבסקי, משרד הביטחון "
"מתוך ביקורי היום בתעשייה האווירית:
מדינת ישראל מתמודדת, יום יום, עם אתגרים חדשים ועם איומים חדשים, יותר קטלניים ויותר מסוכנים. על מנת להבטיח את ביטחונם של אזרחי ישראל קריטי לשמר את היתרון האיכותי. "
"לא רק ביחסי ישראל עם העולם הערבי, אלא באזור כולו. המזרח התיכון זקוק כיום, יותר מכל דבר אחר, לקואליציה של המדינות המתונות נגד איראן. הקואליציה נגד דאעש סיימה את תפקידה. אחרי דאעש איראן!

צילום: יעקב סער, לע""מ "
"שבת שלום וחג שמח לכל החיילות והחיילים, אחיותינו ואחינו האתיופים, שחוגגים את חג הסיגד. גאה ואוהב כל אחת ואחד מכן. יחד,  נגרום לכך שהכל יהיה בסדר!

"
"נתונים מטרידים יש לפעול להיפוך המגמה ולשיוויון מוחלט בין המינים 
"
"סיימתי עכשיו ביקור בן יומיים בגבול הצפון. כשאתה נפגש עם חיילי צה""ל אתה בטוח שיש על מי לסמוך. אנחנו משמרים חופש פעולה מוחלט. לא נאפשר התבססות שיעית איראנית בסוריה, ולא נאפשר להפוך את כל סוריה למוצב קדמי כנגד מדינת ישראל. מי שלא הבין את זה, כדאי שיבין. "
נפגשתי היום עם ראשי רשויות בצפון בנושא מיגון העורף: אנחנו עוסקים  בעניין שהוא 'נטו חיים'. פערי המיגון בצפון קריטיים. הייתי מצפה ממשרד האוצר לפעול ליישום החלטת הממשלה למיגון העורף ולא לטרפד אותה. זאת למרות הצורך הברור בחיזוק הצפון ולמרות שעבודת המטה והתכניות המפורטות הושלמו. 
"מחכה בקוצר רוח לאלבום החדש של מוריסי!
"
"נפגשתי היום עם מושל מיזורי החדש, אריק גרייטנס. במדינת מיזורי שבמרכז ארה""ב יש קהילה יהודית גדולה ויחסי מסחר ענפים עם מדינת ישראל. הפגישה עסקה באיום האיראני והטרור האיסלאמי שעלול לתקוף בכל זמן ובכל מקום, כפי שאירע בפיגוע הדריסה בניו-יורק בשבוע שעבר.&gt;&gt; "
"לראשונה קיימתי מפגש משולש עם שרי ההגנה של יוון וקפריסין
צילום: אריאל חרמוני, משרד הביטחון "
"מפגישתי עם נשיא יוון Prokopis pavlopoulos והנחת זר על קבר החייל האלמוני במרכז אתונה. 
יוון היא ידידה ושותפה חשובה של ישראל "
"בקרוב יוכלו חיילים וחיילות משוחררים למשוך את הפיקדון הכספי לו הם זכאים, לכל מטרה שהיא וללא מגבלה, בניגוד לנהוג כיום.
"
"החלטה ראויה! אין כל סיבה שהמדינה תפגע במרקם העירוני בתל אביב, ותכפה על תושבי העיר, ורוב האזרחים בישראל, אורח חיים שאינו על פי דרכם ורצונם. "
"""איכות האדם היא לפני הכל. ומה שאני מרגיש כאן היום, שיש לנו איכויות שאין לאף צבא אחר בעולם
(בטקס סיום קורס קציני יבשה בבית הספר לקצינים)"". "
"ממשיכים להוביל תהליך חברתי היסטורי! משרד הביטחון מוסיף לפנות בסיסים צבאיים ומתקנים ביטחוניים.
"
"גלי צה""ל בדרך לירושלים! סיירתי במוזיאון אסירי המחתרות בירושלים - הבית הבא של גלי צה""ל. בסיור הוצגו לי תוכניות העבודה
"
"RT @ChiefPentSpox: Yesterday, #SecDef Mattis met with @AvigdorLiberman, #Israel's Minister Of Defense, at the #Pentagon. "
"בפנטגון עם מזכיר ההגנה של ארה""ב, הגנרל ג'יימס מאטיס. ידיד אמת של מדינת ישראל, שהיחסים עימו הם דוגמא ליחסים העמוקים עם הממשל האמריקני בכלל. "
"Morning stroll in the White House with my friend, US National Security Advisor, General H.R. McMaster. "
"סיור של בוקר ברחבי הבית הלבן עם ידידי, היועץ לביטחון לאומי של ארה""ב הגנרל הרברט מק׳מאסטר. "
"ביקרתי היום במועצה האזורית מטה בנימין. תנופת העשייה והבנייה בהתיישבות ביהודה ושומרון נמשכת, ואנחנו עובדים בקצב שלא היה כמותו מאז שנת 2000. "
"עם שר ההגנה של רוסיה, סרגיי שויגו, ב""יד ושם"". "
"עם שר ההגנה של רוסיה סרגיי שויגו, הערב בקריה. בפגישה דנו בסוגיות האסטרטגיות האזוריות הרלוונטיות לשתי המדינות (ובתמונה: מפגש עם וטרנים). "
"צפו בראיון המלא לערוץ 2:

""נתמודד עם אירן גם ללא ארה""ב""
שר הביטחון ליברמן בתגובה לנאום טראמפ
"
RT @Channel2News: #חדשותסוףהשבוע | @AvigdorLiberman בריאיון ל-@danawt 
"RT @Channel2News: .@AvigdorLiberman ל-@danawt: ""כל המדינות המתונות באזור מבינות כי אירן מהווה סכנה קיומית"" | #חדשותסוףהשבוע "
"תודה לכם חיילי וחיילות צה""ל באוויר, בים וביבשה, שהייתם על המשמרת במהלך החגים ותמשיכו לשמור עלינו גם בעתיד. אני גאה בכם ואוהב אתכם. שבת שלום! "
"צעד חשוב ונכון ערכית ומוסרית של בת בריתנו הגדולה ארה""ב כלפי ארגון אנטישמי ומוטה פוליטית, שהפך את השקר למנהג, ואיבד את הדרך ואת הרלוונטיות. "
"לוחמי גד' 405 מהתותחנים, מבצעים בשפת הסימנים את ""מחכה"" של עידן חביב. שאפו לסמ""ר דניאל עבדו על הרעיון הנפלא!
חג שמח!
"
"עם חיילי שריון, תותחנים, הגנה אווירית ומתנדבים בעלי מוגבלויות, שאירחתי היום בסוכת שר הביטחון. גאווה גדולה! חג שמח! "
"עם הרבצ""ר, תא""ל הרב אייל קרים, שהעניק לי את ארבעת המינים. חג שמח עם ישראל. חג שמח לחיילי וחיילות צה""ל השומרים עלינו באוויר, בים וביבשה. "
"צפו בראיון החג שהענקתי לאתר ""וואלה!NEWS"".
"
"ההנהגה הפוליטית של ערביי ישראל, כפי שמיוצגת בכנסת על ידי הרשימה המשותפת, הפכה לגייס חמישי של ממש, לנציגות בכירה של ארגוני טרור בכנסת ישראל. "
"""בוא אלינו, אלינו, אלינו לים""...
יום זרוע הים שמח למפקדים ולחיילים השומרים עלינו לאורך החופים ובלב ים, ומבטיחים עליונות ימית למדינת ישראל. "
"""אני יודע, ויודעים היטב הרמטכ""ל ואלופי צה""ל, שאפשר לסמוך עליכם. אתם המגדלור המוביל את המחנה כולו (דבריי בטקס קצינים ונגדים מצטיינים)"". "
"דבריי למשפחות השכולות לרגל יום הכיפורים, כפי ששודרו היום בגלי צה""ל. גמר חתימה טובה.
"
"בטקס קריאת בניין מנהל הרכש במשהב""ט על שמו של הנשיא התשיעי שמעון פרס ז""ל. ביטחון ישראל נשען – גם בחלוף השנים – על היסודות האיתנים שהציב פרס. "

"שוחחתי לפני שעה קלה עם מפקד משלחת החילוץ של צה""ל למקסיקו, אל""מ (מיל') דודי מזרחי, ואמרתי לו: ""אתם הישראלי היפה. אני מסיר בפניכם את הכובע"". "
רוצה להיות חבר של קבע בחברה להגנת הטבע לשמור על החיות שלאט נעלמות מן העולם. מזל טוב אריאל זילבר!          
"חג שמח לכל עם ישראל, אני והאורח המיוחד שלי מקדישים לכם את השיר הבא ומאחלים לכם שנה טובה ומתוקה! "
"היום עם ילדי היישוב ורד יריחו.
ההתיישבות ביהודה ושומרון היא חומת המגן של מדינת ישראל! "
"בתרגיל הגיס ""אור הדגן"". התרגיל הוא תזכורת למי שזומם לפגוע בביטחונם של אזרחי ישראל שהעימות הבא, אם יפרוץ, יסתיים בהכרעה ברורה לטובת צה""ל. "
"""מדי יום מסייעים המשרתים הבדואים בסיכול פיגועים בשטח ישראל, ויש להם יכולות ייחודיות ומשמעותיות מאוד"".
(בטקס ההוקרה למשרתי העדה הבדואית) "
"מקור הטרור האיסלאמי הוא איראן. מקור הבעיה הוא איראן, ועל העולם החופשי צריך להבין זאת (היום בכנס השנתי הבינלאומי של המכון למדיניות נגד טרור) "
"117 אלף משוחררים ומשוחררות כבר בדקו את זכאותם! ואתם?
הקליקו ובידקו.
"
"אני מברך את המשטרה שלא הרפתה במאמץ החקירה, ומצפה שימוצה הדין עם כל מי שמסית ופועל באלימות נגד חיילי צה""ל. "
"משה דולגין ז""ל היה ידיד נפש, מורי ורבי ומאחרוני דור הנפילים שהיו שותפים לתקומת הארץ. כשאני חושב על המושג הדר בית""רי, משה דולגין עולה בראשי. "
"היום בטקס מינוי מפקד חיל האוויר. תודה אלוף אמיר אשל, על 40 שנות תרומה משמעותית לביטחון ישראל. בהצלחה אלוף עמיקם נורקין לקראת האתגרים שלפניך. "
"בזמן שמיטב בנינו ובנותינו מסכנים את חייהם בהגנה על המולדת, חבורה קיצונית, אלימה ואנטי ציונית מנסה לסכל את גיוס החרדים לשורות הצבא. בושה. "
הבוקר פגשתי את המתגייסים הטריים לחיל התותחנים. חבר'ה מדהימים ומשפחות מדהימות - אני גאה בכם ולכל אחד מכם אני אומר: אתה תותח! 
"אדוני ראש הממשלה @netanyahu 
Welcome to the club "
"נפגשתי עם סמ""ר ע', שבאומץ לב ובנחישות הכניע את המחבל הנתעב שרצח את יוסף, אלעד וחיה סלומון הי""ד. ע' הוא חייל למופת ואני חושב שהוא ראוי לצל""ש "
"ביקרתי בבית משפחת סלומון, עם שגריר ארה""ב דיוויד פרידמן ושליח הנשיא, ג'ייסון גרינבלט. משפחה אצילה ומיוחדת. מיכל הפגינה אומץ לב יוצא דופן. "
שוב נציגי אירגוני הטרור האיסלמי (הרשימה המשותפת) סירבו לגנות את שני הפיגועים השבוע. אעשה הכל על מנת למנוע מהמסיתים האלו להיבחר לכנסת בעתיד. 
"הנחת אבן פינה לבית המורשת לחייל הדרוזי. הבית הזה, שהוקם בתרומה מיוחדת של חיים סבן, יעניק המחשה מהי התרומה של העדה הדרוזית לתקומת הארץ הזו. "
"צפו בראיון שקיימתי הערב עם נחמה דואק בתוכנית ""חיידק פוליטי"" בערוץ הכנסת.

 "
היום בביקור במקום הפיגוע בחלמיש. 
"Wishing you a speedy recovery, dear friend! You are a uniquely tough, determined warrior who can no doubt beat this terrible disease. "
"איחולי החלמה מהירה, חבר יקר! מי כמוך, לוחם נחוש וקשוח מאין כמותו, יכול לנצח את הסרטן. "
חשוב לנסות לקלוט עובדים בעלי ניסיון ויכולות מהמפעלים שנסגרו בקרית גת. אם אנו יכולים לעזור להם להמשיך ולפרנס את משפחותיהם - אין דבר ראוי מזה. 
"""עודה וסלאח שותפים להסתה""
ליברמן בריאיון באולפן: לא נשנה את הסטטוס קוו
"
"אני משתתף באבלן הכבד של משפחותיהם של האיל סתאוי וכמיל שנאן זכרם לברכה, השוטרים שנרצחו בפיגוע הטרור הבוקר. "
"פגישה עם שליחו של הנשיא טראמפ, ג'ייסון גרינבלט, היום. "
"עם נשיא רואנדה פול קגאמה ושרת החוץ של רואנדה לואיז מושיקוואבו, היום בירושלים. "
"הבוקר במפעל ""עשות אשקלון"". התעשיות הביטחוניות הן מנוע צמיחה מרכזי במדינת ישראל, ומשרד הביטחון מחולל בעזרתן מהפכה חברתית וכלכלית בדרום. "
"ביקרתי היום באגף הטכנולוגיה והלוגיסטיקה. חשיבותו של אט""ל, על יחידותיו השונות, לתפקודו של צה""ל, הן בשגרה והן בחירום, היא גדולה ומשמעותית. "
"הבוקר ביקרתי בגבול עם סוריה ברמת הגולן. הלחימה והאירועים באזור קוניטרה החדשה לא נוגעים לנו, אבל לא נסבול שום פגיעה בריבונות הישראלית. "
"הבוקר ביקרתי בגבול עם סוריה ברמת הגולן. הלחימה והאירועים באזור קוניטרה החדשה לא נוגעים לנו, אבל לא נסבול שום פגיעה בריבונות הישראלית. "
"מדובר בהישג חשוב, מאחר ומערך המילואים מהווה את עמוד השדרה של צה""ל. זהו צעד נוסף ומשמעותי לחיזוק מערך המילואים וחיזוק משרתי המילואים העצמאיים "
In Munich w/ SecDef James Mattis. We discussed strategic regional issues &amp; strengthening cooperation btw our defense establishments 
"נפגשתי במינכן עם מזכיר ההגנה ג'יימס מאטיס. דנו, בין היתר, בסוגיות אזוריות אסטרטגיות ובהמשך הידוק השת""פ בין מערכות הביטחון של ארה""ב וישראל. "
"היום בטקס פרס ביטחון ישראל. היתרון היחסי שלנו הוא הראש היהודי, לא גודלה של המדינה  ולא גודל האוכלוסייה. אתם, הזוכים והזוכות, אחראים לכך. "
"ביקרתי בכפר עילבון, לציין את חג עיד אל-פיטר ביחד עם שותפינו הבדואים, אזרחים נאמנים למדינה הנלחמים לצידנו כתף אל כתף בצה""ל ובשאר כוחות הבטחון "
"צעד בלתי נמנע. בין אם הכה פלשתיני חף מפשע או שיקר כדי להשחיר את פני מדינת ישראל וחיילי צה""ל - בשני המקרים עליו להיחקר ולתת את הדין. "
"אנו נתנגד בתוקף להצעת החוק, שלא רק מנוגדת להיגיון, אלא גם תפגע בעלייה לארץ, תהיה בכייה לדורות ותחזיר את מדינת ישראל עשרות שנים לאחור. "

RT @IDCHerzliya: פתיחת היום השלישי ב@HerzliyaConf: נאום הפתיחה של שר הביטחון @AvigdorLiberman 
RT @jdgreenblatt45: Had a great meeting on Israel's security with Minister of Defense @AvigdorLiberman and Ambassador Friedman. 
"שמחתי לפגוש את ג'ייסון גרינבלט, נציגו המיוחד של הנשיא טראמפ, ואת השגריר דיוויד פרידמן, לשיחה על סוגיות ביטחונית והאתגרים באזור. "
"בטקס הזיכרון למרגל המוסד אלי כהן ז""ל, עם נדיה אלמנתו. מדי יום יש מי שפועלים להשבתו של אלי ושל כל חיילנו הנעדרים והאזרחים הנמצאים בשבי האויב. "
"שרים וחברי כנסת איבדו כל רסן, וכדי להרוויח קולות בפריימריז, מוכנים לפגוע באופן פומבי בצה""ל ובמפקדיו היקרים לנו כל כך
"
RT @TimesofIsrael: HAPPENING NOW: Matthew Kalman interviews @AvigdorLiberman for #TOIPresents and Salon TLV in #TelAviv 
"ביקרתי בתרגיל העורף הלאומי, בבי""ס ""רביבים"" בחולון. רעידת אדמה חזקה עלולה להתרחש בכל רגע, והתרגיל חשוב ליכולתנו להתמודד עם אסון המוני שכזה "
"היום בכנס ""השדולה לחזון מדיני ברצועה"", בהובלת ח""כ חיים ילין. אנחנו לא מתכוונים ליזום מהלך צבאי, אבל על כל פרובוקציה נגיב בעוצמה. "
"הדלפות מגמתיות מהקבינט נגד מפקדי צה""ל, זו תופעה הרסנית ומסוכנת לביטחון הלאומי. אני שוב קורא לקיים בדיקת פוליגרף תקופתית למשתתפי הדיונים. "
"In the past, Amb. Haley said she wears heels not for style but to kick Israeli defamation. I gave her a souvenir for the occasion. "
"בעבר סיפרה השגרירה היילי, שהיא מגיעה עם נעלי עקב לא מטעמי אופנה אלא כדי לבעוט במשמיצי ישראל. בפגישה הענקתי לה מזכרת שתסייע לה במידת הצורך. "
"עם שגרירת ארה""ב לאו""ם, ניקי היילי. בפגישה סיפרתי, שבכיר חמאס סלאח ערורי עבר ללבנון ומתכנן להוציא משם פיגועים נגד ישראל, וכי יש לפעול לגירושו "
"RT @knesset99: @liatl13 שעת שאלות (המלאה) עם השר ליברמן @AvigdorLiberman 
"
מודל לחיקוי עבור כולנו. כל הכבוד! 
"התרגשתי לפגוש היום בבית הנשיא את שחר רומבולסקי, חייל עם צרכים מיוחדים, שהתעקש להתגייס לצה""ל במסגרת פרויקט ""גדולים במדים"". כל הכבוד! "
השיעור ההיסטורי ממלחמת ששת הימים: עלינו לעמוד חזית אחת ולהוביל להכרעה מהירה וברורה – גם מול אויבים שאינם צבאות סדירים. 
"RT @Beytenu: שר הביטחון אביגדור ליברמן על אברה מנגיסטו: ""אין מאמץ שלא עשינו ואין רעיון לא בדקנו"". "
"RT @KnessetIL: מיד במליאה: שעת שאלות עם שר הביטחון @AvigdorLiberman 
"
"בסיור בגבול עם סוריה ברמת הגולן, היום. אנו מרתיעים את אויבינו בזכות עוצמה ונחישות, ומאפשרים המשך שגרת חיים, פריחה ושגשוג לתושבי האזור. "
"האירוע נערך באצטדיון סמי עופר. הקהל הסכים איתי, שלאור ההישגים הדלים של מכבי חיפה והפועל חיפה, זה האירוע הכי משמח שהתקיים השנה באצטדיון הזה "
"באירוע 50 שנה ל""אלביט מערכות"". אלביט תרמה לאין שעור לביטחונה ולכלכלתה של ישראל. אלביט הפכה לאחת מהחברות המוערכות והמצליחות בארץ ובעולם. "
הפסד שלהם. 
"שיר לשבועות שפורסם ב""הצפירה"", העיתון העברי הראשון בפולין בתקופת השלטון הרוסי. השיר פורסם ב-4 ביוני 1897, ד' בסיון ה'תרנ""ז. חג שמח! "
"המציאות שמנסים לייצר סתירה בין יהדות לבין עבודה, בין יהדות לבין שירות צבאי, בין יכולת להמשיך להיות בת דתייה ולשרת בצבא, כל זה ""פייק ריאליטי"" "
"צעד חשוב ומעורר הערכה. צ'כיה היא ידידה גדולה של מדינת ישראל החולקת איתנו ערכים משותפים ועומדת לצידנו, ואין החלטות טבעיות ונכונות מאלו. "
"בזכות הנופלים במלחמת ששת הימים – גם היום, חמישים שנה אחרי, אנחנו יכולים לחזור על השבועה,  עליה נחזור לְנֶצח-נצחים: ""לְשנה הבאה בִּירושלים"". "
"עם היועץ לביטחון לאומי של ארה""ב, הרברט מקמאסטר, הערב בפגישת עבודה בירושלים.
With US National Security Adviser H.R. McMaster, in Jerusalem "
"שאפו לעובדי ועובדות אגף מבצעים לוגיסטיים ונכסים (אמו""ן) במשרד הביטחון, שסיימו את ההכנות לקראת ביקור הנשיא טראמפ. צפו. "
"ההסתה הקשה נגד אלוף אלמוז, וכלפי צה""ל, חייליו ומפקדיו - היא בלתי נסבלת ומהווה חציית כל קו אדום. אסור לנו להשלים...
"
"לבטל את שירת ""התקווה"" בסיום טקס באונ׳ העברית בירושלים? כבוגר האונ׳ העברית נדהמתי. אני קורא לראשי האוניברסיטה לשנות את ההחלטה התמוהה הזו. "
"פגישה עם שר החוץ של דנמרק, אנדרס סמואלסן, היום בירושלים. דנו בהמשך חיזוק הקשר בין המדינות. "
"מה שבסופו של דבר יכריע, זו איכות האנשים. אתם משרתי המילואים זו האיכות, אתם מלח הארץ, ועם איכות כזו לא משנה מה האתגר, אנחנו ננצח. "
"מי שסירב להגיע להלווייה של שמעון פרס ולאחר מכן השתתף באזכרה לערפאת-טבעי שיזדהה עם שביתת רעב של מחבלים, ויותר טבעי שיהיה חבר פרלמנט ברמאללה. "
"בטקס חילופי סגן הרמטכ""ל ומינוי מפקד פיקוד העומק. תודה לאלופים יאיר גולן וטל רוסו שסיימו את תפקידיהם, ובהצלחה לאלופים אביב כוכבי ומוני כץ. "
"עם הרמטכ""ל האמריקני, הגנרל ג'וזף דאנפורד. הגנרל דאנפורד הוא ידיד גדול של ישראל, וביקורו הוא הוכחה נוספת לעומק היחסים הביטחוניים עם ארה""ב. "
יהי זכרו ברוך. 
"עם ראש ממשלת רומניה סורין מיהאי גרינדנאו ושר ההגנה של רומניה, גבריאל בנימין לאש, הערב בירושלים "
במילה אחת: בושה! 
"גאה בכם ובהוריכם, חיילים וחיילות מצטיינים, וגאה בחיילי וחיילות צה""ל באוויר, בים וביבשה! "
"זהו מחירה הנורא והכואב של החלטת העם היהודי להיות אדון לגורלו, לשוב לארצו - מולדתו ולממש בה את חייו ואת תרבותו במסגרת לאומית ריבונית וחופשית. "
"אין מקום ראוי יותר להקים בו את היכל הזיכרון מהר ההנצחה, הנושא את שמו של חוזה המדינה בנימין זאב הרצל.
יהי זכרם ברוך "
"צפו בראיון שהענקתי ל״וואלה! ניוז״
שבת שלום. 
"
"במוסקבה, עם שר ההגנה הרוסי סרגיי שויגו ושר החוץ הרוסי סרגיי לברוב. מנגנון התיאום בין צה""ל לצבא הרוסי הוכיח עצמו כיעיל. "
בנט מגן על מי שמנסה להפוך את ישראל לאירן.אנחנו לא נאפשר את זה.בישראל נשים שוות כמו גברים ושירות צבאי הוא לכולם. 
"RT @GLZRadio: שר הביטחון @AvigdorLiberman אירח בסוכתו בקרייה חיילים בודדים: ""אתם התגשמות החלום הציוני"" "
RT @YuliEdelstein: מסייר עם @AvigdorLiberman בתערוכת ״געגועים״ לזכר והנצחת חללי מלחמת לבנון השנייה. יהי זכר כל הנופלים ברוך. 
"RT @ariyederi: בהמשך לפניית שהב""ט וע""פ הוראתי, הנחתי בשלב ראשון שלא לאפשר לחדרה אלסעודי הגשת בקשה לאיחוד משפחות עבור בן זוגה החדש "
"גם אני תומך/תומכת בקול הקורא של @WJRORestitution,  לעשיית צדק לניצולי השואה   #HolocaustJustice #Holocaust 
"
צריך לתת לבית״ר ירושלים לשחק נגד מכבי חיפה בטדי צפו באביגדור ליברמן נגד עונש הרדיוס לבית״ר ירושלים 
"RT @news10: ליברמן: ""לנתניהו מגיע פרס נובל בתחום השרלטנות הפוליטית"" • @MoavVardi מעדכן &gt;&gt; "
מאמר שכתבתי במאקו נגד החוק שמבקש לאסור על פתיחת בתי עסק בשבת. לקריאה: 


חנוכה שמח! 
"זה לא טרור יחידים - צריך לשבור את מעטפת הטרור. דברים שאמרתי היום בערוץ 1.
"
"RT @idobenbaji: הציטוטים מהשיחה של בנט ואריאל עם פעילי הבית היהודי מיו""ש: "
אני מברך על ההחלטה הנכונה שקיבל הקבינט להוציא את הפלג הצפוני של התנועה האיסלאמית אל מחוץ לחוק. זהו צעד מתבקש שכבר... 
"ככה לא נלחמים בטרור!
------------------------
הפיגוע בדרום הר חברון הוא תוצאה ישירה של התנהלות הממשלה שנוקטת... "
אני מברך על החלטת בג״צ להרוס את בתי המחבלים. אני מקוה שעכשיו הממשלה תפסיק להתמהמה ותפעל באופן מיידי וללא דחיות... 

בזמן שממשלת ישראל מדברת על מחוות לפלסטינים אנו נוכחים לדעת פעם נוספת כיצד מפרשים הפלסטינים את החולשה הישראלית ואת... 
"דברים שאמרתי לפני זמן קצר בישיבת סיעת ישראל ביתנו :

אני מאחל הצלחה לראש הממשלה נתניהו בפגישתו עם נשיא ארה״ב... "
"אסור להתרגל לטרור!
כמו שניסו להרגיל אותנו ל״טיפטוף״ רקטות מעזה, כך מנסים עכשיו להרגיל אותנו לחיות עם פיגועי... "
עכשיו בטח יגידו בתקשורת הבריטית שח״כ ישראלי עלה להתסיס את האוירה בהר הבית...... 
"ממשלת נתניהו ממשיכה לחזק את תומכי הטרור בכנסת.
הנסיון של שר האוצר לקנות שקט בכסף על-ידי העברת מיליארדים למגזר... "
החלטתו ראש הממשלה לא לקדם את ״חוק הלאום״ מוכיחה שוב שמדובר בממשלה שמתחזה לממשלה לאומית אך למעשיה אין שום קשר... 
"החמאס לא רק בעזה - גם באוניברסיטת ת״א, וצריך לטפל בשניהם.

"
"אין מילים לנחם את הילדים המסכנים על האסון הנורא בפיגוע הערב בשומרון. רק תגובה קשה ונחרצת נגד הרוצחים, שולחיהם... "


