"מעריך את האומץ של @drorfo וקולות של סולידריות הן אחד הדברים הכי נחוצים כרגע. ההצעה שלנו לשותפות היא לא רק על בסיס של כעס וכאב אלא גם הצעה לשיתוף פעולה של עשייה ויוזמה, של אמונה בעתיד ובתקווה, לערבים ויהודים כאחד. "
"כרגיל אצל ביבי, קמפיין מבוסס פייקניוז והסתה. אם לא יכול לשכנע להצביע לו עם אמת, אז למה לא לשקר.. "
"לפני ארבע שנים ליברמן ניסה להוציא אותנו מהכנסת, עכשיו אנחנו נוציא אותו. תאמר נפאר עונה לכל מי שלא רוצה להצביע @TamerNafar "
ביום הבחירות האוטובוסים בחינם 
אחד בפה אחד באיפאק 
נוהרים לקלפיות. מפילים את נתניהו. 
"השקנו היום את הקמפיין בעברית בת""א. רק דרך שותפות בין ערבים ליהודים נעשה את השינוי המיוחל במדינה הזו. נתניהו מבין את זה היטב. אבל על אפו וחמתו אנחנו ננהר בכמויות לקלפיות, יהודים וערבים, יהודיות וערביות. "
"שוטרים תוקפים במתכוון ח""כ ולא מועמדים לדין. ההתעלמות של מח""ש מהראיות מעידה שוב שמדובר במחלקה לטיוח עבירות שוטרים. בין אם זה בענייני או בין אם זה בעניינו של יעקוב אבו אלקיען - לא הייתה מעולם כוונה לחקור מה באמת קרה באותו יום נורא.
"
"""If we are to defeat this dangerous alliance, we must provide a clear alternative. The only way for the left to prevail is to choose solidarity and the shared Jewish-Arab struggle for peace, equality and democracy."" My op-ed in the @nytopinion "
"""אם אנחנו רוצים להביס את הברית המסוכנת של נתניהו עם הכהניסטים אנחנו חייבים לייצר אלטרנטיבה ברורה. הדרך היחידה של השמאל להיות כזו, זה מאבק משותף, יהודי-ערבי, לשלום, שוויון ודמוקרטיה"". טור דעה שלי הבוקר ב@nytimes "
יודע שזה קשה לעיכול אבל אפילו סתם החוק היבש מבחין בין מי שמטיף לשוויון לבין מי שמטיף לגזענות 
"לחברי בתקשורת שמזדעזעים מכך שיש לנו עמדות פוליטיות וזהות מגובשת שאנחנו גאים בה, ממליץ לכם פחות להטיף לנו מה אנחנו צריכים להיות וקצת יותר להיות עיתונאים שאשכרה יודעים משהו על הנושא שהם דנים בו. "
"RT @Hadash_org: סיכום מושלם לשלטון נתניהו: גונב מהציבור, מחלק לבעלי הון ומסית נגד האזרחים הערבים כדי להסתיר הכל. "
"ממיטב הצעות חוק של כהנא: שלילת אזרחות מערבים, חופי רחצה נפרדים ליהודים וערבים.  עכשיו ממשיכו ימנה שופטי בג""צ. תעשו את החשבון לבד, לפני שנקבל שופטים כהניסטים בירושלים. "
"מביש שחבורת בריונים גזענים פשיסטים מעזים להעביר ביקורת על רשימות שחרטו על דגלן ערכים של שלום שוויון וצדק, בעוד הם קוראים לטוהר הגזע, עליונות יהודית, טרנספר וטיהור אתני. מדובר בסה""כ בפאניקה בימין מחשש לאיבוד השלטון, ויש להם סיבה לפחד. אנחנו נמשיך לעבוד למען הציבור @Hadash_org "
"כספי מיסים של כולנו, כן גם של האזרחים הערבים, מממנים כהניזם, גזענות ועליונות יהודית. תראו מופתעים. "
"נתניהו: ""אין לי מה להציע לאזרחי המדינה אז אסית שוב נגד האזרחים הערבים, אולי לא ישימו לב"" "
"ביבי, בו! נבהלת? מתכננים לשים את מלוא משקלנו בזירה הפוליטית, אנחנו עשרים אחוז מאזרחי המדינה ואנחנו לא נהיה שק החבטות שלך. רוח מינ הון. "
"Of course ushering in a Kahanist Party into the Knesset is another red line crossed by Netanyahu. Then again, if you do not meet up with racists, how come Netanyahu is always the Keynote speaker in your conferences? "
"מפגינים עכשיו בעכו נגד תכנית ""טנטור"" - כמה שיותר ערבים על כמה שפחות אדמה. הממשלה חושבת שהחברה הערבית תסתפק בסלאמז שתקרא להם ""עיר"" בתכנון לקוי. הכל חלק מנסיון הדחיקה שלנו החוצה מהערים המעורבות, ממשלה שלא רוצה לראות ערבים בנוף  מעמיקה את האפליה במסווה של תיקון. "
"סמדר שיר באה לראות אותי הופך את המקלובה מהסיר, וגם כמה שאלות על פוליטיקה "
"מהכנס הלכנו ישר לתחנת המשטרה אחרי שפעיל חד""ש נעצר וחש ברע ובילה את הלילה באשפוז, למרות מצבו הבוקר המשטרה ביקשה הארכת מעצר. הבריונים שהגיעו לפוצץ את האירוע בקללות ודחיפות, אם תהיתם, לא נעצרו ולא נחקרו, אתם כבר יודעים למה. "
"שמח לדבר הערב באירוע של @Hadash_org בת""א יחד עם @dovhanin ו @ofercass  המועמד החדש של חד""ש לכנסת. שמח לראות כל כך הרבה אנשים שמאמינים בשותפות יהודית-ערבית רחבה שחד""ש מציעה. זו האלטרנטיבה היחידה והשמאל היחיד. אנחנו האוכלוסיה הערבית לא יכולים לבד, אבל אי אפשר בלעדינו. "
"הכהניסטים חוזרים לכנסת והפעם בחסות ראש ממשלת ישראל. בלי בושה ובלי מסכות. טרנספר, אפרטהייד וגירוש אתני - כנראה שאלה כבר לא מילים גסות. "
"עם תלמידי תיכון בליך (שאנחנו מחכים שיחזו לנו מהפך בבחירות הקרובות!) דיברנו על היכולת לייצר שינוי, שמבחינתי אפשרית רק במאבק משותף של ערבים ויהודים. אני לא יודע כמה קולות אני אקבל מהבוחרים העתידיים, אבל כל אחד מהם יכול להיות שותף לשינוי "
"גאה בכם ובכן
"
"עכשיו בקלנסווה מפגינים נגד עשרות צווי הריסת בתים שנולדו במדיניות הזנחה מכוונת ופושעת. הממשלה חונקת את הישובים הערביים ומונעת מהם כל אפשרות לבנות בהיתר, מעמיקה את האפליה וההפרדה. כעת עשרות משפחות, הורים וילדים, שצפויים להיזרק לרחוב - רק שעה מתל אביב. "
ככה מנסה בנט לשכתב את ההיסטוריה עבור הערבים. למזלנו מעולם לא סמכנו על ממשלת ישראל שתספר לנו מי אנחנו. 
"ביד אחת הממשלה מנסה להוכיח בעולם שישראל היא מדינה נאורה, וביד השניה מנסה למנוע מפעילי @AmnestyIsrael ארגון זכויות האדם הגדול בעולם להיכנס. במקום לנסות לטשטש דו""חות - לא יותר פשוט לסיים את הכיבוש? "
"עכשיו גם ב-@ForbesIsrael יודעים, שדרור שדות, הדוברת המופלאה שלי, הולכת לשנות את העולם. 
דרור היא אחת מהנשים יוצאות הדופן שיזמו והובילו את שביתת הנשים הגדולה וזאת לצד עבודה מאוד אינטנסיבית בלשכתי, והיא מסוג הנשים שנותנות לך תקווה אמיתית שהעתיד של כולנו יהיה טוב וצודק יותר. גאה בך. "
"رحم الله محمد ومعاوية. تعازيّ الحارة للعائلة.
כואב הלב על מוחמד ומעאויה, רק בני 3 ו5. טרגדיה אמיתית בכפר קאסם. כל תנחומיי למשפחה. "
"ענייני ביטחון פנים. 
@giladerdan1 על איזה מהשקרים אתה מעוניין להתנצל קודם? "
"אל מול ממשלת הימין - למען הצדק, השלום, והשוויון &gt;&gt;&gt; "
"הערב התכנסה מועצת חד""ש, כמעט אלף צירים, יהודים וערבים, לדון בבחירות הקרבות. הניסיון להסיט את הדיון לחלוקת כיסאות ברשימה פוגע בדיון האידאולוגי ובאלטרנטיבה האמיתית שאנחנו מציבים אל מול הימין הקיצוני, מול חוק הלאום, ההסתה והגזענות, מול הנצחת הכיבוש ומדיניות הסיפוח. "
"מנציחים את זכרו של יעקוב אבו אלקיעאן, שנתיים מאז אותו לילה נורא בו גזלו באלימות את קרקעות אום אל חיראן. אפשר אולי לקחת לנו אדמה אבל לא את הזיכרון. "
"כששרת המשפטים נמצאת על חיוג מהיר ושר החינוך מגיע לחזק, ברור לגמרי איך הכנופית של נוער הגבעות גדלו והתחזקו תחת ממשלת המתנחלים של נתניהו. איך אומרים? עשבים שוטים גדלים ליד הברז. "
"שלוש שמחות בבת אחת - מחר שנה חדשה, סיומה של ממשלת הימין הפשיסטי, וגם יומולדת. שנה טובה. "
מצאו את ההבדלים 
זה הסיפור של בחירות 2019 
"חג שמח מהלשכה שלי, גם לאורי אריאל שכנראה צריך תזכורת שבמדינה יש יותר מדת אחת. שמח שהכנסת נעתרה לבקשתי לקיים יום קצר בחג המולד. "
"המאבק הזה הוא המאבק של כולנו למען העתיד כולנו. בהפגנה בתל אביב בהערכה עצומה לנשים שמובילות את המאבק המרשים הזה, ולזכר הנשים ששילמו בחייהן. לא ניתן לממשלה להמשיך להפקיר את חייהן וביטחונן של הנשים - ערביות ויהודיות. "
ישיבת סיעה עם תלמידי בית הספר אלמזרעה 
"אולי עשבים שוטים, אבל הממשלה משקה אותם היטב. "
אין לנו בעיה עם ערבים רק בבקשה שיהיו יהודים 
ממשלת הימין-ימין-ימין-ימין שלהם גוססת. ככה נראה גוף שמנסים להחיות אותו במכונות הנשמה. הגיע הזמן לנתק את המכונות &gt;&gt;&gt; 
עוד הישג לאופוזיציה 
"המאבק שלנו הוא לא רק כלכלי אלא מאבק פוליטי. הבוקר בועידה הכלכלית של החברה הערבית בנצרת אמרתי שלא נקבל ""שוויון כלכלי"" צר שמלווה בגזענות והסתה. הממשלה הנוכחית אולי מעבירה תקציבים אבל מקדמת את החוקים הגזעניים ביותר בהיסטוריה. אנחנו דורשים קידום כלכלי, יחד עם דמוקרטיה ושוויון מלא "
"חברון תחילה - אחרי שהממשלה ממשיכה לעשות קיצוצים רוחביים של מליוני שקלים מהרווחה והבריאות לצורך  קומץ מתנחלים, זה הזמן לקרוא לפינויים. צעד ראשון והכרחי לקידום פתרון מדיני. הרשמה בקישור - "
שוקל התפטרות מהאופוזיציה 
"שני המשסים הראשיים ממשיכים לחרחר מלחמה ולשחק בפוליטיקה מלוכלכת על חשבון הציבור. ואנחנו ממשיכים לעבוד. הבוקר אחרי דיון בועדה לקידום מעמד האישה על אלימות נגד נשים של @AidaTuma וכעת בדיון של ח""כ ג'ומעה אזברגה על הקמת תכנית אב בנושא האוטיזם בחברה הערבית. "
אנחנו לא רוצים הסדרה - אנחנו רוצים שלום. 
"פגשתי הבוקר בת""א את חניכי קורס פוליתקווה. אני תמיד מסכים ושמח לפגוש קבוצות בשמאל שרוצות בשיחה על שותפות ערבית-יהודית. זו דרכי. סיכמנו שעכשיו גם תורם לפגוש את החברה הערבית אצלנו בערים @pninapf "
יוצרים ואמנים הגיעו היום לכנסת במחאה על חוק נאמנות בתרבות ונפגשו איתנו בישיבת הסיעה. במדינה שבה שרת התרבות נגד התרבות - אמנות נראית כמו דוברות הממשלה. מצטרפים לקולם של האמנים וממשיכים להיאבק למען חופש הביטוי. 
"העשבים השוטים כבר מתחילים להיראות כמו יער. ההסתה של נתניהו וממשלתו מחלחלת ומשקה את הקיצוניים. ""הערבים נוהרים"" הופך לקמפיינים גזעניים ברשויות מקומיות והאוכלוסיה הערבית הופכת לשק החבטות של הימין. האחריות נמצאת למעלה. "
"9 מחברי הרשימה כעת בועדה לביקורת המדינה בנושא טיפול המשטרה באלימות והפשיעה בחברה הערבית. אנחנו במצב חירום ואין כמעט יום שעובר בלי רצח או ירי. במקום להציג תכניות מסודרות אלשיך מנסה לזקוף לעצמו הישגים, בזמן שהחברה שלנו מדממת. "
"אז מסתבר שהוא לא ""הלך עם שבר""... באמת הגיע הזמן שמישהו יתן את הדין על אלימות משטרתית. "
"לא עוצרים במאבקנו נגד חוק העליונות היהודית וכל מה שהוא מייצג - את האפליה, ההסתה, השיסוי, הגזענות. זו הזדמנות - להתחבר ביחד, ערבים ויהודים, כל הדמוקרטים. מדברים על בחירות מוקדמות? מוכרחים לדבר על שוויון.

בתמונה עם אמיר בדראן נציג יפו במועצת העיר תל אביב-יפו. "
יום פורה במחלקה לטיוח עבירות שוטרים 
"הרשימה שכתבתי עבור הספר:
"
"בהשקת הספר ""בריתות בהישג יד"". בזמן שנשמעות קריאות ייאוש מהמשך הכיבוש ומההסתה נגד האזרחים הערבים, והפתרונות נראים רחוקים, דווקא עכשיו צריך להעמיק את שיתופי הפעולה. רוב הציבור רוצה שלום, שוויון ודמוקרטיה עמוקה. יש לנו על מה לדבר, ובעיקר, יש עם מי. "
"2\1 יצאתי כעת מפגישתי עם @FedericaMog ואני מודה לנכונות שלה לפגישה על אף שהיו מי שניסו לבטלה. אין זה מאבק פנימי כשנרמסות זכויות מיעוט, ושמחתי לגלות כי מוגריני שותפה לדאגתנו כי החוק פוגע בראש ובראשונה באזרחים הערבים אך גם גם בדמוקרטיה ובאפשרות להקמת מדינה פלסטינית והסיכוי לשלום "
"כיתה ה', כיתה ב' והקטנה לראשונה בבית ספר, עולה לכיתה א'. שנה טובה לכל התלמידים, אתם התקווה שלנו! "
"שבוע עבר מאז ששלושה צעירים ערבים עברו תקיפה אכזרית בים רק משום שהם ערבים. הגענו היום לחוף יהודים וערבים נגד הרוחות הרעות שהביא איתו חוק הלאום. התשובה להסתה ולגזענות בחסות הממשלה, היא לא מאבק של לאום נגד לאום, אלא יצירת שותפות אל מול הלאומנות. "
"הסעיף הנסתר בחוק הלאום - תקיפת ערבים על רקע גזעני. לא עשבים שוטים, אלא מציאות בחסות מדיניות ההסתה הממשלתית. "
"חולקים כבוד אחרון לאורי אבנרי, כמוהו, גם אני אופטימי. אני עדיין מאמין שאנחנו יכולים להמשיך את דרכו. ביחד, יהודים וערבים, נוכל להגשים את חזונו שלו הקדיש את חייו - לכונן שתי מדינות זו לצד זו שחיות בשלום. "
"כואבים את מותו של אורי אבנרי, איש יקר שהקדיש את חייו לשלום, לעתיד טוב יותר לשני העמים ולהקמתה של מדינה פלסטינית. הקול שלו, רעיונותיו והשקפת עולמו ימשיכו להדהד גם אחרי לכתו. "
"הדו""ח שפורסם היום מוכיח שוב שהמדינה כושלת בטיפול באלימות בחברה הערבית. כפי שאמרתי ביום המיוחד שקיימתי בכנסת - שום פתרון לא יוכתב מלמעלה, הדרך היחידה היא לפעול בשיתוף פעולה מלא איתנו, נבחרי הציבור ומנהיגי החברה הערבית. אנחנו דורשים חיים בביטחון, באום אל פאחם כמו בת""א "
"עשרות אלפי האנשים שהגיעו היום הם התגובה לגזענות, לאפליה, לפילוג ולהסתה. אנחנו המחנה הדמוקרטי, ערבים ויהודים, דורשים מקום שווה לכוחנו. החוק הזה הוא הקש האחרון בממשלת הפריבילגים, ממשלת העליונות והעריצות שרוצה אותנו מפולגים וחלשים, אבל ההמונים שיצאו לרחוב מוכיחים שאנחנו שיש קול אחר. "
"It is no accident that this law doesn’t mention the word ‘equality’ once. For Netanyahu, we are second-class citizens, not equal members in a democracy that works for the benefit of all its citizens. Equality is not a gift, but every man and woman's right. "
עוד הוכחה לכך שחוק העליונות היהודית הוא בעצם חוק ביבי נגד האזרחים הערבים. על אף שלא הייתה לו תמיכה בקואליציה נתניהו דרס כל ערך של שוויון רק כדי להמשיך להסית ולהפלות את האוכלוסיה הערבית עבור כמה קולות בקלפי. 
שיעור הערבית הגדול בעולם עכשיו בכיכר הבימה בתל אביב. מרגש לראות את אלפי האנשים שהגיעו למחות על חוק הלאום במחווה לשפה של חמישית מאזרחי ישראל. نفتخر بكل من شارك - معا نناضل ضد قانون القومية! 
ביקרתי היום את עהד תמימי ששוחררה אתמול. הכלא לא שבר את רוחה. רק בת 17 ואולי גם בגלל זה - כבר הפכה לסמל. אף ילד לא צריך לגדול תחת כיבוש. עהד מבינה את זה ונחושה מתמיד היא תמשיך להיאבק למען שחרור עמה. 
קיצור תולדות האפרטהייד 
הכנס בחיפה באולם מלא על אף ניסיונות ההשתקה. חוק הלאום פוגע קודם כל באוכלוסיה הערבית. זו תגובת נגד לכוחנו האזרחי והפוליטי. מי ששואל אם אנחנו נתפטר צריך להבין - ההפך הגמור. אנחנו נצא בהמונינו להצביע. האוכלוסיה הערבית לא יכולה לבדה אבל לא יהיה שינוי בישראל בלי האוכלוסיה הערבית 
"הדם על הפנים של פעיל @ShovrimShtika יהודה שאול, שהוכה על ידי מתנחל, נמצא על ידיהם של חברי הממשלה שמסיתים ומחוקקים ומשתיקים ומתירים את האלימות. "
"המחלקה לטיוח שוב מוכיחה שאין בכוונתה לחקור מה באמת קרה באותו יום. מעל שנה מאז מותו של יעקוב אבו אלקיען, ומאז ששוטרים תקפו באלימות ובמודע חבר כנסת, אין כתב אישום, ומבחינת מח""ש גם אין אשמים כשמדובר באזרחים ערבים. "
"אז נתניהו ובנט פתאום נזכרו שחוק העליונות היהודית משאיר את כל השאר בחוץ? ככה זה כשגזענים, לא תמיד יוצא בדיוק כמו שרצית. המהלך הבא שמחלק את האוכלוסיה הערבית ל""טובים"" ו""רעים"" זה הוספת חטא על פשע. אין שווים ושווים יותר.

(קריקטורה של אבי כ""ץ שפוטר מעבודתו בעקבותיה) "
"החוק המסוכן אמנם עבר, אבל זהו זמנם של הדמוקרטים כאן, ובכל העולם, להחריף את המאבק נגד הלאומנות והגזענות ובעד הדמוקרטיה והשוויון "
"הפרקליטות, המשטרה והממשלה משלבים ידיים ופועלים בכל הכוח כדי להפוך אזרח למחבל. כשמדובר באזרח ערבי - האמת כבר בטח לא חשובה. מתי כבר יתנקה שמו של יעקוב אבו אלקיען? "
"חוק העליונות היהודית עכשיו בדיון במליאה. אני פונה לציבור שלי, לילדים שלי - המדינה אומרת לכם היום שאתם לא רצויים פה. אבל זו מולדתנו, אנחנו פני הנוף. אנחנו, אני וילדי והוריי, נישאר כאן. על אפם ועל חמתם של הממשלה שמבקשת לנדף אותנו. דגל שחור מתנוסס מעל החוק הזה. "
את הגמר רואים באיצטדיון! אם לא במוסקבה אז בדוחא 
"מה שהכי מפחיד את ממשלת הימין זה האלפים שפה, יהודים וערבים, ערביות ויהודיות, ביחד. זו ממשלה של חומות. חומות הפרדה, ישובים ליהודים בלבד, ולא פחות מכך חומות בין האנשים. אבל חוקים גזענים לא יעלימו אותנו. האלפים שהגיעו לכאן הם התקווה והסיכוי למדינה שתהיה בשביל כולנו. "
"דווקא עכשיו, קול אחר - גם החוק הכי גזעני לא יעלים אותנו, נהיה כאן שני עמים שיבקשו שוויון, זכויות ושלום לכולנו. "
צועדים בקלנסווה לכבוד חזרתו של כרים. עכשיו זו שעת המבחן של המשטרה שכבר שנים יודעת בדיוק מי עומדים בראש ארגוני הפשע. מתי יגיעו כתבי האישום? מתי ייענשו? 
"כולנו יודעים שאילו היה זה ילד מכפר סבא ולא מקלנסאווה כל המשטרה וכל המדינה הייתה על הרגליים.הילד כרים ג'מהור נעדר כבר יומיים מביתו. אנחנו לא חצר אחורית, אנחנו דורשים ביטחון! בהפגנה מול תחנת המשטרה בטייבה "
"אני יוצא כעת מפגישה עם הנשיא, אליו הגעתי כדי לשוחח על סוגיית האלימות והפשיעה בחברה הערבית בהמשך לדיון שהובלתי בנושא בכנסת. שוחחנו גם על הילד כרים, בן העיר קלנסאווה שנחטף לפני יומיים מביתו והנשיא התעדכן מול המשטרה במצב החקירה. חייבים להחזיר את כרים למשפחתו. "
"ביקרתי היום את משפחת ג'מהור, אחרי שרק אתמול קיימתי יום בכנסת בנושא האלימות בחברה הערבית והתבשרתי על המקרה המחריד. ארגוני הפשע מאמללים את חיי האזרחים הערבים ואנחנו מבקשים להוקיע אותם מתוכנו ודורשים חיים בביטחון. יש רק משטרה אחת, שמוכרחה להפסיק להתייחס לישובים הערבים כאל חצר אחורית "
"מסכם את יום המאבק באלימות במליאת הכנסת - לאישה מג'לג'וליה מגיע ביטחון בדיוק כמו לאישה מתל אביב. הנער מאום אלפאחם לא צריך לפחד להסתובב ברחוב בדיוק כמו הנער מכפר סבא. לילד ברמלה צריכה להיות מסגרת אחה""צ בדיוק כמו לילד ברעננה. -&gt;&gt; "
"מתרגש לפתוח את הכנס המרכזי של יום המאבק באלימות ופשיעה בחברה הערבית. ידברו נציגי ארגונים ואזרחים שעוסקים בנושא החשוב הזה יום יום ויציגו דרכים לפתרון, נציגי משפחות שנפגעו מהאלימות, וגם נציגים ממשרד ראש הממשלה, מהמשטרה ומהמפלגות השונות. כולם כאן לנושא הכל כך קריטי הזה. "
"בוועדת חינוך בדיון על תכניות למניעת אלימות בחינוך הערבי. אנחנו רוצים להכריז על השנה הבאה כ""שנה ללא אלימות"" בבתי הספר. האווירה של האלימות במרחב הציבורי משפיעה על חיי הילדים, ויותר מזה - היא חודרת פנימה לתוך בתי הספר. השקעה חינוכית היא לטווח ארוך, ואנחנו חייבים להתחיל עכשיו. "
מתרגשים לפתוח את היום המיוחד לציון המאבק באלימות ופשיעה בחברה הערבית. עוד רגע מתחילים בוועדה לקידום מעמד האישה בדיון על נשים בצל הפשיעה 
.@dovhanin מאחורייך 
"1\2 - בעוד יומיים נציין בכנסת את המאבק באלימות ופשיעה בחברה הערבית, תופעה מדאיגה שכבר הפכה למצב חירום אותו שמנו, אני וחבריי לסיעה, בראש סדר העדיפויות. הטיפול בתופעה חייב לבוא עם נכונות ושיתוף פעולה של הממשלה מתוך הכרה באזרחים הערבים כשווי זכויות -&gt;&gt; "
"טיפת אוויר לנשימה עבור התושבים. עכשיו זה הזמן להתאחד נגד הפינוי הלא אנושי הזה ונגד המדיניות הכוללת. כי זה לא רק חאן אל אחמר, לא רק משפחות שנותרות ללא כלום. הממשלה הורסת את הסיכוי למדינה פלסטינית ולשלום "
"הגירוש של חאן אל אחמר הוא פשע מלחמה שיותיר משפחות שלמות ללא קורת גג. הם נאבקים כעת על הבית שלהם ועל בית הספר שלהם שנותן להם תקווה. זה לא רק עוול אנושי, הם נופלים קורבן לתכנית כוללת של הממשלה לפרק את הישובים הערביים בשטחי C, להרחיב התנחלויות ולספח. כלומר - למנוע כל סיכוי לשלום "
"שר החינוך נגד החינוך, שר הביטחון נגד הביטחון, שרת התרבות נגד התרבות, שר התקשורת נגד התקשורת, שרת המשפטים נגד בית המשפט. ממשלה נגד הדמוקרטיה "
"شدوا الهمة! = תתאמצו יותר! נתונים של @Sikkuy שפורסמו במיוחד ליום השפה הערבית בכנסת ביוזמתו של חברי לסיעה @DrJabareen חושף עד כמה השפה הערבית נשארת נחלתם של ערבים בלבד. במקום להיות פתח לתרבות אחרת, הפערים בידיעת השפה מנציחים את ההפרדה בין שני העמים. "
"פותחים את הכנס ""ילדים תחת כיבוש"" על אפם ועל חמתם של החכים מימין. אולם מלא ועוד מחכים בחוץ. מה שמפחיד אותם כל כך זה שאנחנו נמצאים פה ביחד ערבים ויהודים, במאבק משותף, חוצה מפלגות, לסיום הכיבוש וליצירת עתיד אחר לדור הבא. "
"כבר לא ""מדינת היהודים"", עכשיו ""מדינת היהודים שחושבים כמונו"" "
ממה מפחדים בימין הפעם? לא סרטונים של חיילים - סרטונים של ילדים! התקוות והחלומות והאכזבות של הילדים הפלסטינים אולי יחשפו קצת מהאמת של 51 שנות כיבוש 
אנחנו יודעים שאנחנו עושים משהו נכון כשהצל החיוור של ביבי מתחיל לצייץ. @dovhanin @Michal_Rozin @KseniaSvetlova מחר ב15:30 נדון על ההשלכות ההרסניות של הכיבוש על חיים של ילדים ונוער. עוד פרטים בלינק: 
"משפחות וילדים שכבר גורשו פעם אחת על ידי המדינה עומדים שוב מול גירוש נפשע שמשרת תכנית מסוכנת לסיפוח אזורי c.  מתאחדים ומפגינים עכשיו ערבים ויהודים ביחד נגד הניסיון לגרש, להסית, לצמצם את המרחב הדמוקרטי, לרדוף עמותות ולקבור את הסיכוי לשלום. @dovhanin
@mossi_raz "
"נפגשנו היום עם פעילים ממפלגת הלייבור הבריטית להידוק היחסים בין הדמוקרטים בכל העולם, מול הסחף הלאומני הנאו ליברלי. "
"נכון, לא מפתיע שאנחנו עומדים לצד אחד הארגונים הכי חשובים בעולם לשמירה על זכויות אדם. רק מי שמפחד ממה שהארגונים האלה עשויים לחשוף מנסה לגרש אותם. לא מפתיע גם שארדן מציב את עצמו יחד עם מדינות חשוכות אחרות שמונעות כניסה של ארגוני זכויות אדם לשטחן. @hrw "
"החברה הערבית נמצאת במצב חירום כשטובי בנינו נרצחים כמעט מדי יום. מיגור האלימות עומד בראש סדר העדיפויות שלי ושל חבריי בסיעה, אבל זה חייב לבוא יחד עם הכרה אמיתית של הממשלה באזרחים הערבים כשווי זכויות. לא ייתכן שאין כתבי אישום ואין ענישה והמשטרה מתייחסת לישובים הערבים כחצר אחורית "
"תודה @Haaretz, שניים רבים השלישי לוקח! ובכל מקרה אמשיך להוביל את האופוזיציה האמיתית לממשלת נתניהו 

"
"""למשטרה נוח לא לחקור, שיהרגו אחד את השני.. אם יהודי היה נורה, היו הופכים את כל יפו"" עדויות עצובות ומרגיזות לאחר שבחודשיים נרצחו 6 מהקהילה הערבית ביפו. אנחנו ממשיכים לקרוא למשטרה לאסוף את הנשק, להגיש כתבי אישום ,להעניש ולהתחיל להתייחס לאזרחים הערבים ברצינות "
"יצאנו עכשיו, אני וחברי לסיעה חה""כ מסעוד גנאים מפגישה עם מנכ""ל משרד החינוך שמואל אבואב כדי לשוחח על טיפול באלימות ופשיעה בחברה הערבית, שחייב להתחיל מלמטה, בחינוך לסובלנות, בהשקעת תקציבים בבתי הספר ובחינוך הבלתי פורמלי. נפעל לכך ששנה""ל הבאה תהיה שנה ללא אלימות "
"ה""עשבים השוטים"" צועקים ""עלי על הגריל"" והמפגינים בעפולה רק אומרים שהערבים יהרסו להם את החיים. הכל עובר תעודת כשרות של ממשלת נתניהו "
"התמודדות עם ארגוני פשיעה בחברה הערבית וערך חיי אדם כנראה לא שווים כלום ליו""ר ועדת הפנים @YoavKisch שהחליט לבטל את הדיון עבור חצי כותרת. עוד ציון דרך בממשלת הימין הגזענית שחרטה על דגלה מסע דה-לגיטימציה לציבור הערבי. "
תעצמו עיניים חזק חזק חזק ואז בטח הכיבוש יעלם מעצמו וגם לא תצטרכו להסתכל במראה 
"אלה לא עשבים שוטים, אלה קריאות אלימות חוזרות ונשנות שבכירים בממשלה מעודדים כשהם שותפים בהסתה נלהבת נגד הציבור הערבי "
"הם מפחדים

"
אי אפשר להתפלא שבמדינה בה בנו 700 ערים ליהודים ואף לא אחת לערבים התפיסה שאת הערבים צריך לדחוק הצידה לא תחלחל אל האזרחים. ובכל זאת יותר ממדאיג לראות איך התקווה שלנו לחיים משותפים  מתפוררת בגלל שנאה וגזענות שמתודלקים בידי הממשלה 
"ביקרנו היום בבית הספר האקולוגי מצמיגים שנבנה בחאן אל אחמר, הכפר שיפונה וירחיבו במקומו התנחלויות. זה לא רק עוול אנושי, התושבים שחיים כאן בקושי, הם קורבן של הפוליטיקה של ממשלת הימין ושל הניסיון המתמשך שלה לפורר ולפרק את הישובים הערביים בשטחי c ולמנוע כל אפשרות להקמת מדינה פלסטינית. "
"ועדיין בפרקליטות החליטו לסגור את החקירה, כי רק ככה אפשר להמשיך ולטייח את אותו יום נורא שבו השאירו את יעקוב להתבוסס בדמו והכפישו את שמו בקלות בלתי נסבלת ונהגו בתושבים כאילו היו פושעים מסוכנים. "
"שמו של יעקוב אבו אלקיעאן חייב להתנקות לאחר שארדן ואלשיך, האשמים בטרגדיה של אותו יום נפשע, שיחקו באירוע משחק פוליטי מלוכלך. הטרגדיה באום אל חיראן עוד תיזכר בהיסטוריה כציון דרך ביחס של המשטרה והממשלה לחברה הערבית. "
"ארדן קורא לי ""אויב מבפנים"", ""משתף פעולה עם הגרועים שבאויבנו"". לפי הסעיף בחוק צריך להכניס אותי ל-40 שנות מאסר, האם כשר לביטחון פנים הוא מתכוון לבקש מהמשטרה לחקור אותי? @giladerdan1: ""אויב מבפנים באופן מטאפורי"". משורר. "
קורת גג היא זכות בסיסית. משבר הדיור לא נוגע רק בשאלה כמה דירות בונים אלא גם עבור מי. גאה להיות חלק מהצעת החוק הזו. 
"עכשיו בגדה השמאלית בתל אביב. מציינים היום 51 לכיבוש של 67 כדי שהתאריך הזה לא יהיה סתם עוד יום, שהכיבוש לא יהפוך לשגרה ולייאוש, כדי שהדורות שנולדו אחרי ידעו גם מציאות אחרת ויוכלו להפסיק לספור. חייבים להציב אלטרנטיבה בשביל החיים המשותפים שלנו כאן. לכל עם מגיע מקום תחת השמש. "
"אל מול האטימות סיפרתי אתמול במליאת הכנסת סיפור אחד. לסיפור הזה יש שם ופנים. קוראים לה רזאן א נג‘אר. היא נולדה בעזה, היא הייתה חובשת. כשהייתה בת 10 נכפה עליה מצור, כשהייתה בת 12 חוותה מלחמה ראשונה ואחר כך בגיל 15 ושוב פעם בגיל 17. המצור הזה בסוף הרג אותה כשהייתה בת 21. "
"""אנחנו יודעים איפה כל כדור הגיע, הכל היה מדויק ומדוד"". כך טען  הצבא בעצמו. ואתמול? ירי הצלפים הגיע לפלג גופה העליון של החובשת רזאן נג'אר בת 21, שטיפלה בפצועים מההפגנות על גבול עזה. בראיונות קודמים סיפרה איך היא גאה לשרת את מולדתה ולהציל אנשים. היום חיי המלאכית המטפלת נלקחו. "
"הבוקר עם הצוות של @DemocracyIL. ההסתה נגד הציבור הערבי זה עוד חלק בפאזל. התקשורת, בית המשפט, העמותות, האוניברסיטאות - הדמוקרטיה נמצאת תחת מתקפה של ממשלת הימין הקיצוני. "
"ביום שני נרצחה סמר ח'טיב מיפו. חדר אבו סייף, חבר ילדות של סמר, כתב עליה ועל ""הסטטיסטיקה היפואית"" - 6 מבני כיתתו נרצחו בגלל האלימות המתפשטת בחברתנו. הקראתי את דבריו אתמול בכנסת. ""סמר בואי נצא מהשיעור פעם אחת אחרונה. נקנה מסבחה ונשב בחוף ותספרי לי שוב על התוכנית הגאונית שלך לברוח"" "
"די להפקרות הפועלים השקופים. זהו העובד החמישי שנהרג מתחילת החודש, לאחר שרק אתמול נהרג נאיף אבו קווידר בן ה-46. "
"באוהל של ""נשים עושות שלום"" המופלאות שיושבות מול הכנסת כל מושב הקיץ. בכל העולם נשים הוציאו את עמן ממצבי סכסוך. יש קשר ישיר בין המלחמה לבין אפליית נשים, בין שלום ותקווה לבין נשיות. גם כאן למרות המציאות הקשה הן לא מוכנות לוותר על סיכוי לשלום. @WomenWagePeace "
"הרוב המוחץ של האוכלוסיה הערבית בישראל רוצים גם השתלבות וגם זהות לאומית, השאלה היא האם רואים בנו אזרחים? אם כן, אז מעניין אותנו לא רק הביוב ברחובות אלא גם השלום, גם הכיבוש, גם כלכלה, גם צדק חברתי וגם איכות הסביבה. די לנסות לשים אותנו בפינה. "
"האלימות בקרב האוכלוסיה הערבית, הנתונים על הפשע ועל אי-האכיפה - אלו נושאים שהיו צריכים לחצות מפלגות. האזרחים סובלים שנים, החברה שלנו מאבדת את בניה. כמובן שזה לא הפריע לשר לביטחון פנים @giladerdan1 באותה נשימה להאשים אותנו, להסית נגדנו ולהצביע נגד הצעתי היום להקמת ועדת חקירה בנושא "
"RIGHT NOW: The events of the past week have taught us once again how important it is to raise our voices against this government's policies. In the face of violence and intimidation, we are here Arabs and Jews together, to remind that a better future for both peoples is possible. "
אירועי השבוע האחרון לימדו אותנו כמה חשוב להשמיע את קול המחאה נגד מדיניות הממשלה! אז אנחנו כאן - ערבים ויהודים - להזכיר שיכול להיות כאן עתיד אחר לשני העמים. 
חבל שלא צייץ שתוך 48 שעות אני בכלא - אז בכלל הייתי יודע שאין מה לדאוג. 
"מול המשטרה במחאה על המעצרים, האלימות ובעיקר על ההתייחסות אל האזרחים הערבים כאל אויב ולא כמי שמגיעים להם הזכות לביטוי ולמחאה. ממשלת נתניהו אמנם גמרה אומר להשתיק כל ביקורת ואופוזיציה, אבל אותנו לא תשתיקו. "
@RMatsliah  את הרוב המוחלט של הזמן שלנו אנחנו מקדישים באופן אינטנסיבי לנושאים אזרחיים של הציבור הערבי ובכלל. האמת היא שזו התקשורת הישראלית שבדרך כלל לא מעוניינת לסקר את זה. ונוציא בזה את @akivanovick שהלך לבדוק את העובדות: 
גאה בסטודנטים באוניברסיטת תל אביב שבחרו גם לשבות היום בראש מורם בסולידריות עם עזה 
"משתתף בהפגנה עכשיו באום אל פחם נגד הירי הקטלני בעזה. אין שום דבר שמצדיק את האש החיה - כשכל מפגין ניתן להתיר את דמו כאילו חייו אינם שווי ערך. הממשלה ממשיכה לעצום עיניים לכאב, הייאוש והעוני של תושבי עזה - שהגיעו למחות על חייהם בתוך הכלא שנקרא 'הרצועה'. "
"מפגינים עכשיו במקביל לטקס פתיחת השגרירות האמריקאית ביחד עם ועדת המעקב של האוכלוסיה הערבית. עשרות הרוגים שילמו בחייהם היום על הבריונות של ברית טראמפ-נתניהו. מחובתנו להתייצב מול מחרחרי המלחמה ולהציב אלטרנטיבה מוסרית ברורה של חיים לשני העמים, של שלום לשני העמים. "
"עם סטודנטים וסטודנטיות באוניברסיטת תל אביב לציון יום הנכבה. לזכור ולהכיר בעוול שנעשה לפלסטינים זה צעד ראשון לתיקון ולעתיד משותף של ערבים ויהודים על האדמה הזו, למימוש זכויותיהם ובראש ובראשונה הקמת מדינה פלסטינית לצד מדינת ישראל. "
"מלא הערכה לכל העובדים והעובדות, הסגל, הסטודנטים והסטודנטיות - שהתארגנו ביחד ונאבקו מאבק ארוך למען זכויותיהם. "
"אתמול ביקרתי ביקור עצוב וקשה בביתה של זוביידה. הכאב על מותה הבלתי נתפש חדר אל כולנו. אסור לנו להיכנע לחוסר אונים. המאבק באלימות הוא ארוך ועיקש, אבל אנחנו חדורי רצון ומטרה. אנחנו לא מוכנים לאבד כך את בנינו ובנותינו. "
"נפגשתי היום עם תלמידים מקסימים של בית הספר הריאלי בחיפה. דיברנו על בניית שותפות ערבית יהודית, שכל כך נדרשת במיוחד בעיר כמו חיפה. תמיד שמח לפגוש את מי שיהיו דור העתיד, הסיכוי שלנו לשלום ושוויון. "
חוק חשוב שיזם חבר הרשימה המשותפת @DrJabareen 
"ממשיכים לעבוד. אתמול בבאקה אל גרביה, אסיפה נגד האלימות בקרב האוכלוסייה הערבית. מתחילת שנת 2018 נהרגו 17 אזרחים ערבים, ביניהם 13 מאזור המשולש. זה הולך להיות מאבק עיקש וארוך, אבל הציבור הערבי דורש אכיפה ואיסוף נשק, דורש ביטחון. "
"דם הפועלים על ידיהם של שרי הממשלה. אלו פועלים שקופים, המוחלשים ביותר בחברה, הממשלה ממשיכה להתעלם מהזילות המוחלטת לחיי אדם בענף. מאחורי כל שם של הרוג עומדת משפחה כואבת, ועד היום אין מי שיתן את הדין על מותם - כשברור לכולנו שההרוג הבא הוא רק עניין של זמן.
"
"צריך להחרים חברתית את חברי כנופיות הפשע וצריך להקים ""ועדות עממיות"" בתוך הישובים הערבים. אבל בעיקר נדרשת כאן החלטה היסטורית של המשטרה לאיסוף הנשק. הציבור תומך.

"
"45 חתימות, מכל סיעות האופוזיציה - דורשים התנצלות מנתניהו על ההסתה המשולחת רסן בבני סכנין. מה עם הקואליציה? משמעת קואליציונית לא מפרים גם במחיר של גזענות, מסתבר. (להוציא @AKRAMHASSON) "
"להתצל בפומבי, בדיוק כפי שהסית. "
עכשיו מול משרד ראש הממשלה. דורשים ערים נקיות מנשק! 
"צעדת האחד במאי, עכשיו בתל אביב. השבוע הראשון למושב התחיל עם הסתה משולחת רסן של הממשלה נגד הציבור הערבי, מחוק הלאום ועד בני סכנין. נתניהו מבקש להחריב את המרחב הדמוקרטי, אבל אנחנו לא מפסיקים להיאבק למען השוויון. "
"""דמו של המורה יעקוב אבו אל־קיעאן זועק מן האדמה"". מאמר המערכת הבוקר בהארץ

"
"""בושה וחרפה. אני מצפה מכל מנהיגי הציבור לגנות בכל תוקף התנהגות מבישה זו."" "
עכשיו רק נשאר לכתוב קינה לחופש הביטוי. 
"לתחושתי יש הסתברות גבוהה שגם עכשיו ארדן ימשיך לשקר. 

"
"איימן ג'אבר נעדר כבר 6 ימים לאחר שנסחף בשטפונות בנגב. זה בלתי נתפס שטרם אותר. לצד הכאב וחוסר הוודאות, ראיתי את הפנים היפות של החברה שלנו בדמותם של מתנדבים וחברים שהגיעו לסייע בחיפושים. כוחות החילוץ הבטיחו שמחר יגבירו את החיפוש בצורה ניכרת. לבי עם המשפחה, ונמשיך לעקוב. "
הבוקר ביקרו אותנו בכנסת תלמידי תיכון מסחנין. תמיד שמח להיפגש עם הנוער בשביל לספר להם על עבודתנו אבל בעיקר בשביל לקיים דיון ער וחשוב סביב סוגיות האוכלוסיה הערבית 
"בכנס של @keren_berlk. ה1 במאי הוא יום היסטורי לציון המאבק לשוויון - אבל רלוונטי מתמיד כאן ועכשיו. החברה הערבית בישראל סובלת מאפליה מתמשכת, מעוני ומאלימות. בשביל לעקור את האפליה והגזענות מהשורש אנחנו זקוקים לממשלה שלא מסיתה נגד אוכלוסיה שלמה אלא רואה בהם את אזרחיה. "
"ביקרתי עכשיו אצל אחמד ג'אבר בטייבה, אחיו של איימן, שחמישה ימים אחרי השיטפון בנגב - עדיין נעדר. ""למה את כל היהודים מצאו ואותו לא?"", שאל אותי אחמד. אצל מי התשובה? @IL_police "
"לציון האחד במאי, לפנות בוקר הלכנו לחלק פרחים לפועלים הפלסטינים במחסום אייל, שמרגישים כל יום את עול הכיבוש על כתפיהם. התורים הארוכים ממחישים את החיבור בין המאבק המעמדי למאבק למען שחרור לאומי "
"פייק ניוז נוסח נתניהו, ששכח את תפקידו ומתנהג אחרון הבריונים ביציע. את ראש הממשלה לא מעניינות העובדות. מ""הערבים נוהרים"" ועד ""הם לא עמדו דום"" - עסוק רק בהסתה. מכאן, המרחק לפשע שנאה הוא רק כמה צעדים. "
"ביחד עם אלפי מפגינים היום בצעדת האחד במאי בנצרת! אל מול ההסתה, אל מול הגזענות, אל מול האלימות ואל מול הכיבוש - המאבק המשותף שלנו לשוויון רלוונטי מתמיד. "
וּמִשְׁפָּט אֶחָד יִהְיֶה לָכֶם? 
"שוב הושחת בית קברות עתיק בצרפ.. לא, רגע, הפעם זה בית קברות מוסלמי ביפו. מישהו שם לב? מישהו התקומם? "
"ביקרתי עכשיו עם ראש מועצת אכסאל את בעל הבית שנפגע מפשע השנאה. מי שינצח זה מי שמאמין בדרך אחרת, מי שמאמין ברוח האדם ועקרון השוויון. יהודים וערבים ביחד ינצחו את תג מחיר ואת הגזענות. "
"أهنئ أبناء شعبنا الأصيل المحتفلون بعيد النبي شعيب في الجليل والكرمل. يدًا بيد لنبني غدًا مشرقًا. زيارة مقبولة وكل عام وأنتم بألف خير.
אני מברך את בני עמי שחוגגים בחג הנביא שועיב בגליל ובכרמל. יד ביד נבנה את המחר לעמנו במולדתו. חג שמח וביקור מבורך. "

"מתארח בפודקאסט של @Haaretz על הטור שלי ""באתי להפריע לחגיגה"". ב48' פקד אסון את העם שלנו ואני מזכיר את זה כי הכרה בעוול ההיסטורי מחזקת את האזרחות והשייכות המשותפת, מחזקת את שני העמים. "
"חבר כנסת מאחל לנערה בת 17 לחטוף כדור ׳לפחות בפיקה׳ - ככה נראית הממלכתיות החדשה של בנט, סמוטריץ כנציג נערי הגבעות בכנסת. "
"ארדן לא מסוגל לבצע את תפקידו כראוי ולכן משתמש בשקרים באופן סדרתי כדי להסית נגד האוכלוסיה הערבית. זה התחיל עם השריפות בכרמל והמשיך באום אל חיראן. הגיע הזמן שהשר שאמור להיות אמון על בטחון הפנים יסתכל על התנהלותו, שהיא לא רק מביכה אלא גם נפשעת, ויגיש מכתב התפטרות. "
"ממשלת נתניהו משתלטת על המרחב הדמוקרטי. היא מסיתה נגד בית המשפט, נגד העמותות, נגד הציבור הערבי. אין ראש ממשלה שהסית נגדנו יותר מנתניהו, שמסוכן לשני העמים. 
דבריי בשבתרבות עם @AmalyaDuek "
"I am sure that to be able to create the kind of future I want for my children — one in which they can live with equality and in peace — Israelis will have to do more than recognize the Nakba. They will have to end it. @nytopinion
"
"באתי להפריע! בזמן שאתם נערכים לחגיגות השביעים למדינה, חגיגות שבהם תפקידי הוא להיות רוח רפאים, החלטתי לבוא ולהפריע. אבל אני לא רוצה להפריע לשם ההפרעה, אלא על מנת לייצר דיאלוג אמיתי וכן, דיאלוג ששואף לעשות תיקון עבור העתיד של כולנו. מאמרי היום ב@Haaretz 
"
"סרטון שמחריד את הנפש, צהלות השמחה על לקיחת חיים ומה שעל פניו נראה כמו הוצאה להורג של מי שלא סיכן איש. החייל שירה וצילם צריך לעמוד לדין אבל מי שנתן את הפקודה לירות במפגינים לא חמושים הוא מי שמסוכן באמת. "
.@btselem באומץ וביושרה אומרים את האמת הברורה. ירי במפגינים לא חמושים הוא פשע והוא אסור גם לפי הדין הבינלאומי אבל גם ובעיקר לפי מוסר אנושי בסיסי. 
"לביבי יש שיטה אחת קבועה הסטה על ידי הסתה אבל הפוסט הזה הוא לא רק סימן לאיבוד עשתונות מוחלט אלא תעודת כבוד ל- @NIFIsrael 
ביבי יודע ממה הוא מפחד - מאבקים ציבוריים שצומחים מלמטה למעלה ומחברים בין קבוצות שהוא כל כך מנסה שישנאו אחת את השנייה. הפחד שלו זאת התקווה של כולנו לעתיד. "
"לוח השנה של האזרחים הערבים והיהודים נפרד עדיין בהרבה צמתים, מחר שהאזרחים היהודים יחגגו את הפסח, אנחנו נציין את אחד הימים החשובים ביותר עבורנו בכל שנה - יום האדמה. האדמה היא לא רק סמל כי אם האפשרות לחיים, למשפחתיות וקהילתיות. קחו רגע ותנסו להבין את יום האדמה מנקודת המבט שלנו. "
"בנט הפאשיסט המסוכן מתחנף למיינסטרים עם חלוקת פרסים שתגרום לו להראות ממלכתי, ובמקביל בשקט מעביר קוד אתי לאקדמיה שלקוח מהמשטרים האפלים ביותר. 
אקדמיה בלי דעות פוליטיות ובלי חופש ביטוי היא לא אקדמיה! 

 "
"ريم بنا. واحدة من أركان الأغنية الفلسطينية والتقدمية التي نشأت أجيال على صوتها، وأنا واحد من هذه الأجيال. وداعًا ريم بنا.
RIP Reem Banna. One of the pillars of the progressive Palestinian poetry, generations lived with the inspiration of her words and I am one of them. @rimbanna "
"זהו סאלם אסמאיל קותינא, בן 40, מדורא, הפועל ששילם הבוקר בחייו על ההפקרות באתרי הבנייה. חיי הפועלים אינם הפקר! #פועל_נפל "
"אלה התוצאות של פרוייקט ייהוד הגליל אחרי שחנקו את הישובים הערבים וסירבו להקים אפילו ישוב ערבי אחד חדש, המציאות מתגלה כהרגלה כחזקה יותר מכל אג׳נדה גזענית. קורא לתושבי כפר ורדים לא להיגרר אחרי ההפחדות האנטי דמוקרטיות של הממשלה ולאפשר יצירת חיים משותפים בישוב. "
"רואים את צבע המים בבקבוק שאני מחזיק? ככה נראים המים ב-2018 בכפר שעב בצפון. את המים האלה ילדים אמורים לשתות, משפחות אמורות לבשל ולהתקלח. רשות המים תתעוררו - מגיע לתושבי שעב כמו לכל אזרחי המדינה מים נקיים! "
"היום לפני שבע שנים נפטר תופיק טובי, מי שאני רואה בו כמורה הגדול והנערץ.
טובי היה מנהיג המאבק למען הישרדות האוכלוסייה הערבית במולדתה ומנהיג המאבק נגד הממשל הצבאי.
בן אדם שהאמין בכל נימי נפשו באחוות עמים, שלום, דמוקרטיה וצדק חברתי. "
"אז עכשיו הצבא מפיץ שקר מתועב כאילו מחמד תמימי נפצע בתאונת אופניים, לירי במחמד היו מספר עדים הוא הובהל משם לבית חולים לניתוח - קליע הוצא מראשו(!) הטיפול מתועד בדוחות רפואיים וצילומים. ואם הצבא הצליח שוב להוציא מקטין הודאה בדבר שלא קרה במציאות זה רק עדות נוספת לאכזריות של הכיבוש. "
"בזמן שכולכם מצייצים על אי הצדק במערכת המשפט ועל פישפשים בתא, הלילה הצבא עצר עוד קבוצה של צעירים בנבי סאלח. בין העצורים מוחמד תמימי בן ה-15, בן דודה של עהד שנורה על ידי חיילים ביום התקרית המפורסמת וגולגולתו רוסקה. "
"עומדים בקצה ההר מול כלא שש בשביל שהסרבנים האמיצים שבכלא יוכלו לשמוע את קולנו ולהתחזק. אמנם מספר הסרבנים והסרבניות הוא קטן אך הם קול המצפון ההולך לפני המחנה. גאה בכם חברים, תהיו חזקים. "
"أنت الأمل لإنقاذ صديقي يوسف. يوسف طارق عفيفي عمره سنة ونصف من الناصرة، قد أصيب بمرض خاص، وشفاؤه يتم عن طريق التبرّع بعيّنة صغيرة من اللعاب.
التبرّع سيتمّ اليوم من العاشرة صباحًا حتى السادسة مساء، في المركز الجماهيري ابن سينا، في الحي الشرقي في الناصرة. "
"תכירו את יוסף החמוד - יוסף טארק עפיפי, בן השנה וחצי מנצרת, חולה אך קיימת אפשרות להצילו וכל מה שצריך לעשות זה בדיקת רוק קצרה.
היום מתקיים יום מיוחד לבדיקות להתרמת מח עצם, עד שש בערב, במתנ""ס אבן סינא בנצרת בשכונה המזרחית.
בואו - כי אולי ביכולתכם/ן להציל את חייו! "
"הקואליציה מתחילה לגמגם והדיון הבוקר על חוק הלאום נדחה, מבחינת נתניהו מדובר במכה רצינית כי הוא זקוק למנת ההסתה והשנאה לזרוק למצביעיו בשביל להסיח את דעתם. נתניהו כחיה פצועה מסוכן יותר מתמיד וזאת רק עוד סיבה למה הוא חייב ללכת הביתה. "
"אין ספק כי לע״מ מייצגים נאמנה את ממשלת נתניהו הגזענית - כנס בנושא תקשורת ומשטרה ואף לא משתתף אחד ערבי, לא עיתונאי ולא צלם. 20% מאזרחי המדינה פשוט לא קיימים עבור לשכת העיתונות הממשלתית. "
עם הנשים הנחושות של @WomenWagePeace ערביות ויהודיות שהחליטו שהן לא מוכנות להיות אדישות יותר ושהן לוקחות את הגורל של כולנו בידיהן ומנסות להביא את השלום. מפגש מלא תקווה. 
"ההפקרות בענף הבניין ממשיכה לגבות קורבנות - נטע רוטמן מי שהקדישה את חייה  לשילוב אנשים עם מוגבלות בשוויון ובכבוד בחברה, היא ההרוגה השביעית השנה, גם היא נפלה קורבן לעצימת העיניים הממשלתית ולאטימות הקבלנים שילוב שמפקיר את הפועלים למותם. די!
#פועל_נפל "
"הגעתי היום עם חברי @dovhanin לפגישת חירום בסוסיא, כפר פלסטיני קטן ואמיץ שנאבק כבר שנים נגד תוכניות להחריב את הכפר ולגרש את תושביו. הגענו לפה בשביל להגיד שאנחנו נעמוד עם התושבים, פה ובכל מקום, נגד התוכנית של ממשלת נתניהו שרוצים לספח כמה שיותר אדמה עם כמה שפחות אנשים. "
"התחלתי את היום עם התלמידות והתלמידים החכמים והסקרנים בתיכון אלשאג׳ור במג׳ד אלכרום, לשיחה מרתקת על העבר וההווה והאתגרים שמוצבים בפני כולנו ובמיוחד מולם, דור העתיד. עכשיו אני בדרכי לפגישת חירום בכפר סוסיא שבדרום הר חברון ועל זה בציוצים הבאים &gt; "
Extraordinary international mobilization calling for the release of Ahed Tamimi - because injustice is injustice from every point of view. Thank you @SarahKSilverman. #FREEAHEDTAMIMI 
"רק היום נפגשתי עם תלמידים ותלמידות מתיכון אורית מנצרת, מתיכון כפר מנדא ומבית ספר קשת מירושלים. לדעתי פגישות עם הדור הצעיר הן מהחלקים החשובים ביותר בעבודתנו.
בהזדמנות זו אני פונה אליכם תלמידים ואנשי חינוך ומבקש שתזמינו אותי למפגשים על מנת לקיים דיון פתוח עם תלמידים בכל רחבי הארץ. "
"הייתה לי הזכות להיפגש היום עם פרופ׳ זאב שטרנהל, דיברנו על ההיסטוריה על ההווה ועל העתיד, על ההקצנה הלאומנית בחברה הישראלית מול התקווה שעדיין קיימת אצל שנינו לשלום. הייתה שיחה מרתקת ולרגעים אפילו אופטימית. "
"עולה בקרוב לנאום בפתיחת כנס העסקים של החברה הערבית של @calcalist - לדבר על ההישגים של השלוש שנים האחרונות לצד האתגרים הגדולים שעדיין ניצבים בפנינו במאבק לשוויון. 

מוזמנים לצפות בשידור החי: "
"את הסיפור כולו אפשר להבין מליליאן זיידאן שאיבדה את בנה ג'ואד חליל, שהוא רק בן 19 בנפילה מגובה של 23 קומות. על מותו היא שמעה מחבריו ומאז ועד היום איש מהמשטרה לא יצר איתה קשר רק בעקבות התערבות @Haaretz היא עודכנה שהתיק נסגר מחוסר ראיות כשאפילו הפועלים שעבדו לצדו לא התבקשו לתת עדות. "
"בדיון בועדת העבודה והרווחה על הצורך הדחוף בהקמת יחידת משטרה ייעודית לחקירות של תאונות בענף הבנייה. בלי הרתעה פלילית וכספית משמעותית אנחנו לא נראה שינוי, בינתיים התיקים נערמים במשטרה ואיש אפילו לא טורח לחקור.
#פועל_נפל "
"שריפה פרצה הערב במטה המיתולוגי של @Hadash_org בתל אביב - הגדה השמאלית. במקום הייתה פעילות של תנועת הנוער שלנו, בנק״י ורק בזכות תושיה ואומץ לב של אנשים שעברו ברחוב וראו את האש ורצו פנימה לחפש אנשים זה נגמר בלי פגיעות בנפש. אנחנו עוד לא יודעים מה הסיבה לשרפה ומקווים שמדובר בתאונה. "
"ילדה בת 14 מושלכת במעבר ארז בכניסה לעזה, שם מעולם לא הייתה, מבלי שאף אחד אפילו טורח לעדכן את הוריה. 
הכיבוש לא מרחם על אף אחד, גם לא על ילדות - ויום הולדת 17 שמח לעהד תמימי שעדיין נמצאת בכלא של הכיבוש למרות שלא פגעה ולא סיכנה אף אדם.

 "
"ארדן לא צריך להתנצל על זה ששיקר והסית, והמפכ״ל לא צריך להתנצל על זה ששוטרים ירו באדם חף מפשע והשאירו אותו להתבוסס בדמו עד שמת - הם לא צריכים להתנצל, הם צריכים להתפטר!

ותודה לחברי @mossi_raz שהעלה את הנושא.
"
"בדיון בועדת הפנים על התוכנית הממשלתית לגירוש פליטים, לצד העוולה הנוראית יש בדיון הזה הרבה תקווה בהתגייסות הציבורית נגד הגירוש. דברים חזקים אמרה שולה קשת תושבת דרום תא: ׳נווה שאנן, השכונה שלי היא זירת פשע והפושעים הם ממשלות ישראל לדורותיהם שהפקירו אותנו ולא הפליטים שהצטרפו למצוקה׳ "
מוקדש לשר השיסוי והצנזורה ולכל האנשים בכל הצבעים. 
"היחידים שייצגו את מתנגדי הכיבוש ושוחרי השלום והדמוקרטיה הישראלים הם חברי הרשימה המשותפת. באדישותם הספונטנית הוכיחו שאר חברי האופוזיציה, כי מי שעומד בראשם אינו אלא נתניהו בכבודו ובעצמו, ושהם ראויים לתפקידם השולי בתיאטרון הבובות הלאומני שמנהל ראש הממשלה. "
"עם התלמידים והתלמידות האמיצות מתיכון הרדוף - בנט ניסה למנוע מהם לשמוע את @ShovrimShtika כי הכי קל זה לשלוח אותם לשים מדים ולקחת נשק בלי שהם יודעים מה קורה מעבר לחומה ומאחורי המחסומים, אבל הם באו עד לכנסת כי הם כן רוצים לדעת. 
סיום הכיבוש הוא אינטרס של כולנו. "
"שוטרים גזלו מחאלד אלג׳עאר את בנו האהוב ואחכ כרגיל שיקרו וטייחו את החקירה, בנובמבר הודיעו לו שהשוטר שהרג את בנו ללא כל סיבה יועמד לדין משמעתי באשמת עדות שקר, וזהו. אתמול 3 שנים אחרי הוא תלה את השלטים האלה ברהט אז המשטרה באה ותלשה אותם. חאלד מבקש שנפיץ את הזעקה שלו. רטווטו. "
אני נמצא עכשיו בכפר נבי סלאח יחד עם אלפי פלסטינים ויהודים שהגיעו לכאן לקרוא לשיחרורן של עהד ונרימאן תמימי הגיבורות. שמחתי לראות כאן קבוצה גדולה ומשמעותית של מפגינים יהודים ואת הסרטון הזה אני מקדיש להם. 
"זוכרים את מוחמד בדראן? מוחמד היה בן 15, ילד טוב להוריו, תלמיד, חבר. ביוני 2016 הוא חזר בלילה מבילוי משפחתי. חייל שראה אבנים על הכביש פתח באש על הרכב שבו נסעו והרג את מוחמד. הצבא הודה שמדובר היה בירי לא מוצדק אבל הקצין שירה אפילו לא יועמד לדין, כי דם של ילדים פלסטינים הוא דם זול. "
גאה בחברי @AidaTuma ו-@dovhanin שקיבלו היום את האות המשמר המגדרי על הצטיינות בפעילות למען שיוויון לנשים ושמובילים תמיד בעשייה חברתית ופוליטית. نفتخر بكما! 🌹 
"בדיון בועדת חינוך ביוזמת ה-@NIFIsrael שהגיעו לכנסת יחד עם תערוכת הצילומים ׳חום אנושי׳ שמציגה את הימים הקשים של גל השריפות, אך גם את הכוח והיופי האנושי שנעמדנו ביחד, ערבים ויהודים, נגד האש הפיזית ונגד אש ההסתה. "
"نطاول بكم السماء. ألف مبروك. 
אין מילים חוץ מגאווה גדולה. 
למרות אפלייה בתקציבים, הזנחה וממשלה שרודפת ומגדפת, הצעירים והצעירות שלנו ממשיכים להצטיין ולכבוש עוד ועוד פסגות. "
"Waiting with the Tamimi family and others supporters in the Ofer military court. This legal process is entirely motivated by retaliation against this courageous women whose behavior has harmed nothing but the pride of the occupier.
#FreeTamimiWomen "
"תמיד הבחירה להתלונן היא הבחירה הקשה, אך במקרה של אישה שחיה תחת כיבוש ומתלוננת בפני אותה מערכת, זה דורש אומץ וכוח בלתי נתפס ובתמורה שוב - במקום חקירה טיוח. אסור שהמקרה הזה יעבור בשתיקה. מגיש בקשה לדיון דחוף בכנסת ומבטיח לעדכן בהתפתחויות.  "
"שנה אחרי והם אפילו לא החליטו אם לפתוח בחקירה! הם מעיזים להגיד לנו שהם עדיין בודקים, אחרי שירו באדם חף מפשע, השאירו אותו להתבסס בדמו עד שמת ואז הכפישו את שמו והסיתו נגד כל תושבי הכפר. לא נשקוט עד שהאמת תצא לאור. ארדן ואלשיך הם האחראים ושניהם צריכים להתפטר! "
"אמיצות ואמיצים, כמה מרגש ומשמעותי לראות את בני הנוער האלה נעמדים מול החברה כולה ואומרים בקול הכי צלול וגאה - לא נשרת את הכיבוש והדיכוי של העם הפלסטיני. יום אחד החברה כולה תעריך את פועלכם. "
"There is not even one Christmas tree in a public space in the Knesset. In fact, there is no mention of Christian or Muslim holidays. So, in honor of everyone celebrating the holiday, I decided to put a Christmas tree in my office. All are welcome to enjoy it, my door is open. "
"עד כמה מזלזלת המשטרה בחיי אדם כשמדובר באזרחים ערבים? תסתכלו על הנתונים בתמונה שחשף חברי ח״כ @DrJabareen - מדובר בלא פחות מרישיון להרוג עבור עבריינים, דמנו הפקר!

לכתבה המלאה והחשובה של @NoaShpigel 
"
"מקווה לראות שרוביק דנילוביץ' יתעשת ולא יצטרף לגל הלאומני של סתימת פיות ויעצור את הרדיפה של @DukiumHeb. #מולתקא-מפגש הוא בית תרבות יהודי ערבי והמקום היחיד בעיר שפועל לאפשר מרחב משותף, סגירתו תפגע בנגב כולו. "
"Merry Christmas from the holy land. The streets where Jesus once walked, from Nazareth to Bethlehem, are lit with hope that we may celebrate Christmas in the Land of Peace after peace has been established.
Happy holidays to all! "
"אנחנו נמצאים עכשיו בבית המשפט המחוזי בבאר שבע מחכים להקראת גזר דינו של השייח סיאח אלטורי מהכפר הלא מוכר, הנאצל והעיקש אלעראקיב. המדינה שהרסה את הכפר כבר למעלה מ-120 פעמים לא בוחלת בשום אמצעי במאבק האכזרי שלה נגד תושבי הכפר. אנחנו קוראים לסולידריות עם השייח ועם כלל תושבי הכפר. "
"להתקף האמוק הנוכחי של ליברמן יש הסבר אחד - ריח בחירות. אבל אסור לנו להתעלם מהמשמעות הרחבה של המסרים הפשיסטים שיוצאים מפי שר הביטחון. 
מאמר שלי שפורסם הבוקר ב- @Haaretz: 
"
"עם אחיה ובת דודתה של עהד תמימי בנבי סאלח.
אמרו לי, כי המאבק הוא דרך חיים, גם לילדנו וגם לגדולים שבינינו, שלא ייפסק אלא בסיום הכיבוש.
חירות לעהד תמימי! 
#freeAhedTamimi "
נפגשתי היום עם תלמידות מבית ספר ח׳דיג׳ה באום אלפחם וחשבתי שהחיוך המקסים והביטחון העצמי שלהן הוא התשובה הטובה ביותר להסתה של ליברמן. 
RT @Israelcohen911: הידברות זה חשוב. יו''ר הסיעה המשותפת איימן עודה בניחום אבלים אצל בני מרן ראש הישיבה הגראי״ל שטיינמן זצ״ל. 
נתניהו שולח את ראש הסגל שלו על מנת למנוע משכניו באחד הישובים העניים ביותר בארץ כל אפשרות לפיתוח וצמיחה ועוד משתמש במגוריו בשכנות כסיבה למניעה - אין גבול לרשעות ולגזענות. חשיפה חשובה של @RavivDrucker 
ליברמן: ״צריך להחרים את כל המתנחלים ולשלול להם את האזרחות!״ 
"מברוק לקרן מנור ו-@activestills! שתמיד נמצאים שם לתעד כל מאבק לצדק, לשיוויון ונגד הכיבוש, אין ספק שלעבודה של קרן היה תפקיד מכריע בחשיפת האמת על התוקפנות והאלימות המשטרתית באום אל חיראן. שוקראן! 
"
"התראיינתי ביומן הבוקר ואמרתי שכל אזרח במדינה חייב לשאול את עצמו מה העתיד שהוא רוצה לראות כאן - המשך הכיבוש והשליטה על עם אחר או שלום. אם אתם תומכים בשלום אתם חייבים להתנגד להצהרה של טראמפ. האזינו.  

"
"ניצחון חשוב לחופש הביטוי והיצירה. גאה בחיפה עירי שממשיכה לתת דוגמה לאפשרות של בניית חיים משותפים.  תיאטרון אל-מידאן הוא חלק בלתי נפרד מהנוף התרבותי של חיפה ומהווה מרכז חשוב עבור כל הציבור הערבי במדינה ולא ניתן שהוא יסגר.
 "
גאה בפורום העובדים של חד״ש ובפעילי בנק״י שהשמיעו היום את הקול המושתק של הפועלים בענף הבנייה. דם פועלי הבניין הפקר והאחריות היא על שרי הממשלה! 
"הערב בהדלקת עץ האשוח בעיר הבשורה נצרת. 
כולם מוזמנים בתקופת החגים לישובים הערבים ליהנות מרוח החג, מקישוטים יפים ושווקים מיוחדים. חג שמח!! "
שר האכזריות והשחיתות. העובדה שהוא השר הממונה על הרשות להסדרת התיישבות הבדואים אומר בדיוק מה היחס של הממשלה הזאת לאזרחים הערבים. הזכות למים היא זכות אנושית ואזרחית בסיסית! 
"רק עכשיו, אחרי שאנחנו חשפנו תיעוד שבו אני מותקף ע״י השוטרים, הם נחקרו על תקיפה ורק על מה שנראה בסרטון ולא על הירי שהוביל לפציעתי. אז לאיזה צדק יעקוב אבו אלקיען יכול לצפות ממח״ש?! 
חייבת לקום ועדת חקירה עצמאית. 
"
"תסתכלו לו בעיניים - מחמוד כנאענה, רק בן 17, נפל היום למותו באתר בנייה בטבריה. ההרוג ה-32 בתאונות בענף הבניין מתחילת השנה!! ואז תשאלו את השרים ארדן וכץ ואת כל ההמשלה הרעה הזאת איך אין כסף מ-2016 לתקצב יחידה לחקירת תאונות בניין?
  "
"דוברות המשטרה ניסתה להכחיש שהותקפתי על ידי השוטרים באותו לילה נורא באום אל חיראן, הסרטון הזה מוכיח את תחילת העדות שלי - שוטרים תקפו אותנו, ריססו גז פלפל ישירות לעיניים וירו רימוני הלם, לצערי ירי כדורי הספוג ממנו נפצעתי לא מתועד. "
"אח ואחות נוסעים ביחד ושומעים מוזיקה, עד שיריות חודרות לפתע לרכב, האח נהרג האחות נפצעת. היורים לא עומדים לדין על רצח אפילו לא על הריגה הם ננזפים על כך שהתנהגותם הייתה לא מקצועית. המציאות המזעזעת הזאת אפשרית רק כי מוחמד ולטיפה מוסא, הם פלסטינים והיורים הם חיילים, ככה נראה כיבוש. "
"הגעתי לבית ספר הנזירות סנט ג'וזיף בנצרת על מנת להעביר הרצאה לשכבת י״ב - על פוליטיקה, שייכות לאומית ואזרחית ועתיד הצעירים במדינה. בסוף נשארתי גם למשחק כדור עף :) "
"עכשיו בועידה הכלכלית של החברה הערבית ביוזמת @TheMarker ו-@Sikkuy כבר שנה שנייה שניפגשים בנצרת אנשי עסקים, חברה אזרחית, רשויות מקומיות וממשלה על מנת לקדם את השיוויון הכלכלי והחברתי של הציבור הערבי. "
איסלאמופוביה ואנטישמיות הם שתי פנים של אותה גזענות מכוערת. בכל העולם חוץ מפה כבר מבינים את זה. 
"הצבא הרגיע את התושבים שהם יכולים להישאר במקום אבל בתיהם לא, כלומר משפחות שלמות עם ילדים ותינוקות בפתח החורף מוזמנות להישאר על הקרקע ללא כל מכסה. 
ככה נראה טרנספר.

"
ישראל היום חצו היום קו אדום במסע הרדיפה שהם מנהלים נגד הציבור הערבי. ציד מכשפות בכותרת הראשית נגד ערביה אזרחית המדינה כי יש לה דעות פוליטיות 
האיש שנתניהו לא רוצה שתשכחו את מורשתו מברך אותו להולדת בנו אבנר:  ׳הרבה ילדים יהודים וטרנספר לערבים׳. @Haaretz שלפו את המסמך המטריד מהארכיון 
עם תושבי טירה מול משרד ראש הממשלה זועקים נגד אוזלת היד המשטרתית שמפקירה את תושבי טירה לאלימות המשתוללת ברחובות. 
"חוק הלאום מסוכן, ולא רק לאזרחים הערבים אלא לכל קבוצת מיעוט ולכל מי ששואף לחיות בחברה שיוויונית. 
צריך להאבק ביחד! "
הבוקר אנחנו מציינים 61 שנים לטבח הנפשע בכפר קאסם. ממשלת ישראל הטילה אז צנזורה צבאית כדי להסתיר את הטבח ועד היום היא מסרבת להכיר בפשע הנורא. 
ברכות לסעיד חרומי הח״כ החדש ברשימה המשותפת אני גאה בנציגות הרחבה לדרום ובטוח שביחד נצליח להוביל לשינוי במצב של ערביי הנגב לטובת כלל תושביו. 
"שמענו שיש מקום שפתוח לציבור הרחב שמאוד נוח לפגישות בלובי של רוטשילד 22 אז החלטנו לבדוק את העניין ואכן נוח וזמין, הציבור מוזמן! @dovhanin "
"@TzviGottlieb שאלה מצוינת.
יעל 42, נצרת עלית. "
"ביקרתי היום בסוכת התקווה, יוזמה נפלאה של ד״ר חליל וד״ר רים בקלה שבנו את הסוכה במטרה לקרב ולעודד דיאלוג בין יהודים לערבים באזור. כולם מוזמנים "
"בביקור בעמותת רופאי השיניים בשפרעם (אלה שהעיזו לשיר בגאווה שיר מורשת פלסטיני ולעצבן את ערוץ 20) מודל של הצלחה ומקצוענות, גאווה אמיתית. "
כמה לא מפתיע לגלות שבין היחדים שמוכנים להגיע לחגיגת הכיבוש של ממשלת נתניהו נמצא שגריר מינאמר שמדינתו טובחת במיעוט המוסלמי עם נשק ישראלי. 
"כאוהב שירה מושבע נהניתי במיוחד להשתתף בפרויקט של @calcalist ולאחר התלבטות קשה בחרתי בשורה מתוך ׳איגרת המחילה׳.
 "
"מברוק לשדא קנבורה, מונא חווא ומייסלון חמוד על ההישגים המרשימים בפרסי אופיר, וללמיס עמאר על נאום אמיץ ומרגש, אתן מייצגות אותנו בכבוד וגאווה. "
"בהפגנת הנכים מחוץ לכנסת בדרישה לעלות את קיצבת הנכות ל5,000 - כי נכה הוא לא חצי בנאדם ולכל אדם מגיעה הזכות לחיים בכבוד! "
"מאות נשים, גברים וילדים צועדים במג׳ד אל כרום לזכרם של היבא מנאע ואייסר ג'אבר שנרצחו השבוע, זועקים נגד שפיכות הדמים ונגד אוזלת ידה של המשטרה. "
משתתף בפאנל בהשתתפות מספר רב של ח״כים בכנס #תקווה_משותפת על בניית תנועה ציבורית משמעותית שתוביל ותחזק את העשייה הפוליטית הערבית יהודית. 
An interesting conversation with @AusAmbIsrael &amp; @BassamDally about the situation of the Arab minority and how to promote equality. 
"בירושלים, צועדים בסולידריות עם משפחת שמאסנה שפונתה השבוע באכזריות מביתה ונגד הנסיונות לייהד את שייח ג׳ראח. "
"עם שלושת ילדיי, טייב, אסיל ושאם, חתן השמחה היום הוא בעיקר אסיל שמתחיל את לימודיו בכיתה א! בהצלחה לכל התלמידים בתקווה שיגדלו, ישכילו ויצליחו. "
".@Samahse על חג הקורבן,
 ישמעאל ויצחק, על למה אנחנו מתעקשים שהסכסוך הוא לאומי ולא דתי ועל זה שחייבת להיות דרך אחרת: "
"ראש עיריית לוד, יאיר רביבו, הגיע עם המשטרה למסגד במהלך תפילת החג וניסה לעצור את התפילה. אפילו את המינימום של לכבד את החגים הממשלה הזאת הרסה. "
"كل عام وانتم بخير، متمنّين وفاعلين من أجل قيام الدولة فلسطينية عاصمتها القدس حتى يحل السلام على أرض السلام.
#EidAlAdha "
"ראש ממשלת השיסוי והשנאה מעלה ברכה לחג רק לדרוזים, כהרגלו מנסה להפריד ולשסות, אבל הציבור הערבי לא מצפה ממנו לכלום רק שיסתלק מהזירה הפוליטית. "
"גם חוק חינוך חובה חינם תקף רק לאזרחים יהודים, ל-5000 ילדים ערבים בנגב אין גן לפתוח בו את שנת הלימודים! כיתבו לבנט, שר החינוך ליהודים בלבד. "
"אין גבול לחוצפה. המדינה העבירה את התושבים לפני 61 שנים ולא הכירה במקום כישוב קבע ועכשיו רוצים להעביר אותם לעוד 15. 
"
"מציינים שבע שנים לפעם הראשונה שהרסו את הכפר אל עארקיב וניסו לגרש את תושביו. אז חלקנו תא מעצר ואני זוכר שהשיח' סיאח א-טורי, אמר לי &gt;&gt; "
מתעוררים באיקרית׳. שמענו מהמבוגרים סיפורים כואבים על העבר ושרנו כל הלילה עם הצעירים. ממשיכים לעמוד יחד עם תושבי איקרית׳ הנחושים והאמיצים. 
ההחלטה לשלול את תעודת העיתונאי מכתב אל-ג'זירה אליאס כראם היא ניסיון מכוער לסתימת פיות. בשלב הבא תעודת עיתונאי רק למי שישבע אמונים לליכוד. 
גם ביפו כמו באום אל חיראן המשטרה הורגת אזרחים ערבים ואז מטייחת את החקירות. @brown_johnbrown בעוד חשיפה חשובה: 
"בשנה התשיעית למותך עודנו גומעים משירתך ואתה עדיין ממשיך בנתינתך.
מחמוד דרוויש הפנים היפות של עמנו. "
"במחנה הקיץ של בנק״י בכאבול, עם ילדים וילדות מכל רחבי הארץ. כיף גדול לבלות עם דור העתיד, הדור שעוד יזכה לחיים של שיוויון במולדתו. "
"היום בשבע בערב בתל אביב, שיחה פתוחה איתי על פוליטיקה, מאבק ערבי יהודי משותף ובעצם כל מה שתבחרו לשאול. מוזמנים: "
@tamarzandberg פיספסת את הביוגרפיה פבלו נרודה :) 
"ראש הממשלה מהלל בערבית את מי שנתן לו את הסולם לרדת מהעץ. שני הירדנים ששילמו בחייהם, אחד אפילו הממשלה מודה שחף מפשע, לא מפריעים לחגיגות. "
גאה בחברתי @AidaTuma ובצוות המסור שעובדים ללא הפסקה ומגיעים להישגים למען כלל החברה. עוד צעד במאבק למען ביטחונן של נשים. 
"ניפגש היום בצעדת החופש במחסום המנהרות, כי את הכיבוש הארור הזה צריך לסיים עכשיו! 
"
"פניתי היום במכתב דחוף ל-@naftalibennett, מדובר באפליה בוטה וברורה, לא ייתכן שגם המבחן הבא יתנהל באותם תנאים תוך פגיעה קשה בתלמידים הערבים. "
שלוש שנים לרצח המחריד של הנער מוחמד אבו חד׳יר. הזיכרון שלו מצווה עלינו להמשיך במאבק נחוש נגד הכיבוש ונגד הגזענות. 
חיבור הישובים הערבים למפת התחבורה הציבורית הוא הכרח שבסופו של דבר יתרום ליציבות הכלכלית של כלל האזרחים. כל הכבוד ל-@Sikkuy ו-@dovhanin 
"ההפקרות בענף הבניין עולה בחיי אדם. 
לממשלה נוח לעצום עיניים כנראה כי מדובר כמעט ורק בחייהם של לא יהודים.
#פועל_נפל 

"
"בגאווה גדולה הענקתי היום ל-@Pontifex  ציור של הציירת הנצרתית הנפלאה אריג׳ לאון. היה יום מעניין וחשוב, מחר חוזרים. "
"מאחל לכולנו שנגיע ליום שברכת חג שמח לכמעט 20% מהאוכלוסייה תהיה מובנת מאליה, אנחנו עוד רחוקים משם. 
תודה @news10 @tamarishshalom "
كل عام وانتم بالف خير بمناسبة عيد الفطر السعيد، اعاده الله على جميع ابناء شعبنا والمعمورة  بالخير والبركات. #EidAlFitr #EidMubarak 
תמיד ידענו שמערכת אכיפת חוק נותנת יחס מיוחד לערבים. מסתבר שעכשיו גם לשמאלנים. 
"בדיון בועדה לקידום מעמד האישה בראשות @AidaTuma על רצח נשים רוב הח״כים המשתתפים הם מהרשימה המשותפת, השר לביטחון פנים גלעד ארדן כרגיל לא הגיע&gt; "
"ב-2016 80% ענו שמצב המשטרה השתנה לרעה מאז כניסתם לתפקיד של השר ארדן והמפכ""ל אלשיך, מה לדעתכם הייתה התוצאה עכשיו?
 "
"הגעתי עם @dovhanin ואוסמה סעדי לבקר במאהל המחאה בגן סאקר. מתנהל פה מאבק מכוער על גביהם של ילדים חולים בסרטן, יש מקום בירושלים לשתי מחלקות! "
"בפגישה עם ראש אגף תקציבים, אמיר לוי יחד עם ועד הרשויות, אחמד טיבי ומסעוד גנאיים ממשיכים במעקב אחר יישום התוכנית לפיתוח כלכלי של הציבור הערבי "
גם ב@Eretz_Nehederet יודעים איך נראה היחס השגרתי של המשטרה לאזרחים הערבים. הנושא כואב החיקוי משעשע... 
כל הכבוד @acrionline! על ההישג החשוב נגד תנאי הכליאה הלא אנושיים. עכשיו מתחיל המאבק הלא פחות מסובך על כך שהפסיקה גם תיושם. 
עולה עכשיו להתראיין אצל @rinamnewsdesk ב-@pgosh_MTP על אלימות משטרתית ועל המאבק שלנו נגד הפשיעה בחברה הערבית. 
"בכירי הליכוד חוגגים הוצאת ספר שמתלונן על כך שהאזרחים הערבים לא מרוכזים במחנות, ואני חשבתי שאסור להשוות...

"
"כנראה התערבו בממשלה מי מהשרים יצליח להסית נגד ערבים תוך שימוש בהכי הרבה שקרים, אז כץ החליט לנסות לאתגר את ארדן. "
"הפתעה! המשטרה חושבת שנכון לירות אש חיה במפגינים, כמובן רק בתנאי שמדובר בערבים (כי אבנים שזורקים חרדים, מתנחלים וכו הופכות באוויר לספוג) "
"צועדים עכשיו בחיפה נגד הכיבוש, נגד הייאוש ובקריאה לשלום צודק. חייבים לסיים עכשיו את הכיבוש הארור הזה. @dovhanin @DrJabareen @Hadash_org "
סקרים ליהודים בלבד הם חלק מתהליך דה-לגיטימציה לציבור הערבי ולזכות של 20% מהאוכלוסייה לעצב את עתידם. כל הכבוד @the7i! 
"די לכיבוש || فليسقط الاحتلال

שני 5.6 ב-21:30 
يوم الإثنين 5.6 الساعة 21:30 
ساحة الحناطير، حيفا כיכר פאריס, חיפה.

"
"כיף גדול להיכנס הבוקר ל- ⁦@ynetnews⁩ 
ולראות כותרת בערבית עם ברכה לחג.
רמדאן כרים! كل عام وانتم بخير! 
⁦
"
"דווקא עכשיו אנחנו חייבים לעמוד ביחד, להאבק על העתיד של כל מי שחי בארץ הזאת, מחר ב-8 בערב בכיכר רבין כי את הכיבוש הארור הזה צריך לסיים עכשיו. "
RT @jdakwar: My piece on an unforgettable experience flying 1st class next to Israel’s far-right-wing minister Naftali Bennett. 
תכירו את האיש שמונה להיות אחראי על התיישבות הערבים בנגב. מספיק לשמוע אותו מדבר ואפשר להבין בדיוק מה היחס של המדינה לאזרחיה הערבים בנגב. 
"צנזורה פוליטית וסתימת פיות, זה התרבות שעיריית עכו מקדמת בהחלטה הזאת. עינת ויצמן את גיבורה ואני לפחות מאוד גאה בך. "
الآن نعقد اجتماعًا في لجنة مكانة المرأة حول عدم قبول محجبات للعمل بمشاركة مندوبين عن سوبر فارم ونيو فارم. سنواصل حتى ننهي هذا التمييز. 
"בדיון שיזמתי בועדת מעמד האישה עם @AidaTuma בעקבות חשיפת @news10 על אפליית נשים עם חיג׳אב במקומות העבודה, נאבקים נגד אפלייה על רקע דתי ולאומי "
"Looking for alternative facts? @realDonaldTrump, you've come to the right place.                                       @haaretzcom "
הערכה גדולה לאגודה האנתרופולוגית הישראלית שיצאה בקריאה להגיע להסדר שיכבד את זכויותיהם של האסירים וימנע פגיעה בחייאדם 
"היום לפני 11 שנה מטוס ישראלי פגע באוטו של משפחתה של מאריא, הרג חצי מהם והשאיר אותה משותקת, היום ציינו את האירוע בתערוכה מרגשת של הציורים שלה "
"בבית החולים המשפחה הקדושה בנצרת, חנכנו היום את מכשיר ה-MRI הראשון. ממשיכים להאבק על שיוויון בשירותי הרפואה בכל חלקי הארץ. "
האמת ממשיכה להיחשף - יעקוב לא האיץ את הרכב והיה בחיים לאחר התאונה. השוטרים אחראים על מותם של שני אנשים באותו בוקר! 
"תסתכלו עליו - אמיר אבו רוב, רק בן 18, מג׳לבון, עוד חלל של ההזנחה הפושעת של ענף הבניין!  
#פועל_נפל "
"RT @news10: איימן עודה ב-#המטההמרכזי מדבר על שביתת האסירים: ""האם ליגאל עמיר מגיע ולאסיר פלסטיני לא?"". לראיון המלא &gt;&gt; "
על השאלה שישראל היא מדינה יהודית ודמוקרטית השבתי שאנו במשך 69 שנה חווינו על בשרנו המדינה היהודית לא הגיע הזמן לחוות את המדינה הדמוקרטית? 
"החלטתי להצטרף לשביתת רעב בת יום אחד בהזדהות עם האסירים הפלסטינים. לפני שאתם מגיבים, תקראו את הדרישות הכל כך בסיסיות: "
"מסית ומסוכן, אבל זה כמעט ברמה היומיומית, הפעם בתוספת של בורות וזילות שואה מכוערת - יש אנשים שמגדירים אותו כמבוגר האחראי של ממשלת האימים הזאת "
RT @LegalPalestine: Our campaign is LIVE. Help fund legal aid for Palestinian activists in the West Bank! 
אנחנו מציינים את אירועי הזיכרון לנכבה לא רק מתוך מבט לעבר אלא בדרישה לתיקון עוול היסטורי וביסוס של עתיד משותף הבנוי על הכרה בכאב וכבוד הדדי. 
אלפים  בצעדת האחד במאי בנצרת למען שוויון וצדק חברתי ולאומי! 
"אתמול בבית ספר בכפר כנא והיום במודיעין, הפגרה היא הזדמנות נהדרת להיפגש וליהנות עם התלמידים מכל האוכלוסיות. "
"اليوم في زيارة مقام النبي شعيب نقول: زيارة مقبولة وكل عام وأنتم بخير!
היום בביקור הנביא שועייב, אנו מאחלים: זיארה מקבולה! "
Happy to meet and discuss with Martin Luther King Jr. today in Ramallah 
".@IsraelhayomNews שלום, שמי איימן עודה ואני ראש הגוש השלישי בגודלו בכנסת כבר למעלה משנתיים, חושב שהגיע הזמן  שתלמדו לאיית את שמי. "
"كل عام وشعبنا والبشرية بكل الخير بمناسبة عيد الفصح المبارك.
I wish everyone a year full of love and happiness.
 #HappyEaster "
"במקומון החיפאי כולבו התפרסם מאמר של פעיל המחנ״צ פינת ישראל ביתנו, שטען שאין אף ח״כ מחיפה. @AriRemez המצוין ענה לו - אסור לתת לגזענות לנצח! "
נתניהו החליט שהוא לא פגע מספיק בציבור הערבי אז אתמול כינס במיוחד בשביל זה את המליאה. עמית שאבי צילם את הרגע בו אמרתי במילה את דעתי - מושחת! 
RT @NTarnopolsky: Le MP @AyOdeh dit merci à @Anne_Hidalgo et à @Paris 
"רחבת מחמוד דרויש בבירה הצרפתית.
עיריית פריז, תודה! "
עם התלמידים המקסימים והחכמים בבית ספר מושיע בנצרת בשיחה לקראת #יום_האדמה - המאבק על אדמותינו רלוונטי וחשוב מתמיד. 
כל הכבוד לעובדים שלא שתקו וניצחו! מול נסיונות ההשתקה והדה לגיטימציה של הממשלה המאבק נגד הדרת הערבית רק מתעצם. 
"הערכה גדולה ל׳פורום הערבי-יהודי לתכנון׳ - הריסת הבתים ביישובים הערביים מנוגדת למוסר ולזכויות אזרח בסיסיות. 
"
"הבעיה במשטרה זה לא שוטר אלים כזה או אחר, הריקבון של האלימות הגזענית מגיע עמוק מבפנים ועם מפכ״ל ושר כאלה הנגע הגזעני רק מתפשט. "
הדבר שהכי מפחיד את הממשלה הזאת (חוץ מתקשורת חופשית) זה מאבק לא אלים בכיבוש - אנחנו מבטיחים להמשיך להאבק 
كل سنة وأنت سالمة @lsarsour the freedom fighter who fights for the rights of all people! You inspire us all in our struggles. 
עוד תצוגה מביכה של מנהיגות חלולה חסרת חוט שדרה אידאולוגי שבה מי שפועל לייהוד ירושלים המזרחית בכוח ומניעת הקמת מדינה פלסטינית הוא ידיד ואוהב 
"לא רק מובילאיי.. פיטר אבו זלף מרמאללה, על השער של מגזין פורבס. חברת הסטארטאפ הפלסטינית הראשונה שנכנסת לרשימת 500 הסטארטאפים המובילים בעולם. "
"ראש ממשלה אובססיבי, משקר ורודף עיתונאית, בגלל ריטווט. משלב את שתי הנאותיו הגדולות הסתה נגד האזרחים הערבים והתקשורת. עכשיו בטח מעשן סיגר. "
A pleasure to meet @zannymb @AntonLaGuardia @AnshelPfeffer from @TheEconomist for a very interesting talk about the future of the region. 
"מריה המתוקה, 11 שנה אחרי שהפצצה ישראלית בעזה שיתקה אותה והרגה את אמה, אחיה וסבתה, מציירת מתחפשת ולא מוותרת על שמחת החיים. "
ביוזמת @AidaTuma שמובילה את המאבק נגד העסקה קבלנית בכנסת מחלקים מתנה לכבוד #יוםהאישה לעובדות הקבלן שהכנסת החליטה רק להן לא להעניק היום מתנות 
"עם התלמידות והתלמידים המקסימים והחכמים של תיכון מקיף אל פארוק בכסייפה, מדברים על המצב הקשה בנגב ועל חשיבות הלמידה וההתמדה. בהצלחה לכולכם! "
בדיון לכבוד #יוםהאישה שמובילה חברתי @AidaTuma - נאבקים לשיוויון מהותי ואמיתי בכל תחומי החיים. 
אתמול נאם סנאטור ברני סנדרס ודיבר על חשיבות הכרה ישראלית בנכבה. היום נפגשו ודיברנו על סוגיות האזרחים הערבים ועל כוחנו הפוליטי כמיעוט לאומי. 
"לא רוצה לאכזב אתכם אבל שני המתמודדים הם פלסטינים, רק שאחד מהם הוא אזרח ישראלי ובכל מקרה מאחל המון בהצלחה לשניהם! "
"At a @BrookingsInst round table, hosted by @ShibleyTelhami, on the opportunities for real opposition in these challenging times. "
"Great meeting with friends from @theCCR @JustVisionMedia
@AdalahNY @jvplive @hrw 
@AlShabaka @NationalSJP 
@US_Campaign @icahdusa "
Delete your account. 
"אף פעם לא חשבתי שאשתף סרטון של ערוץ 20, אבל אם הם אומרים שהמשטרה שיקרה אני לא אתווכח... "
אחרי פגישה בניו יורק טיימס ובדרך למפגש עם ארגונים שפועלים למען הזכויות של העם הפלסטיני ותומכים בסולידריות ערבית יהודית לקידום השלום והשוויון 
"כנס לציון חמישים שנה לכיבוש עם ארגוני זכויות האדם ודיפלומטים מכל העולם: יש שני נתיבים אפשריים אפרטהייד או שלום, אין דרך אחרת! "
מחר שנתניהו-טראמפ ידברו על ייאוש ושנאה אנחנו נגיד בקול ברור שיש רוב מהירדן לים שרוצה בסיום הכיבוש ולא מתכוון להתייאש 
כל הכבוד לחברי @dovhanin שלמרות כל הקשיים והחסמים עדיין מצליח לחוקק חוקים לרווחת כל אזרחים! 
"RT @nytopinion: Israel evicts Arabs to build Jewish homes, and batters protesters like me, says @AyOdeh "
במאמר אני תוקף בחריפות את נתניהו אך גם מפלגת העבודה שנכשלת בתפקידה כאופוזיציה. תרגום של המאמר לעברית ניתן לקרוא כאן: 
הבוקר פורסם מאמר שלי נגד מדיניות הריסת הבתים ב-@nytimes מדובר במדיניות ישנה אך נתניהו הפך את זה לכלי לניגוח פוליטי: 
"תצפו בכתבה המלאה, ארדן עוד לא הגיש מכתב התפטרות ואפילו לא התנצל על מסכת השקרים המכוערת: "
ערוץ עשר ממשיכים לחשוף את השקרים של המשטרה ולגלות עוד חלקים מהאמת הנוראית על איך השוטרים ירו והרגו מחנך ואב שפשוט לא רצה לראות את ביתו נהרס 
@roni2710 אז עוד תמונה הפעם עם גרוסמן 
בבית במבשרת שמלא עד אפס מקום! אחרי שביטלו את השבתרבות התושבים אירגנו אירוע אלטרנטיבי. התרגשתי לראות בין הנוכחים גם את הסופר דויד גרוסמן. 
"עם ועדת העבודה והבריאות בכנסת בביקור בבתי החולים בנצרת, היחידים שביישובים ערבים ושמעניקים שירותים לכל האוכלוסייה באזור אך הם אינם ממשלתיים. "
"בישראל 2017 האזרחים מחולקים למעמדות, בתחתית הסולם הערבים ובקצה העליון המתנחלים, תגידו לי אתם איפה החרדים ממוקמים? "
RT @newisraelfunduk: A privilege and a pleasure to hear @AyOdeh speak this evening on @UK_TaskForce study trip. 
"בשבת כולנו נוהרים להפגנה בתל אביב: הם הורסים, אנחנו בונים עתיד משותף! עצרת ערבית יהודית נגד הגזענות ולמען השיוויון: "
"לא יודע אם זה נכון מבחינתכם לספר על מחמאות ממני, שלא ישמעו בממשלה גם ככה לא קל לכם :) "
"באמת אין השוואה לא בעובדות ולא ביחס המשטרתי, אבל כנראה אנשי אום אל חיראן הם השקופים שאתה מעדיף לא לראות. "
שקר אחרי שקר האמת הנוראית על הריגתו של יעקוב אבו אלקיען נחשפת - בניגוד לטענת ארדן השקרן האורות ברכב היו דלוקים! המפכ״ל והשר חייבים להתפטר! 
וראש הממשלה לא העלה פוסט ׳כוחותינו הורסים בתים של מתנחלים׳ 
"במפגש עם תלמידי שכבת יב׳ מבית ספר רעות בחיפה - דיון ער, מעניין ולא תמיד פשוט אבל כל כך חשוב. תודה על ההזמנה לדיון ומחכה לפגוש אתכם בחיפה. "
אפילו בתוך המשטרה יודעים מי האשמים במותם של יעקוב אבו אלקיען וארז לוי. ארדן חייב לקחת אחריות ולהתפטר. דורשים הקמת ועדת חקירה! 
Americans are taking to the streets to oppose the #MuslimBan from @POTUS. My response: 
"קרוואנים מגיעים לאום אלחיראן בזכות תרומות מכל הארץ, הפנים היפות של עם שמבקש לחיות בכבוד במולדתו. האחדות והעזרה ההדדית תשמור על כולנו במאבקנו "
"ביקרתי את סרבנית המצפון תמר זאבי, נערה צעירה חזקה ואמיצה שסיפרה לי שהיא מסרבת לשמש דלק לכיבוש. כל הכבוד לתמריות מאיתנו תקבלו את כל התמיכה! "
RT @Sikkuy: מה הסיבה האמתית להריסות הבתים? כל העובדות שנתניהו לא רוצה שתדעו. 
המחאה ממשיכה! אנחנו בשיירה איטית מעכבים את התנועה בדרך מקלנסווה לכנסת. די להריסות הבתים ולהסתה של הממשלה! #ארדן_תתפטר 
"מאמר המערכת היום בהארץ מצטרף לדרישה הברורה שלנו: ארדן תתפטר!
#אוםאלחיראן
 "
שעות בודדות אחרי האירוע המפכ״ל אמר שיעקוב אבו אלקיען ׳מחבל בן עוולה׳ עכשיו הוא מבקש לאפשר למח״ש לחקור. איבדת כל צידוק מקצועי ומוסרי בתפקיד. 
18 ארגונים יצאו בקריאה לעצור את הריסות הבתים ולמען שווין זכויות מלא לאזרחי המדינה הערבים. הארגונים האלה הם גאווה לכל אדם בעל מצפון ומוסר. 
"עשרת אלפים איש בערערה קוראים לפטר את הגזען, המסית והשקרן השר גלעד ארדן! #ארדן_השקרן "
במקום להתבייש ולהתנצל דוברות המשטרה ממשיכה להסית ולשקר. ועדת החקירה הממלכתית אור כבר קבעה: המשטרה מטפחת תרבות שקר. ארדן חייב להתפטר. 
"RT @news10: ח""כ @AyOdeh הגיב לפרסום אודות דוח הנתיחה בחדשות 10: ""יש לפטר את השר @giladerdan1. לפרטים המלאים &gt;&gt; "
האם נשמע עכשיו התנצלות משני השקרנים והמסיתים הראשיים נתניהו וארדן? האם המפכ״ל יתפטר בעקבות השקרים הבוטים שאמר על יעקוב אבו אלקיען? 
יעקוב אלקיען לא רצה לראות את ההרס לכן הוא החליט לסוע לבית אמו. את הרגעים אחר כך תוכלו לראות בניתוח של @activestills @ForensicArchi @mekomit 
"אני קורא לכל התלמידים והמורים לדבר הבוקר על האירועים הקשים באום אלחיראן ועל הכפרים הבלתי מוכרים כפי שהחליטה ועדת המעקב, כך ייעשו שלושת ילדי. "
אחרי ההסתה והשקרים שהופצו היה לי חשוב להדוף את כל הטענות ולהבהיר שנתניהו הוא זה שתכנן ומוציא לפועל את מדיניות הפיכת האזרחים הערבים לאויבים. 
לא קמפיין שלום זה קמפיין שנאה לערבים. מכוער ומיותר ובתקופה שאנחנו נמצאים גם מסוכן. השלום תלוי בשותפות שאולי נוכל לייצר ואתם רק מרחיקים אותו. 
מדוע פינוי של קבוצה אחת של אזרחים מטלטל את המדינה בעוד פינוי של קבוצה אחרת עובר בדממה. התשובה ברורה אבל מומלץ לקרוא: 
סרבניות המצפון תמר זאבי ותמר אלון נכלאו היום שוב אחרי שהכריזו בפעם הרביעית על סירובן להתגייס ולקחת חלק בכיבוש. תמריות אמיצות אנחנו גאים בכן! 
"אחרי דיון מרתק עם התלמידים המקסימים של בית ספר קהילה תל אביב, מבחינתי מדובר באחד החלקים החשובים ביותר בעבודתי, מקווה להגיע לכל בית ספר בארץ! "
"החברים הפתיעו אותי בחגיגת יומלדת בפתח ישיבת הסיעה עם עוגות טעימות והפסקה קצרה מהעבודה השוטפת. תודה על כל הברכות, שתהיה לכולנו שנה נפלאה! "
"ליאן נאסר נרצחה בידי שונא חיים ואדם, בערב ראש השנה בזמן שחגגה מלאה בתקוות וחלומות לעתיד. לבנו עם משפחתה על האובדן הנורא של חיים צעירים כל כך "
"In the Christmas Parade @MagicalNazareth and on my way to occupied Bethlehem #MerryChristmas
#ميلاد_مجيد "
הצד היפה ביותר של האנושות שנגלה ברגעים הקשים ביותר. קורא לכולם לחתום על כרטיס אדי ולהציל חיים. 
אין בושה להשוות בין המתנחלים שגנבו אדמות של פלסטינים לאזרחים שבונים על אדמתם שלהם! במקום להסדיר התנחלויות תסדירו 40 כפרים לא מוכרים בנגב! 
מוזמנים להצטרף לשידור החי בפייסבוק של ׳קול המדינה הבאה׳ ולשאול אותי שאלות לדיון שמתנהל כרגע בכיכר הבימה בתל אביב: 
היום בתשע בערב בכיכר הבימה כחלק מפרוייקט ׳קול המדינה הבאה׳ - אעלה לבמה לענות על כל השאלות שלכם ולדון בחזון לעתיד משותף וטוב למקום הזה. בואו! 
לראש הממשלה כל כך איכפת מהציבור הערבי שבתגובה להסתה של ביטן הוא פירסם שוב את אותו סרטון שכבר ׳ריגש אותנו׳ לפני חצי שנה - אז הנה שוב תגובתי: 
עכשיו בועידת @globesnews לעסקים - מדברים על הצורך הקריטי עבור כלל המשק לשילוב הציבור הערבי בתעסוקה ובכלכלה. 
"הבוקר בסיור במוקדי השריפות בכרמל עם השדולה למען תושבי המפרץ, מפגש כואב עם האנשים שביתם נשרף - על הממשלה לקחת אחריות ולדאוג לאזרחים שנפגעו! "
מפתיע לגלות שביטן הדמוקרט הגדול מעדיף שערבים לא יצביעו... אבל הגזענות שלו ושל הממשלה היא רק עוד מנוע בשבילנו להמשיך להעצים את כוחנו הפוליטי 
אמנם לא בכנס לשימור חיות הכיס אבל עדיין פגשתי היום בנצרת משלחת חשובה ומכובדת מאוסטרליה לקידום הייטק וחדשנות עם הסנאטור @SenKimCarr 
Now in the Knesset a debate in the latest government attempt to 'legalized' theft of Palestinian land in the occupied territories. 
רגע של שמחה אמיתית כאן במליאה - ברכות חמות @dovhanin @mkgilon שמובילים ביחד את המאבק כבר שנים! 
"בכנס שיזמו חברותיי @AidaTuma  @MeravMichaeli על החלטה 1325 של האו""ם על מחויבות להגן על נשים ולהבטיח את ייצוגן בתהליכי שלום ובפוליטיקה "
"חגיגות חג המולד החלו וארצנו מתחילה להתקשט. בנצרת הקסומה, בטקס הארת האשוח, עיר הבשורה מלאה בחיוכים של ילדים :) "
"והנה עוד פארסה הגיעה לסיומה, אם זה לא היה החיים שלנו כאן אולי אפילו היינו צוחקים... מברוק אנס, כואב שהיית צריך לעבור את זה. "
.@TamerNafar עונה לכל מי שסולח למירי רגב על הגזענות בשם המזרחיות ובעצם תומך בפרויקט שלה לעליונות יהודית לבנה תקראו: 
"למרות ביקורת שיש לי על #כנסשדרות בחרתי להגיע ולהושיט יד לשותפות, כי חיזוק הפריפריה לא יכול לקרות בלי הציבור הערבי. "
"׳המרצה, סוכן הביטוח, הבנקאי, העיתונאי או הטכנאי, כל אזרח ערבי שיוצא לרחוב נחשב חפץ חשוד.׳ תקראו את @gideonle  "
בתוך ים הפופוליזם וההתלהמות @guypch2news אומר את הדברים כמו שהם. עצוב שגם בזמנים קשים כאלה ראש הממשלה והשרים עסוקים בעיקר בהסתה. 
"RT @news10: יו""ר הרשימה המשותפת @AyOdeh מתנגד לשמחה לאיד בעולם המוסלמי בראיון לרשת @AJEnglish "
"היום יום המאבק הבינ״ל באלימות נגד נשים וכולנו מתגייסים לעצור את התופעה שמפרקת את החברה שלנו מבפנים. גבר אמיתי, לא מרים ידיים! #תהיה_גבר "
"עם גל השריפות הנורא התחיל גם גל הסתה מסוכן. התקשרו אליי אנשים מזועזעים מהכותרת בynet ולכן ביקשתי לעלות לשידור, הקשיבו: "
חוק המואזין הוא חוק גזעני ומכוער שראש הממשלה דוחף רק בשביל להתחנף לימין הקיצוני ולהצית פה עוד שנאה. גם הנשיא ריבלין יודע את זה: 
"בתערוכת ׳משפחה בטוחה בדרך׳ בכנסת, כחלק משבוע הבטיחות בדרכים. על כולנו מוטלת החובה ללמד את ילדנו על זהירות והתנהלות בטוחה בכבישים! "
כתבה חשובה של @yanivkub - השינוי יקרה רק כשהמשטרה תתיחס אלינו כאזרחים ולא כאויבים כמו שנכתב כבר בהמלצות וועדת אור 
תודה לעמותת אג׳יק על הכנס המרשים ועל עבודה כל כך חשובה לקידום השיוויון והחיים המשותפים בנגב. כל הכבוד חברות וחברים! 
סולידריות עם תמר זאבי ותמר אלון שתי נערות אמיצות וגאות שיסרבו היום להתגייס! צעירות וצעירים הם שיובילו את הדרך לשלום: 
מול הכיעור של הגזענות והניסיונות למחוק את הערבית מהמרחב יש גם המון יופי. בואו עכשיו לאירוע מחאה לכל המשפחה בחיפה 
RT @zazim_org_il: משתיקים את הגזענות ולא את המואזין. אין זמן - ההצבעה מחר!  הצטרפו עכשיו: 
"׳יצרתי סרט על אנשים בהלם מלחמה ובטראומה, אנשים הבוכים על גורלם. אם הזעקה שלהם היא שקר, אז מהי האמת?׳ מוחמד בכרי "
ערבית היא לא רק שפה רשמית היא שפת בני המקום. לא ניתן שימחקו את הערבית מהמרחב. לא ישתיקו את המואזין ולא את האזרחים!  
"בחיפה זועקים עם משפחתו הכואבת של מג'די סאלם שנהרג בגיל 25 בתאונה באתר בנייה במהלך לימודי הרפואה, די להפקרות הממשלתית בענף הבנייה! "
עוד שעה וחצי בחיפה הפגנה נגד הפקרות חיי אדם בענף הבנייה. תרטווטו ותבואו! 
שרת האנטי תרבות מנסה לפגוע באמנים ובמוסדות שלנו אבל בינתיים זה עובד כבומרנג! לא נסכים לוותר על התקציבים שמגיעים לנו 
Horrified by the arrest of @hdpdemirtas and comrades of the HDP. @RT_Erdogan must immediately release them and restore respect for democracy 
"החוק הראשון שעבר במושב - תיקון לחוק הטבות לניצולי שואה, של @dovhanin עבדאללה אבו מערוף טלי פולסקוב ושלי. ממשיכים לעבוד עבור כלל האזרחים! "
"התשובה שלי להערות הגזעניות והדוחות של ח""כ סמוטריץ על הסטודנטים הערבים. "
"אשרת קוטלר הערב במהדורה של @channel10 בכתבה חשובה ומרגשת על דרוויש, ממולץ במיוחד למי שלא מכיר את האדם והמשורר: "
תקראו את הסטטוס הזה על שלוש בחורות צעירות שרק רצו לחזור הביתה אחרי חופשה והיו צריכות לעבור מסכת השפלות מכוערת 
"לא נסגוד לעגל הזהב הציוני. תתמודדו.
@Samahse המצוינת הבוקר בהארץ, תקראו "
550 סטודנטים ערבים הצטרפו השנה לטכניון 60% מהם נשים! הטכניון היה פעם כמעט סגור בפנינו והשנה 25% מהסטודנטים ו35% מהסטודנטיות החדשות הן ערביות 
".@ruthmargalit asked me for @NYTmag about @regev_miri threats demanding loyalty, this was my answer: "
"בסיור בברלין של הרשימה המשותפת יחד עם חבריי חכ מסעוד גנאיים, נבילה אספניולי ויעלה רענן מעלים את הסוגיות של המיעוט הערבי על הבמה הבינלאומית "
"באירוע המרגש של @WomenWagePeace עם חברתי @AidaTuma מול בריוני הימין ממשיכים במאבק למען השלום, השיוויון והדמוקרטיה! "
מנסה לשמור על הקצב עם הילדים :) 
"RT @Hadash_org: עכשיו, עכשיו !

שידור חי של שיחה של @AyOdeh איימן עודה עם קהל בחיפה. "
"היום בערב בחיפה, שיחה פתוחה שלי עם הקהל הרחב, במקום התנגחויות ברשתות החברתיות בואו נקיים דיאלוג אמיתי. כולכם מוזמנים "
"החרם של הקואליציה מחריף - סיימתי עכשיו פגישה מוצלחת עם שר הבריאות, ליצמן, פותרים ביחד בעיות וחסמים בנגישות לשרותי בריאות של הציבור הערבי "
@giladerdan1 אני מבין שתעשה הכל בשביל להסית אבל לפחות אם אתה משקר תעשה את זה כשאין תיעוד כתוב 
מעריך את האומץ והיושרה של @Haaretz שמפרסם הבוקר מאמר מערכת שמקבל ומבין את עמדתנו כלפי טקס הלוויתו של פרס. 
צובעים בורוד את כנסיית הסילזיאן בנצרת כחלק מהקמפיין הבינלאומי להעלאת  המודעות לסרטן השד ובקריאה להיבדק ולהציל חיים! 
"עם בני אסיל בצעדה לזכר דודו שעל שמו נקרא, אסיל עאסלה, שנורה ע״י שוטרים בגיל 17 ולזכר 13 השהידים שנהרגו באוקטובר 2000. "
עכשיו בלוד כואבים ומוקיעים את רצח דועאא אבו שרך. רצח נשים הוא אות קלון על כולנו ועלינו לצאת למערכה משותפת נגד האלימות  ולמען השיוויון. 
"סיור של הרשימה המשותפת ופגישה עם ראשי מועצות מקומיות מפסוטה, גוש חלב ומיעליא. מנצלים את הפגרה לפגוש את הציבור ולשמוע על הקשיים וההצלחות "
אין גבול כמה נמוך ומכוער @regev_miri מוכנה לרדת ואיך ביזוי זיכרון השואה זה רק עוד טקטיקה תקשורתית בשבילה. מצורף רפרנס היסטורי של אודי אלוני 
"תרשמירי! מול הגזענות של שרת התרבות גדל פה דור גאה ומוכשר של אמנים פלסטינים אזרחי המדינה, שבוחר באומנות ככלי למאבק. אני גאה בכם! @TamerNafar "
מאמר המערכת בהארץ קורא לפתוח את תיק הנכבה - רק על ידי הכרה בפשעים ובאסון שלנו ניתן יהיה לבנות אזרחות משותפת אמיתית 
"RT @JessicaMontell: Thoughtful, inspiring interview w/MK @AyOdeh, perhaps the most promising leader we have in Israel
"
"עם ויקי כנפו, אישה מלאת כוח והשראה בפגישה לתכנן את המאבקים הבאים. רק בשותפות בין המוחלשים נביא את השיוויון! "
.@naftalibennett לא רוצה שתלמידים יהודים וערבים באמת יכירו אח״כ יהיה קשה לחנך אותם לשנאה וכיבוש  
סופסוף אישור רשמי - אני אסלי! 
סחטיין @kann על סרטון משעשע וחשוב -מקווה לראות את הערבים נוהרים גם לתקשורת ושעיתונאים ערבים יסקרו את כלל התחומים! 
كل عام وأنتم بألف خير بمناسبة عيد الأضحى المبارك. Happy #EidAlAdha 
טוענים שבגץ שמאלני אבל מול פשעי הכיבוש הוא אילם ומנגד העמדה האמיצה של הסתדרות הרפואית ורופאים שסירבו לענות שובתי רעב 
על פי נתוני הביטוח הלאומי מכירים ב16(!) פצועים ביום בענף הבנייה והנה ככה התחיל יום ראשון #ועדת_חקירה_לתאונות_העבודה 
הערב במטה המרכזי על התאונות בענף הבנייה ועל הגזענות שבגללה הממשלה אדישה לחלוטין לשלושים אלף פצועים בחמש שנים! 
.@IsraeliPM tries to rewrite history and even dared to compare the Arab minority in Israel to the settlers... 
נתניהו מתחיל לעטוף את סרבנות השלום שלו בשיח ליברלי ריק. זאת תגובתי לסרטון האבסורד שלו בדבר הטיהור האתני של המתנחלים: 
@Hadash_org לפרטים נוספים ומועדים: 
"המשטרה כרגיל מנסה להאשים את הקורבן, נכון שבית משפט עצר את הפארסה אבל השוטרים שירו ורצחו ללא סיבה חייבים לעמוד לדין! "
בדיון בועדת העבודה על האסון בחניון בתל אביב תוצאה ידועה מראש של הפקרות הממשלה וכמובן שהשר הממונה אפילו לא טרח להגיע! 
עכשיו בביה״ח איכילוב עם הפצועים והמשפחות המודאגות. לממשלה אחריות ישירה על הפקרת ביטחונם וחייהם של פועלי הבניין! 
Solidarity with @Issaamro f' of Youth Against Settlements whose nonviolent activity are occupation worst nightmare 
שבתרבות עם @l_daphna במודיעין - עם כל הקושי והמורכבות בדבר אני רואה חשיבות מכרעת במפגשים ושיח ישיר עם הציבור היהודי. 
ככה המדינה יוצרת פערים חברתיים - המאבק על יצירת שיוויון הזדמנויות בחינוך הוא אינטרס של כלל האזרחים במדינה @ynetnews 
"חתונה ללא חתן - מימאס חוגגת בלי קסאם ואמו פדוא ברגותי, שרשויות הכיבוש מנעו מהם להגיע. את השמחה הם לא יכולים לעצור! "
"חוגגים יומלדת 15 למאריא המוכשרת שמציירת בפיה עלומות קסומים, היא נפצעה והוריה נהרגו בהפצצה ישראלית בעזה @AidaTuma "
"אמרו שירה על החיילים אחכ שזרק ב.תבערה ובסוף שהוא לא בריא בנפשו. אב ל2 נרצח ללא כל סיבה, אבל זה כבר בקושי נחשב חדשות "
"למרות הכיבוש והשנאה שהוא מייצר, למרות הייאוש והכאב, רוב הפלסטינים והישראלים רוצים שלום. יש תקווה ועלינו להאבק לממשה! "
"הצטרפו לדרישה שאף אזרח ותיק לא יחיה מפחות מ-5,000! لكي لا يعيش مواطن مسن، بأقل من 5,000 شيكل في الشهر! "
"RT @mekomit: עוזי דיין שיעיד לטובת אלאור אזריה שבר שתיקה: כך טייחתי הרג של 5 פלסטינים חפים מפשע
"
שמחה גדולה מהולה בעצב בחתונתם של ע'סאן טועמה ומיסה אליאס בשדות איקרית העקורה. עוד יבוא היום בו נחגוג באיקרית הבנויה. 
"RT @zazim_org_il: יש עכשיו 650 אנשים בכלא בישראל, שלא נשפטו ולא הורשעו. זה נראה לכם הגיוני? #לא_למעצר_מנהלי  "
ניפגשתי הבוקר עם @ShovrimShtika לשיחה על מאבק בכיבוש ובייאוש. החברה האלה נותנים לי המון השראה ותקווה לעתיד! 
"בוע׳ הכספים עם הכומר ג׳ריס מנצור בדיון על 50 מיליון שהובטחו לביה״ס הכנסתיים, אחרי מאבק של כמעט שנה בקרוב הכסף יעבור "
"חגגנו אתמול יומלדת 90 לחברי סמי מיכאל, איש רוח ומהפכן, ומי שהתרבות היהודית והערבית שוזרות ביחד בנימי נפשו "
"RT @PHR_IL: מהשבוע, בעמוד הראשון של מוסף הנדל""ן בגלובס, אנחנו מונים את ההרוגים והפצועים באתרי בנייה והפרויקטים שבהם קרו האסונות "
RT @DiabolicalIdea: Ayman Odeh: “We reject the equation that it is all Jews against all Arabs... This is a joint struggle” 
"סיור סולדריות עם התושבים ביפו שנאבקים נגד בניית ישיבה תורנית שמטרתה ייהוד יפו פגיעה בחיים המשותפים בה, בואו גם לתמוך "
"תעשיית ההייטק בנצרת פורחת: מ2 חברות עם 30 מהנדסים, ל40 חברות היום עם 800 מהנדסים, שרבע הן נשים. סחטיין ל@TsofenTech "
"מהיישוב הקטן והמוכר לאוניברסיטה בעיר הגדולה והמעורבת, סטודנטים ערבים מספרים על המעבר וההתמודדות. קריאה מומלצת לסופש "
"פתחתי את הפגרה עם המתנדבות והמתנדבים של אג׳יק מכון הנגב, הנתינה היא שנותנת את המשמעות לחיים. גאה בכל אחד ואחת מכן! "
"3 ואנחנו עדיין במליאה יום אחרון במושב, לפחות מתחילה פגרה ולא יחוקקו פה חוקים גזעניים ויהיה יותר זמן לקשר עם האזרחים "
"RT @talshalev1: יום טרפת של קיזוזים, איימן עודה מניף שלט ""לא מתקזז"". מי כן התקזז וייעדר מההצבעות על חוקי התקשורת שלו? נתניהו "
ילדים עוד ישחקו בשמחה ברח' פלסטין העצמאית One day children will play happily in streets of independent Palestine 
RT @Power2Workers: PANET | خطوات احتجاجية لمربيات الحضانات لتحسين واقعهن التشغيلي 
"RT @Sikkuy: 76% מהעבודה הח""כים הערבים היא בנושאים חברתיים. אז למה בתקשורת שואלים אותם רק על הכיבוש? "
בדיון על אבטלת אקדמאיות ערביות: מדברים על לתת הזדמנות אך זוהי זכות ולא חסד שמועילה לכולם מבחינה ערכית חברתית וכלכלית 
"עדי קיסר עונה לכל אלה שלא הבינו איך ערבי מעיז להנות משירה ועוד של משוררת מזרחית, תמשיכו לפחד משירה אנחנו נמשיך להנות "
"RT @AidaTuma: יותר מ-12000 אקדמאיות ערביות מובטלות. מיד, הצגת הנתונים של ה-ממ""מ בנושא "
"בסיום הדיון בעתירה של סוסיא יחד עם התושבים, עורכות הדין מ@RHRIS ונציגי @btselem "
RT @aiww: Putting it all on the table: Ayman Odeh has a dream of a better future for Israel -- The JPost 
"אחרי יום ארוך של פגישות ענאן ואני נמצאים על הרכבת שמגיעה לביתי בחיפה, אבל מתי הרכבת תגיע גם לביתו של ענאן בנצרת? "
הקדשתי את דברי בסיום @gav_hauma לשר הביטחון ושרת התרבות שמפחדים משירה 
"RT @Hadash_org: הערב ב""גב האומה"" [ערוץ 10 אחרי החדשות] יתארח @AyOdeh יו""ר האופוזיציה בפועל.

@gav_hauma "
"נתניהו כנראה לא הסכים לבוא להתעמת, אבל אני אהיה @gav_hauma בשבת בערב @LiorSchleien "
"RT @AidaTuma: לקראת הדיון בו' לקידום מעמד האישה. שני, ה-01.08, בשעה 10:30. 
יותר מ-12000 אקדמ' ערביות מובטלות
שרוצות לעבוד בכבוד. "
מוזמנים לעקוב אחר הדיון שמתרחש עכשיו בכנסת - על מה באמת מתרחש בשטחי c - בעמוד הפייסבוק של @dovhanin: 
RT @972mag: 100k Bedouin Israelis couldn't watch Netanyahu's 'apology' — they don't have electricity 
"היום ב-15:00 כנס שיזמתי יחד הח״כים @dovhanin @KseniaSvetlova  @Michal_Rozin מוזמנים להגיע:
"
"My response to @Netanyahu - We are children of this land, not second class citizens. Video w/ English subtitles: "
"שידור ישיר עכשיו של כנס בנייתם המחודשת של #איקרית_בירעם_2016 בעמוד הפייסבוק שלי - צפו, שתפו והגיבו: "
בשעה 16:00 שידור חי בעמוד הפייסבוק שלי מכנס שיזמתי יחד עם אלי אללוף ועפר שלח: בונים מחדש את #איקרית_בירעם_2016 
"תגובתי לסרטון ראש הממשלה ردي على خطاب رئيس الحكومة نتنياهو ""الموجه"" للمواطنين العرب. "
"מחר בכנסת ח״כים מכל הקשת הפוליטית יקראו לבנות מחדש את הכפרים  #איקרית_בירעם_2016
מוזמנים לעקוב בשידור חי בפייסבוק "
"מפגש שקיימנו הבוקר עם ראשי הרשויות, ארגוני חברה אזרחית והרשות לפיתוח כלכלי כחלק מהמעקב שלנו על יישום התוכנית הכלכלית "
עם סמירה ח'ורי מהחשובות במאבק לשחרור האישה ביחד איחלנו שיבוא יום בו האדם יהיה ערך עליון ללא משקל לשייכויות איתן נולד 
#PokemonGo - how its looks like in the West Bank #Palestine 
"דרוויש ואני, באחד מביקוריו האחרונים במולדתו האהובה "
"RT @Hadash_org: הח""כים @AyOdeh , @KseniaSvetlova (מחנ""צ), @dovhanin, @Michal_Rozin (מרצ) מזמינות לכנס בכנסת
"
שרת התרבות מפחדת משירה. היא יודעת שאם נכיר את התרבות האחד של השני אולי בסוף נרצה לחיות ביחד בשלום. 
החדשות הטובות של היום - הכפר הלא מוכר דהמש בדרך להכרה! כל הכבוד לתושבים על מאבק ארוך ועיקש! 
"RT @LahavHarkov: .@AyOdeh asks about unrecognized Beduin villages in the Negev, a topic very important to him. "
די להעסקה פוגענית! מול בית רוהמ עם המטפלות במשפחתונים ערביות ויהודיות שנאבקות על זכויות בסיסיות  @Power2Workers 
בוקר טוב מהכפר הלא מוכר אלערקיב שם ישנתי הלילה בשביל לחזק את התושבים האמיצים שממשיכים להאבק ולבנות למול הרס הרשויות 
".@naftalibennett צריך לעשות בדק בית עמוק במערכת החינוך הביתית, הגזענות והשנאה מעוורת את מי שאחראים לחנך את הדור הבא "
שלושה הרוגים בתחילת השבוע והיום עוד שני פצועים קשה. המדינה אחראית להפקרות בענף הבניין על חשבון חייהם של הפועלים. 
הערב אני מתארח במשחק המרכזי בערוץ הכנסת אצל @attilus. מוזמנים לצפות 
"שמעתם על מרים בת ה-7 שנדרסה למוות?
בכפרים הלא מוכרים אין כבישים והילדים נמצאים בסיכון הגבוה ביותר להידרס. @Hataagid "
"RT @AidaTuma: יש לנו ויכוח פוליטי וביקורת חריפה שנמשיך להשמיע, לא נסכים שהצעירים שלנו יהיו חלק ממכונת דיכוי "
"בגמר היורו שודרה פרסומת בערבית, לא נשמע כמו סיפור גדול אבל תגובות השנאה מוכיחות אחרת. להזכירכם ערבית היא שפה רשמית.. "
"I met with reps from the Italian Five Star Movement, talk about the Arab population &amp; the role Europe can play "
Tmrw's @Jerusalem_Post Mag: we talk about Palestinian citizens of Israel &amp; our struggle for equality &amp; peace 
"RT @dovhanin: @EliBenDahan אמר לי במליאה היום שאין עם פלסטיני, אין תרבות, אין משוררים וסופרים. אז הנה תמונה בשבילו ממסדרון הכנסת. "
"RT @Sharon_Luzon: عيد فطر سعيد
كل عام والجميع بألف خير

עיד אל פיטר שמח וצוהל "
"התוכנית יצאה לדרך אך כל שלב באישור וביישום דורש מאבק ואנחנו לא מתכוונים לוותר. התקציבים האלה הם זכות ולא חסד!
⁦ "
"בארוחת איפטאר עם תושבי אום אלחיראן האמיצים ותומכיהם, ממשיכים במאבק נגד פינוי הכפרים, החרפה הזאת לא תעבור! "
"עם התלמידים המרשימים שהיו במחלקה הערבית במועצות התלמידים הארצית עד שבוטלה, מתחייב לעמוד לצידם בדרישתם לייצוג שוויוני "
".@AvigdorLiberman תמיד היה מסית ואלים, אבל עכשיו שהוא שר הביטחון וחיילים סרים למרותו האיומים הופכים למסוכנים מתמיד "
Productive meeting w French ambassador regarding Arab citizens' challenges and aspirations and the French initiative 
Thanks to the @Jerusalem_Post editorial board for a very interesting conversation 
"בהלוויתו של מחמוד ראפת בדראן כואב עם משפחתו. עוד ילד שהכיבוש גזל את חייו ואת עתידו. מחמוד, נעשה הכל שאתה תהיה האחרון "
הביטו בפניו מחמוד ראפת בדראן בן ה15 שנרצח הלילה. הכיבוש לא רק גוזל את חירותם של הנערים הפלסטינים הוא גם מתיר את דמם. 
With Jane Corbin and the @holylandnews giving an interview for the @BBCWorld 
אם לא תקום תהיה רעב: הנוצרי שמעיר את המוסלמים ברמדאן. @jackiekhoury1 בכתבה יפה ואופטימית 
ראיון שלי הבוקר אצל @kereneubach ביחס לאירועים הקשים אתמול בתל אביב: 
"700 עצירים מינהליים. מעל 400 ילדים, 61 נשים מתוכן 14 ילדות, כולם בכלא. בית סוהר לכל הפלסטינים - מאמר מערכת בהארץ "
"رمضان يجمع كل ما هو خير وتسامح وتضحية وتقارب بين الناس #رمضان_كريم 
חודש של סבלנות וקרבה בין כל בני האדם #רמדאןכרים "
בצעדת החופש לציון 49 שנים לכיבוש - האסיר חולם על החופש והסוהר חולם על בית הסוהר - יש לשחרר את שני העמים מהכיבוש 
"היה לי את הכבוד ללוות היום את לוחמת החופש וחברת הפרלמנט הפלסטיני, ח׳אלדה ג׳ראר, בדרכה לחירות "
"הנתונים חושפים מציאות שמוכרת לנו היטב, של אפלייה קשה וגזענות הטבועה עמוק במנגנוני המשטרה
 "
לא באתי לשאול באתי להאשים: המשטרה ומח״ש אתם גזענים! מתוך דברים שאמרתי היום בדיון בכנסת על אלימות משטרתית. 
"עכשיו בונים אופוזיציה, בצעדת האלפים הערבית יהודית. משמיעים ביחד זעקה: נגד הכיבוש ובעד השלום נגד הגזענות ובעד השוויון "
בונים אופוזיציה אמיתית - בונים תקווה! ניפגש הערב בשמונה בתל אביב ונצעד נגד הגזענות והכיבוש ולמען שלום ושיוויון 
"הביטו בפניו הפצועות והנפוחות של מייסם, ובואו מחר להפגנה | מאמר שלי שהתפרסם בשיחה מקומית - שתפו בשביל שמחר נהיה אלפים "
"ראיון קשה ונוקב עם @Samahse  ממובילות המאבק נגד אלימות בציבור הערבי, היום במוסף הארץ, קריאת חובה לסופש: "
"RT @Hadash_org: היום בכנסת #יום_השפה_הערבית ביוזמת ח""כ ד""ר יוסף ג'בארין (חד""ש) @DrJabareen 

הנה רשימת האירועים וסדר היום:

"
Important and interesting meeting of @Hadash_org MK's with our friends from Germany @DietmarBartsch &amp; @SWagenknecht 
פרויקט חשוב של עמותות @Sikkuy ואנו - מאגר מומחים ומומחיות ערבים להגדלת הייצוג שלנו בתקשורת. כנסו והזמינו לראיון:  
"בדיון חשוב בועדה למעמד האישה, ניתוח סקר על תחושת הביטחון של נשים במדינה בהובלת חברתי @AidaTuma יחד עם @dovhanin "
"מייסם במעצר בית לאחר שבילה את הלילה אזוק למיטה בביה״ח, שהמשטרה תוקפת אזרחים חפים מפשע היא תמיד גם תאשים אותם בתקיפה "
אין בושה ואין כבר שום גבול לחוצפה 
"לאפלייה פנים רבות, ממשיכים להאבק על השיוויון בכל תחומי החיים "
"עוד תקופה קשה עומדת לפתחנו, אבל התפקיד שלנו הוא להשמיע את קול ההתנגדות ולהוביל אופוזיציה נחושה מול ממשלת האסון "
באירוע לציון הנכבה באונברסיטת תא - רק הכרה בפשעי העבר תאפשר לבנות אזרחות משותפת המבוססת על שיוויון @dovhanin 
"עם תושבי טירת חיפה לציון התאריך בו הוגלו מכפרם.

לו זכר עץ הזית את נוטעו
השמן נהפך היה לדמעות!
- מחמוד דרוויש "
"مع أهالي طيرة حيفا في ذكرى تهجيرهم.

لو يذكر الزيتون غارسه
لصار الزيت دمعًا! "
"Meeting with Quartet Head of the mission, we discussed regional developments and shared our visions for the future "
With the Austrian Ambassador @martinoweiss discussed and raised several issues of concern to the Arab minority. 
"With the Belgian Foreign Minister @dreynders, we talked about the Arab citizens and there just struggle for equality "
"I met today for an interview with Global artist @aiww ,talked about refugees from 48 and today for his upcoming film "
"מג׳די סטודנט לרפואה חסך כסף בעבודת בניין, איבד את חייו כמו 12צעירים מאז תחילת השנה בשל הפקרת עובדי הבניין ע״י הממשלה "
"מוחמד חילמי, רופא מצרי שהיגר לברלין ב-1922. אחרי שעלו הנאצים לשלטון, הוא סיכן את חייו כשהמשיך לטפל בחבריו היהודים.. "
"Meeting @PaulMagnette. Working internationally is important, but the foundation is the struggle here at home "
"עכשיו בבכורה של ׳ג׳נקשן 48׳ אודי, תאמר וכל הצוות - גאה בכם! @TamerNafar "
"20 שנה למותו של אמיל חביבי, מנהיג שהוביל באומץ ובאהבה לעם וניסח את השפה הפוליטית שלנו. בתמונה אמיל ואני לפני 24 שנה "
"אלפים בצעדת 1 במאי בנצרת. דווקא על מול ייאוש הולך וגובר חשוב מתמיד המאבק המשותף לשוויון, לצדק לאומי וחברתי ודמוקרטיה "
"עלי בן השנה וחצי נשרף בחיים יחד עם אמו ואביו ואחמד שעדיין נאבק, ובמגרשי הכדורגל שרים בגאווה מפלצתית ׳שישרף לכם הכפר׳ "
"פגשתי היום את מזכ""ל האו""ם @BanKimoon_amdg על מנת להציג את המאבק שלנו נגד האפליה ולמען דמוקרטיה אמיתית ושיוויונית "
"20% מהציבור, 4 אחוז מהתקציב: לפ״מ כמעט ולא מפרסמת בתקשורת הערבית. עוד פן לאפלייה הממוסדת, עובדים עכשיו על הצעת החוק "
"בפאנל פוליטי יחד עם חבריי מהרשימה המשותפת, בהשתתפותם של סטודנטים מקסימים וחכמים. אתכם נשנה את העולם! "
"בהפגנת הנכים מחוץ לכנסת, קיום בכבוד זאת זכות בסיסית של כל אזרח, נמשיך לעמוד לצד כל המוחלשים בחברה! "
"מראיון הערב בערוץ 2 על חוק ההדחה, זאת לא דמוקרטיה זאת עריצות הרוב! "
"בפגישה עם תלמידי תיכון ליאו בק, המפגשים עם בני נוער יהודים לא פשוטים, אך אני מאמין שהם הכרחיים לשאיפה לשנות ולהשפיע. "
"הפגנה בטנטור; במקום להציע פתרונות דיור לאזרחים הערבים רק מחריפים את הבעיה, 30 למרץ, יום האדמה, המאבק לשוויון נמשך "
ישראל הפכה למקום שבו מתבצעות הוצאות להורג פומביות לקול צהלות הקהל את מחיר הידרדרות ביטונית ומוסרית משלמים שני העמים 
"עם שלמה אבואב מנכל @oryarokorg יש לנו אחריות להעלאת המודעות, אבל לא יהיה שינוי מהותי ללא תקציבים, זה מאבק של כולנו "
"׳אל תיתנו לאמא שתבכה תחגרו חגורות תשמרו על עצמכם׳ הילה גא׳נם שאיבדה את בתה ועד, בכנס היפגעות החברההערבית בתאונתדרכים "
עכשיו בחדשות 10 עונה על כל השאלות הקשות 
RT @MossawaCenter: @Ayman_Odeh_TJL visits Mossawa's Yp\outh Group to discuss challenges and future of #ArabJointList 
חברי @dovhanin נבחר כמחוקק המצטיין של הכנסת על פי נתוני הסדנה לידע ציבורי. גאה בך. 
"مش طالعين من أم الحيران!
לא זזים מאום אל חירן! "
"פתאום גילינו שאין בעיה תכנונית או סביבתית ואפשר לגור בישובים אום חירן ועתיר, אבל לא ערבים, רק יהודים יכולים לגור שם. "
הערב בערוץ 2 בתגובה לסערה וההסתה נגד חברי הכנסת הערבים. נתניהו ממשיך להוביל קמפיין של שקרים ושנאה נגד הציבור הערבי 
افتتحت مكتبي البرلماني في مدينة الناصرة. إننا هنا لكي نجتهد ونتعب من أجل الناس، ولهذا فالمكتب مفتوح لكل الناس. 
"בית ספר ללאומנות בנוסח בנט ושקד, ספר שהוא תערובת של שקרים, אטימות ושנאה. אני מברך את המורים והאמנים שיצאו במחאה נגדו "
סיור תמיכה בעסקים שועד מתיישבי שומרון קרא להחרים. בואו כולם לעכו היפיפייה ותמכו בעסקים ⁦@dovhanin⁩ ⁦@AidaTuma 
"I spent a few days with David Remnick from the @NewYorker, and this is the piece that was published today "
"בסיור עם שר הבינוי גלנט בגליל, דנים במצוקת הדיור וביישום המלצות צוות 120 הימים בתמונה עם ראש מועצת טורעאן עימאד דחלה "
".@yairlapid בקרוב אגיש הצעת חוק לסימון פוליטיקאים אופרטוניסטים וחסרי עמוד שדרה, כמו יאיר לפיד. "
The Right wing runs scared when Arab citizens have political power #HaaretzQ 
"We can argue about many things, but on this we can all agree: Pele was an incredible athlete @Pele "
Great meeting with @jdforward editorial board 
Great conversation with our friends in the @thenation. Thanks @roanecarey @KatrinaNation 
".@ebenezer_atl at the congregation once led by Martin Luther King, with Reverend Warnock, who leads the Church today "
"In the Ebenezer Baptist Church with Martin Luther King sister, Christine King Farris, and my friend Fahed Abu-Akel "
"RT @PalestineCenter: Here we go, folks! Follow along with Ayman Odeh here: "
.@ForeignPolicy choose me for the #GlobalThinkers This honor is to the entire public that supported the Joint List 
כך המשטרה התמודדה היום עם ההפגנה שלנו נגד התקציב האנטי השיוויוני. האם ראיתם את המשטרה תוקפת ככה נבחרי ציבור יהודים? 
"האסיר חולם על החופש,
הסוהר חולם על בית הסוהר.

הכיבוש הוא אסונו של העם הפלסטיני 
אך הוא גם הכלא של ישראל! "
"כאזרח ערבי, יכולתי לדמיין מה חשו הצעירים האתיופים שהפגינו, כשהשוטרים התחילו להכות, לירות גז מדמיע ולערוך מעצרים. "
"على قدر أهل العزم تأتي العزائم!  בעל הרצון החזק מעצב את עולמו במו ידיו!

דברים שפרסמתי אמש:
"
"החלטות על מלחמה ואפליה יעברו גם ללא הציבור הערבי.
אך התקדמות לעבר שלום שוויון, וצדק חברתי לא תתרחש בלעדינו.
"
"נחשו מי בא לארוחת שבת
"
"בכנס שעסק בנגב, שיבחו רבות את פועלו של בן גוריון בנושא הנגב.
סיפרתי שם כמה סיפורים שמציגים צדדים אחרים.
"
אי אפשר לדבר על דמוקרטיה בתל אביב כאשר 20 דקות מפה חי עם שלם ללא זכויות בסיסיות. מתוך ועידת ישראל לדמוקרטיה. 
