"ראש הממשלה צודק, שלטון הימין אכן בסכנה. אך הסכנה הגדולה עוד יותר היא שמיד לאחר הבחירות תקום כאן ממשלת ביבי-גנץ. כדי שזו תהיה ממשלת ביבי-בן גביר, שימו 'טב' בקלפי. "
"הם לא יסתמו לנו את הפה!
את התשובה - ניתן בקלפי.

"
"לא מתחבר להדלפת שיחה סגורות אבל זה לא סוד. אני חולק על נתניהו לא מעט, הוא נכנע לחמאס בדרום, נכנע לאיחוד האירופי בחאן אל אחמר וכו'. ועדיין, במדינת ישראל מי שיקבע סדר יום פוליטי זה לא הפקידים שי ניצן ומנדלבליט. אם נתניהו יקבל את אמון הציבור, אקדם החוק הצרפתי בועדת החוקה בראשותי. "
"60 שניות על למה אני רץ לכנסת. 

צפו. שתפו. הפיצו. והכי חשוב - שימו 'טב' בקלפי. למעננו, ולמען העתיד של הילדים שלנו. "
"הערב ב21:00 - אני מגיע לענות על השאלות שלכם, ולאכול חמין... 
בואו, יהיה מעניין. "
"אם משתיקים משלמים:
"
אנשים הגונים באמצע הדרך. 
"למדיניות של פייסבוק יש שם אחד: סתימת פיות. 

התשובה לפייסבוק ולכל מי שמנסה לסתום לנו את הפה תהיה רק אחת: גשם של פתקי 'טב' בקלפי. 

"
"סתימת הפיות של פייסבוק לא תרתיע אותי. 

התשובה לפייסבוק: 'טב' בקלפי. 

"
"לחברי בנצי גופשטיין יש מסר עבורכם. צפו. 
@kahane_zadak "
"בכנסת הבאה בוועדת החוקה בראשותי, שי ניצן וחבורתו יתנו דין וחשבון, כי הגיע הזמן להחזיר לעם את מערכת המשפט. שמים סוף לחגיגת הפקידים - מחזירים את השלטון לעם. 

זה תלוי בכם. שמים 'טב' בקלפי. "
החלטה פשוטה פתק אחד : טב 
"תקראו את אור יזרעאלי בסרוגים. 

"
"השאלה הגדולה של הבחירות האלו. 
בטוח שאת התשובה עם ישראל יתן בקלפי. 

"
סתיו שפיר הבאה בתור?.... 
"כשחברי מפלגת העבודה והמפלגנץ רבים מי משמיץ יותר את איתמר בן גביר, אתה מבין שמצב הסקרים שלהם קשה...

והעיקר: גם הגברת סוויד מבינה שרק אני אשים סוף לשלטון בג""צ. אין ספק שמזה היא מאוד חוששת, ואנחנו בהחלט נגשים לה את החשש. "
"בכל מדינה נורמלית המחבל הנתעב שרצח את החייל רון קוקיא הי""ד היה מקבל כיסא חשמלי, ולא תנאי מאסר מפנקים. 

לא שתקתי כהסתיימה הקראת גזר דינו של הרוצח ואמרתי לו את מה שאני חושב עליו. 

בכנסת, אני אפעל באמת ליישומו של עונש מוות למחבלים. לא בדיבורים. במעשים. "
"הגענו הבוקר למעבר כרם שלום כדי לומר בקול ברור: פתיחת המעבר היא אות קלון לממשלת ישראל.

בכנסת הבאה נדרוש ונקיים: אם לא תהיה שגרת חיים בעוטף עזה - גם בעזה לא תהיה שגרת חיים. "
"מצער שכבוד השופט נעם סולברג (מינוי הימין) לא הבין זאת,  אבל בעוד שבוע ויום בעזרת השם ובעזרתכם אני אהיה בכנסת ! מגיע לשנות !!! "
"לצערי השופטים סולברג ומזוז דחו את העתירה לעומת דעתו החולקת של השופט שטיין. השופט סולברג שאל במהלך הדיון היכן הצדק, אך התעלם ממנו. בג""צ בהחלטתו סימן עבורנו את מספר המנדטים אליהם אנו צריכים להגיע. זה לא יעזור להם. אני אשב בועדה למינוי שופטים למורת רוחם של השופטים ואעשה שינוי אמיתי. "
בנט רק מדבר. 
"ממשיכים בכל הכח עד הניצחון הגדול בבחירות. 

"
עדיף משאת תנהיגי...נ.ב. לפייגלין דווקא יש ברשימה אנשי שמאל. ..באשר לסמוטריץ ואלי  את צודקת: נגמרו המשחקים. 
"הם לא יקבעו מדיניות.
הם לא יחליטו.
הם לא ישלטו.

העם יבחר את השופטים. "
בצלאל ואני יכולים להיות הסיפור של הכנסת הקרובה. זה תלוי בכם ! 
"תקראו את הדברים החשובים של בצלאל. בכנסת נפעל יחד למהפיכה אמיתית במערכת המשפט. תעזרו לנו. 

"
"גנץ הגיע לשוק מחניודה, אבל כנראה שכח שזה המגרש הביתי שלנו ולא של מי שמעדיף להפקיר את חיילי צה""ל. 
סרטון מומלץ. "
תמונה אחת שווה אלף מילים: הם לא רוצים אותנו בכנסת. זה לא יעזור להם. הפעם תהיה בכנסת עוצמה יהודית חזקה. 
"לכנסת הקרובה, אני מגיע כדי לערוך שינוי יסודי ועמוק במערכת המשפט. 

ממכם אני מבקש רק דבר אחד: את הקול שלכם ביום הבחירות. שימו 'טב' בקלפי. 

"
אשכרה חושב שכולנו מטומטמים....מי היה שר ביטחון עד לפני כמה חודשים ???? על מי אתה עובד??? את מי אתה משקר??? 
"עוד יום עמוס, הפעם בדרום הארץ: אחרי סיורים בבאר שבע ובשוק באשדוד, מסיים את היום עם בני הנוער הנפלאים של הציונות הדתית בישיבה בדימונה. התחושה היא שעם ישראל צמא למהפיכה אמיתית, ורוצה לראות עוצמה יהודית חזקה בכנסת. 
הצטרפו אלינו למהפכה האדירה הזו. "
"""הדמוקרטיה"" על פי השמאל. לך תספר לה שעל כל מקום שהיא מדברת אני מופיע בחמישה... "
"היום ב12:00 הודיע יו""ר וועדת הבחירות שהוא פוסל סרטון תעמולה שלנו כי לפני כחודש הוגשה עתירה (הזויה) נגד הסרטון ויו""ר הוועדה עוד לא החליט בעתירה.

שעה אחרי הועבר סרטון אחר אבל אותו לא הכניסו כי ""רצף התשדירים נסגר"".

חברים: הם לא רוצים את עוצמה יהודית. התשובה שלכם תהיה בקלפי: 'טב'. "
אריאל יקירי. השמאל הוא הזוי שקרן וצבוע! 
להם אין פתרון. לנו יש. 
שמאלנים צבועים ! 
"עליהם נסמוך ברגע האמת?

"
זאת הגב' (שונאת ישראל) שיצאה בהפגנתיות מהפאנל בהשתתפותי. הצביעות לא הייתה מעולם ברורה כל כך.... 
"ד""ר אמטאנס שחאדה: לא רק שאתה לא צריך להיות אזרח סוג ב', אתה בכלל לא צריך להיות אזרח כאן. מי שקורא למחבל עזמי בשארה גיבור, שולח לו ברכות ומחבק מחבלים לא יהיה כאן. מי שדגל ישראל והמנון התקווה הם ""חלק מהדיכוי שלו"" לא יהיה אזרח המדינה. בכנסת הבאה נדאג לזה במלוא המרץ. תתחיל לארוז. "
"כאילו כשהיית שר ביטחון גבית מחיר כלשהו....מה, כולנו מטומטמים ????. "
"חמאס צריך לקבל אש ללא הפסקה
"
אני הדמוקרט. הם החשוכים ! 
"""מי שייצגה את מארי פיזם, רוצחת התינוקת רוז פיזם, צריכה לסתום את הפה כשהיא מדברת על החרמות. כנראה שלגברת סויד נוח יותר לשבת עם רוצחת תינוקת מאשר עם יהודי ציוני ואוהב ישראל. בעבודתי כעורך דין תמיד היו לי קווים אדומים, . זכותה לייצג רוצחת תינוקת  אבל שלא תטיף לי מוסר "
"הגיע הזמן לגבות תג מחיר כבד מעזה - על כל טיל, בין על הדרום, בין על השרון, יש לחסל 30 מחבלים, לשטח את עזה, ולשוב לגוש קטיף.  

"
"במדינה נורמלית שבה מיישמים חוק עונש מוות למחבלים אגפי בית הסוהר לא היו מלאים בחלאות אדם.     
"
"המערכת המשפטית לא מפסיקה לפגוע בנו. זה לא יעזור להם - התשובה תהיה בד' ניסן במאות אלפי פתקי 'טב' בקלפי. 

"
התשובה לבגצ : 
"רק אתם תחליטו.
התשובה לבג""צ - 'טב' בקלפי. "
"המטה החרדי התותח שלנו - בכל הכוח!

"
"פורים במחניודה... עם ישראל מרעיף אהבה עצומה. 
מגיעים לעשות שינוי!
חג שמח. "
"הבוקר בישראל היום:

"
"בעיצומו של קמפיין בחירות; האהבה שמרעיפים עלינו מדהימה. 
הימור שלי - עשרה מנדטים... 
נתראה בקלפי. "
"מחופש לשחר חסון. ""החיקוי"" מארץ נהדרת. עכשיו בעדלאידע בחברון "
הולך להיות מעניין... אל תפספסו. 
"השתגענו. במקום לתת צלש לחייל ""מתחקרים"" את האירוע? הגיע הזמן להפסיק להלך אימים על חיילי צה""ל !!! "
מגיע לעבוד. 
המלצת מנדלבליט שלא לקדם אותי ונציג נוסף של עוצמה ברשימה  למקום חמישי לא תעזור. בעזרת השם נכניס גם את הנציג השני של עוצמה לכנסת  ואדאג להביא שינוי במערכת המשפט. 
"יש לשים סוף לשלטון בג""צ: למנות עשרה שפטלים לבית המשפט העליון, לשנות את שיטת בחירת השופטים, ולהבין דבר אחד - דווקא בגלל ששופטי בג""צ אינטליגנטים, ובעלי עמדות ברורות (זכותם), יש לשנות את השיטה ולהחזיר את השליטה לכנסת. "
ציונות היא לא גזענות ! 
"RT @marzel_ba: ובדיקטטורה שלנו השופטים ממנים 
את חברי הכנסת..... "
זאת המציאות שלנו כיום. הולכים לכנסת כדי לשנות !!! 
"חברי היקר ד""ר מיכאל בן ארי, בזירת הפיגוע הרצחני בצומת אריאל. "
כמה עוד אפשר לגונן על מחבלים רוצחים  שצריך להשמיד אותם ??? כמה עוד אפשר להתנהל בטיפשות ולא להבין שהם רוצים לחסל אותנו וחובתנו ליישם עונש מוות למחבלים??? 
"לא מבין על מה ההתרגשות. מקווה ומאמין שבג""צ לא יפסול את ד""ר בן ארי, אבל אם כן אין יותר ראוי מפיצוי הולם בדבר הפיכתו של חברי ברוך מרזל לשר. "
"זה נקרא סיכול פוליטי ממוקד אבל האשם המרכזי הוא אביחי מנדלבליט.הוא הבוס של הצמד ניצן והלמן ואם הוא לא מסוגל לומר לא, שישלח אותם הביתה!!!! "
תגידו. הוא חושב שכולנו מטומטמים????שלא זוכרים מי היה שר הביטחון הכושל שרק ידע לדבר.... 
בגאווה. לאוייב צריך לסתום את הפה ! 
"אדוני ראש הממשלה.עכשיו הזמן לחזור לסיכולים הממוקדים !
"
בלד לא ובן ארי כן????? אם זה יקרה זה יום שחור לדמוקרטיה 
"RT @drmichaelbenari: מי אמר;
׳ערביי ירושלים הם נטל, הם מתעסקים עם בנותנו׳?
ומה הקשר שלו למפלגה של גנצ ? "
"ככה מנסים להשפיע על השופטים  ולגרום להם לפסול אותנו !
"
"הוא מפחד כי כולם יודעים מה הוא שווה היום והמצביעים שלו נוהרים אלינו ! 
"
"בקדנציה הקרובה אתה ממשרת שר ואני כחבר כנסת בעזרת השם יתברך, נאבק בתופעה! "
"בחסדי השם יתברך, הגענו היום להישג מדהים שמסכם את הפעילות המשפטית שלי רגע לפני הכניסה לכנסת. בית המשפט קבע היום שוב שהוא מאמין לאיתמר בן גביר ולא לנפתלי בנט שטען שבחקירות דומא לא הופעלו עינויים. אמשיך בעז""ה להגן על זכויות האדם של מתיישבי יו""ש מהכנסת. "
"מוזמנים לקרוא ראיון אישי שערכו עימי בסרוגים:

"
ואותנו מבקשים לפסול... 
ומה רע בכך ??? קצת חינוך למורשת ישראל ! 
"מעריך מאוד את עו""ד אילן בומבך אבל הפעם טעות בידו. החסינות לא חלה על השמצות ליברמן. "
לא רק שמאלנית מטורללת אלא גם צבועה ! 
"ליברמן למד הבוקר שיש מי שלא רק מדבר אלא גם  פועל תוך 48 שעות (לא כולל שבת...).
הגשתי הבוקר תביעה נגד דברי הבלע של ליברמן. אני מבין שהוא לחוץ כי הקולות שלו נוהרים אלינו והוא לא עובר את אחוז החסימה, אבל יש גבול להשמצות ויש כאלה שלא רק מדברים, אלא גם עושים. "
"הנאום שלי בועדת הבחירות .
"
"שבוע טוב! השבתי לשאלות שבתון. מה אני חושב  על הרב בני לאו? על התנהלות ""הבית והאיחוד"" מולנו ועל הרב רפי פרץ  ובצלאל סמוטריץ ? תיכנסו בפנים. "
"אנשי ישראל ביתנו יכולים להסיר את חששם, שכן על פי הסקרים מפלגת ישראל ביתנו לא תהיה בכנסת הבאה כך שחבריה לא ""יאלצו לנשום את האוויר בכנסת"" יחד עם נציגי עוצמה יהודית. &gt;&gt;&gt; "
"רואה חומרה יתרה בכך שאחרי שהגיש  עמדתה חסרת הבסיס המשפטי בעד בלד וכסיף ונגד ד""ר בן ארי היועץ המשפטי מנסה עכשיו גם להשפיע על שופטים ולתדרך כתבים. מדהים.
"
"מדהים: יוצא מתכנית טלוויזיה, במהלכה מנסה המנחה דובי גיל-הר להוציא מיו""ר רע""מ בל""ד כי הוא מתנגד לפגיעה בחיילים בשטחי יהודה ושומרון. שימו לב לתשובתו שאינה משתמעת לשתי פנים - בקרוב בבג""צ... "
"תוך 48 שעות אם ליברמן לא מתנצל אגיש נגדו תביעת דיבה (בראשון, בשבת אני לא עובד...).מבין שליברמן בלחץ כי הוא לא עובר בסקרים. כל המצביעים שלו עוברים לאיחוד מפלגות הימין ובצדק. הבחור התגלה כפייק שר ביטחוןהיה כישלון חרוץ ולא עמד בשום הבטחה. רק שאיווט יצטרך לשעת שיש גבול להשמצות. "
"פשוט לא ייאמן.שטחיות ורדידות של חברת כנסת בישראל. מה הפלא שהיא התחילה לספר הערב שמאיימים על חייה. עם התנהלות כזאת רק ""איומים"" יכולים לכסות על הפדיחות שלה בוועדה... "
"מסיימים יום עמוס ומוצלח בכנסת. הוועדה קיבלה את בקשותינו לפסול את תומכי הטרור ודחתה את הבקשה ההזויה לפסול אותנו. מקווה ששופטי העליון לא יאפשרו לתומכי הטרור לחזור לכנסת.

תודה לצוות המשפטי המסור! "
"מעולה. תמשיכו !!! טוב שהבמה תישאר לנו ובינינו שנינו יודעים את הסיבה לעניין: אתם מפחדים! מפחדים שנוכיח שאתם מחבלים, מפחדים שתלמידי בתי הספר יבינו שאתם אוייב, מפחדים כי העם איתנו ! "
מקנא בעמית סגל. למה מפלגת המחבלים לא תובעת גם אותי ????? 
גדול 
בדיוק קיבלנו את הנחיות מבקר המדינה לפרסם את רשימת התורמים לקמפיין שלנו... תודה בני! 
מיכל השמאלנית. אני לטענתך בכיין אבל את צבועה.ניחא צבועה אבל גם לא ממש חכמה...להבא תלמדי לקרוא ויקיפדיה. נעזור לך... 
"זה הפרצוף של השמאל: מספרים לכם שצריך לשמוע את כל הדעות, ושצריך לתת מקרופון לעודה וטיבי ושאר שונאי ישראל, ואילו לנו רוצים לסתום את הפה. 
יכול להיות שהשמאלן אביב לביא מבין שאנחנו כבר מזנקים לעשרה מנדטים...?

"
"תומכי הטרור מרע""מ עתרו אתמול לועדת הבחירות בבקשה לפסול את סרטון התעמולה שלנו. הם יודעים היטב כי רק אנחנו באמת מתכוונים לממש את ההבטחות שלנו ולטפל בטרור הערבי ביד קשה, וכמו כן לפעול להוצאתם מהכנסת. 

התשובה שלכם: כמה שיותר פתקי טב בקלפי! "
"חייב להודות שעד לרגע זה לא ידעתי מי זה חילי טרופר, אבל כשהבנתי שמדובר בחבר למפלגתו של מפקיר חייהם של חיילי צה""ל בני גנץ, הבנתי שאין צורך לייחס לדבריו חשיבות. "
"בהארץ לא מפסיקים לשקר. כבר מספר ימים שאנו מפרסמים בכל מקום לפעילים שלנו שלא להגיע להפגנת השמאל הקיצוני  ההזוי (כדי שלא יקבלו תקשורת) וניר חסון מבלי להתבייש משקר ואומר שניסינו לגייס מפגיני נגד  ולא הצלחנו....אגב, האסטרטגיה כן עבדה. חוץ מעיתון הבית אף אחד לא התייחס.... "
אז למה גנץ סגר איתם דיל והולך איתם למהלך של פסילת עוצמה יהודית ?.... 
כהרגלו. חד שנון וגם כאשר אני לא מסכים איתו אשרינו שזכינו שיש תקשורת מאוזנת ! 
"""תירה בו""! - קמפיין עוצמה יהודית יוצא לדרך. "
קבלו אותה: פרזנטורית הקמפיין שלנו! תמשיכי תמר! תמשיכי !!! 
הדאגה שלך לבנט נוגעת לכולנו...העיקר שגנץ יעלה לשלטון... 
שמח שראש הממשלה מאשר היום את מה שאמרתי לפני שנים רבות. שי ניצן פעל באופן מפלה נגד פעילי ימין והפרליטות נוקטת איפה ואיפה 
צריך להודות שעושים פוטש נגד נתניהו.   היועץ המשפטי לא אמור לקבוע מי יהיה ראש ממשלת ישראל וגם לנתניהו עומדת חזקת החפות ! 
צביעות בהתגלמותה! 
"ברשימת חדש-תעל יש מחלוקת על התמיכה בטרור: המחבלת תומא סלימאן חושבת שהאינתיפאדה כולה לגיטימית. לעומתה, אוסאמה סעדי מתנגד לטרור בקו הירוק, אבל רצח מתנחלים כמו משפחת הנקין זה סבבה. לעומתם, איימן עודה ממש שה תמים! הוא מתנגד לפגיעה באזרחים ותומך רק בטרור נגד צה""ל... (מתוך בקשת הפסילה) "
כשהמחבל אחמד טיבי כל כך מפחד - אני יודע שאני בדרך הנכונה! 
"קדימה חברים, להגיב ולשתף! "
"אמנם אנחנו רוצים ומקווים להיות בקואליציה (ולא אוטומטית באופוזיציה, כפי שנכתב בכתבה), אבל מדהים לראות את התגובות של השמאל המטורלל. הם מ-פ-ח-ד-י-ם!!!

"
"מחיאות הכפיים הסוערות (כנסו לכתבה)   שקיבלתי בבית ספר תיכון  בנתניה מלמדות עד כמה השמאל המטורלל בלחץ מאיחוד מפלגות הימין.....הדוברת של זועבי ניסתה לשחק אותה גיבורה ( מוזר למה הגיעה מלכתחילה לפאנל) אלא שהתלמידים בנתניה לא טיפשים והבוגדת הלכה הביתה! . 
"
"רעיון טוב, אבל אנחנו רוצים להיות בקואליציה !!!

ההסכם: נציג ""עוצמה"" בוועדה לבחירת שופטים
"
מי כאן העיפרון הלא ממש חד בקלמר ): 
כמות מחיאות הכפיים בתיכון חילוני מנתניה מסבירה היטב למה השמאל בפאניקה...
"בהחלט תודה סתיו.מאז ששלחת את המכתב ההזוי הזה לא הפסיקו לעסוק בנו וקמפיין הבחירות שלנו תפס תאוצה. את זועבי וטיבי אויבי ישראל ( בניגוד לאוהבי  המדינה) לא ביקשת לפסול כך שגם הוכחת לכולם כמה צבועה את. תמשיכי סתיו, תמשיכי.... "
"ככה עובדת התקשורת: אנשי מרצ נכנסו להרצאה והתנהגו בבריונות. מואטי, הדוברת לשעבר של זועבי אמרה שהיא מחרימה (איזה כיף) ועזבה בזעם (אגב, היא ידעה מראש שאני אהיה שם); ומהכתבה עולה שאני הוא זה שעשה בעיות... אגב, הם אפילו לא התקשרו לבקש תגובה. אבל העיקר לפרסם אייטם. "
"אמילי מואטי, יועצת התקשורת לשעבר של בל""ד, ניסתה לעשות לי דמוניזציה הבוקר כשעזבה פאנל משותף אליו הוזמנתי גם אני בבית ספר תיכון 'שרת' בנתניה, בגלל השתתפותי בו. 
זה לא יעזור לה. הנוער יודע את האמת. אלו הדברים אותם אמרתי לתלמידים הנפלאים לאחר שעזבה. "
שוב הם משקרים... 
זה הסיפור של ליברמן על רגל אחת : עם אחמד טיבי הוא מסתחבק מחוץ למליאה(וצועק למצלמות...)  לנו הוא לא מוכן לומר שלום.... 
"תודה סתיו ותמר
 לא יכולתי לצפות לקמפיין טוב יותר שמוכיח את צביעות השמאל המטורלל מהבקשה ההזויה שלכם.... "
"מעבר לצביעות ולדו פרצופיות בהסתחבקותם עם טיבי וזועבי, והחיבוקים עם אבו מאזן, גם במפלגת העבודה וגם במרצ חייבים ללמוד להתייעץ דחוף עם עורכי דין...
כבר הרבה זמן שלא קראתי מסמכים משפטיים כה עלובים.

"

"פייק תחקיר של יהודה שוחט הבוקר ב'ידיעות', שממחזר את פייק התחקיר של 'הארץ' (בתגובה הראשונה) מלפני כמה שנים, אבל מה לא עושים בשמאל כדי שגנץ יעלה לשלטון? "
"לכבוד הועדה לביקורת תמונות של השמאל המטורלל. אלה הם  הורי צדוק ושושנה ז""ל. אמא הייתה באצל ונעצרה על ידי הבריטים כשהייתה בת 14. אבא מבוני ירושלים. האם תתנו הסכמתכם לתליית התמונה או שעלי להסירה?): "
"שלי,בני, גבאי, טיבי וכל מי שמוזיל את ערך השואה ופוגע בששת מליון היהודים שנרצחו ונטבחו. התביעה בדרך. "
@tam04321 
אל תאכל את הלב נדב. יהיה בסדר. חבל על הבריאות..... 
מסיים יום עבודה (הפעם מוקדם !) ומעלה עוד תמונה מסלון הבית. סתיו? שלי? גבאי ? טיבי ? יש אישור לתמונה ???.....סותמי פיות נמאסתם !!! 
"למה את לא מספרת שביקשת לסתום לו את הפה ולמנוע ביקורת לגיטימית. את שלי ""הליבראלית, דמוקרטית"" מתנהגת כאחרונת הפרימיטיבים ומבקשת לסתום את הפה של מישהו שמותח עלייך ביקורת. צבועה! "
"אין מצווה לשבת באופוזיציה. עם זאת, אנו באים עם קווים אדומים מאוד ברורים אותם נציב כתנאי מקדים לכל משא ומתן קואליציוני. 

"
"האם כוהני השמאל ""מאשרים"" את התמונה הזאת שגם נמצאת בביתי או שעל הרבי גם יש להם השגות?...הפותרים נכונה יקבלו פרס ""מהוועדה לענייני תמונות בסלון""מבית היוצר של השמאל המטורלל... סותמי פיות: נמאסתם! "
שמאלן שקרן ועלוב. מתי שמעת ממני שאני בעד חוקי גזע? איפה זה כתוב במצע עוצמה יהודית??? האם לבקש לגרש את מי שלא נאמן (ורק אותם) זו גזענות ???? 
חחחח.ענק! תשובה כזאת טיפשית לא שמעתי ממזמן... 
קיבלתי דקה אבל זה הספיק לעשות צחוק מהחבר של זוהר בהלול.... 
"מדבר האיש שבמפלגתו כיהן כח""כ זוהיר בהלול, האיש שהכריז כי ""לא כל פלסטיני שהרג חייל ישראלי הוא מחבל"", והצהיר על תמיכתו במאבק הטרוריסטי של האויב נגד מדינת ישראל. אדון גבאי, טול קורה מבין עיניך, צבוע שכמותך. "
"מי שלא מגנה את תומכי הטרור מהמפלגות הערביות, אין לו הזכות לגנות את אוהבי ונאמני המדינה היהודית. "
"הצביעות של איפא""ק זועקת לשמיים!

"
"פנייתי הבוקר לפעילי עוצמה יהודית היקרים, המסורים והאהובים:

"
"כשהשמאל מתחרפן... 
נהיה בכנסת על אפו וחמתו. "
רעיון מעניין. 
"התכנסנו הערב בתל אביב עם הרכזים התותחים שלנו, ותדרכנו אותם לקראת המשך הדרך. זכינו לרכזים נפלאים, נאמנים לעם ולארץ ברמ""ח אבריהם. הסברנו על שיקולי האחריות שהניעו אותנו לחתום על ההסכם, על אף שרצינו שייראה אחרת, ועל כך שרק טובת עם ישראל עמדה לנגד עינינו במהלך. לילה טוב! "
הרגע הזה שעושים עליך חיקוי בארץ נהדרת... 
לפעילים היקרים שלנו. 
"עמית ידידי, אנחנו הסכמנו להתפשר על מקומות 4ו-8, או 5 ו-7, אבל באיחוד הלאומי מתעקשים שאופיר סופר ואורית סטרוק יהיו לפני נציגי עוצמה. על מקום אחד הם כרגע מתכוונים לפוצץ את ההסכם. "
"מתוך אחריות לקולות הימין, אנו בוחנים מספר אופציות שעשויות להגדיל את הגוש. 

"
"פנייתנו לרשות השנייה אמש עושה את שלה. אושרת קוטלר לא יכולה להמשיך לשמש ולו דקה אחת נוספת כמגישת חדשות לאחר דבריה החמורים במהדורה נגד חיילי צה""ל. הרשות השנייה חייבת לפתוח נגדה בהליכים, ויפה שעה אחת קודם. "
"גם נתניהו, שלנו ביקורת רבה עליו, יודע שללא עוצמה יהודית גוש הימין מקבל מכה חזקה. חבל שמה שמבין ראש הממשלה, לא מבינים גורמים יהירים בבית היהודי ובאיחוד הלאומי.

מוזמנים לצפות בדבריי בנושא בראיון לאולפן ynet.

"
"בתכנית 'פוד הבוחר', על התנשאות וצביעות של גורמים באיחוד הלאומי ובבית היהודי. "
כדאי להאזין. 
בקלמן סגל. הערב. 
"מאמר מצוין של איתמר סג""ל, אולם גם הוא שוגה בנקודה אחת: סג""ל טוען שעלינו להירגע, ו""לשמור את התגובות המופלגות שלנו לכנסת הבאה"". לצערי גם הוא שוכח שהאלקטורט שלנו חזק מזה של סמוטריץ' והרב פרץ. רשימה מאוחדת צריכה להיקבע לפי יחסי הכוחות באופן הוגן, ולא בצורה כוחנית. "
מה עוד צריך ??? 
מה רע במלחמה באויבי ישראל???? שמאל קיצוני - מטורלל!!! 
העלבון הוא לא אישי אלא כלפיי יותר ממאה אלף בוחרים שאנחנו מייצגים. 
"תראו מופתעים ....
השב""כ: רצח אורי אנסבכר הי""ד בוצע ממניע לאומני
"
חזק.... 
"*עוצמה יהודית בתגובה להודעת ישראל ביתנו:*

""מסתבר שהספינים מבית היוצר של אביגדור ""אם אני שר בטחון תוך 48 שעות אני מחסל הנייה"" ליברמן, טרם תמו, יש להזכיר כי עונש מוות קיים בחוק, אלא שהפרקליטות הצבאית, עליה היה אחראי ליברמן בכהונתו כשר בטחון מעולם לא דרשה עונש זה למחבלים..... "
חוסר אחריות של אנשי הבית והאיחוד עוד עלול להקים כאן ממשלת שמאל. מעציב. 
RT @MichaelsonSonLi: הדם זועק .. ויש צו איסור פרסום. 
אסון אוסלו חוזר ובא. אנחנו עשינו הכל כדי שזה לא יקרה! 
שרקי כהרגלו מדוייק. אכן היו פניות של מקורבים. אנו מאוד מעריכים את חזן אך שוקלים הנושא. בכל החלטה כזאת יהיה מעורב השיקול האידיאולגי והערכי ומניעת עליית שלטון שמאל. 
"דבר החבר של ערפאת: 
"
עופר חדד הוא אחד הכתבים המוכשרים בישראל. אמנם לצערי הוא לא תמיד עושה לנו את החיים קלים אך גם כאשר הוא מבקר ועושה כתבה נשכנית אני יודע שהוא הגון וישר ומקצוען אמיתי. השמאל הקיצוני לא יודע לקבל ביקורת. 
חזק.... 
גיצין מוטרד....עוצמה יהודית לכנסת ! 
חוץ מזה שיולי היא פלקט שמקריאה הודעות של דוברת לא למדתי הרבה מהדברים.... 
"אמרתי לאמיר אבגי שטעות 92 חוזרת על עצמה. האזינו לראיון:
"
"עו""ד איתמר בן גביר: מי שלא רוצה אותנו לא מבין שהקולות המתונים שהוא מדבר עליהם, כבר מזמן אצל בנט "
אם השמאל יעלה שיבואו בטענות רק לעצמם ! 
דברי הקרן החדשה. 
"אכן צבועים ושיובהר
 זה לא חיבור מפלגתי ויש לנו ביקורת על ראש הממשלה  ( טילים על הדרום ללא תגובה, חאן אל אחמר ועוד) אבל אין ספק שאסור לתת ליועץ המשפטי לקבוע מי יהיה ראש ממשלת ישראל ונותר להתפלל שנתניהו יקים בקדנציה הקרובה ממשלת ימין אמיתית. "
אוי ברק...הרי אם גנץ יקח את המחבלים של בלד ורעמ תעל וירכיב איתם קואליציה אתה הראשון שתשמח. מילא שמאלן אבל למה צבוע???? 
"תראו מי התעורר: הזגזגן שתמורת מנדטים מוכן גם לעקוף מימין את עוצמה יהודית... ואגב, יאיר לפיד לא סתם בלחץ: הוא יודע שעוצמה יהודית בכנסת תמשוך את כל הכנסת ימינה. "
תראו מי שמדברת.... אם היינו מציעים שריון ללבני היא הייתה רצה גם אלינו): 
השמאל בפאניקה???? 
RT @kahane_zadak: 1000 מחבלים מתים ולא תיפול שערה אחת של חייל צהל! 
על מי אתה עובד ???? איזה מאמצים עשית בקדנציה האחרונה כדי להוציא אותם אל מחוץ לחוק??? מספיק לשקר! העם כבר לא קונה את זה! 
"RT @drmichaelbenari: ככל שדוחים את הפניה שלנו לאיחוד, הציבור עובר לעוצמה יהודית.
הציבור לא אוויל. "
"RT @arutz20: ""צריך לשמור על נתניהו מימין"": איתמר בן גביר מתכונן לבחירות
"
"אמנם הסקר הערב מלמד שגם לבד אנו על גבול אחוז החסימה, אבל בלוק טכני זה צו השעה "
"במשטרה סבורים שהציבור מטומטם !
""זלזול באינטליגנציה של הציבור""
"
בשבכ עסוקים בנוער הגבעות ):
מה רק 17 ???? 
חבל שאין בחירות כל יומיים...עוד היינו מקבלים ראש ממשלה ימני.... 
בעד אבל האמת שלא אחת אלא ארבע! ענת גופשטיין שרה מרזל דגנית בן ארי ואילה בן גביר. לטעמי זה יכול לחזק את הייצוג הנשי וייתן פנים רציניות לרשימה!!
"נס גדול !
"
גנץ מטעה את הציבור. 
תמיד היית קשקשן. התמונה שעולה מהדיווחים שדקרו נער וכיתת הכוננות שהגיעה הותקפה בסלעים ובלוקים אבל אצלך תמיד אבל תמיד היהודים אשמים ! 
RT @marzel_ba: 
"השב""כ מאבד עשתונות. עו""ד בן גביר: לשלול מאנשי השב""כ את הסמכות לטפל בנוער הגבעות 
"
"שאלו אותי בערוץ 20 על נפתלי בנט.
הנה התשובה;

"
"ביבי ""הימני"".... "
רק בישראל... 
"הרסו את צה""ל !!!! 
""אות קלון לממשלת הפייק ימין""
"
אתם שואלים למה להצביע לעוצמה יהודית? 
"מן ההגינות לציין שגם אמרתי בכתבה שאלי ישי אדם יקר וראוי , נאמן לארץ ישראל ושותף עתידי לבלוק טכני. חשוב גם לציין את זה. "
"RT @marzel_ba: כתבה בערוץ 7: ברוך מרזל: ""עוצמה יהודית חזקה מספיק לרוץ לבד""
"
"נוער הגבעות הם הציונים של ימינו!!!
הבוקר אצל רזי ברקאי..
"

אם זה ימין....אז אפשר לחשוב גם על זהבה גלאון. 
"אפקט אזריה: החיילים חששו, אזרח ירה במחבל
"
מצטרף לדברים של חברי צבי סוכות . אכן כרמל טעתה בפרסום שמן הסתם הודלף על ידי המדליפים הסדרתיים מהמשטרה והשבכ  אבל היא כל כך אנושית והדיווחים שלה  בפרשה הזאת(כמו ביתר המקרים) הם מאוזנים הוגנים וראויים ! 
"צריך לומר את האמת המצערת. יש בחלקה היהודית בשבכ גזענות נגד יהודים. כשעל אשתי זרקו אבנים, מקסימום שוטר מקוף הגיע. אף אחד לא פתח בחקירת שבכ ....קישור ליומן הצהריים של התאגיד:
"
"מצטער, אני עסוק בתיק של הילדים שנחקרים בשב""כ): "
"עו""ד בן גביר: ספין של דוברי השב""כ
"
בושה 
די לאלימות! 
בחסדי השם יתברך! זה תיק שרק בזכותו היה כדאי ללכת ללמוד משפטים. 
מעניין...תגלה לי מי אמר):.... 
עכשיו יותר מתמיד !!!  מפץ ימני אמיתי מימין לבנט שהוא תואם ביבי. 
"גם בערוץ 7 סבורים  שבנט צריך להתנצל !!!!

כתבה בערוץ 7: לפענח את בני גנץ, הכחשת שואה והתנצלות
"
"הפלאפון קורס. רק בשעה האחרונה קיבלתי מאות תגובות של אזרחים המומים וכאלה שאיבדו את התמימות. המציאות נחשפת :

"
RT @yaircherki: רק כי עוצמה לישראל היה כבר תפוס 
אצל צביקה הדר מול אמיר חצרוני: 
מי שנכנע ללחץ של השמאל הקיצוני שייקח בחשבון.....
בושה 
אם זה היה כלפיי ערבים הוא היה עצור.... 
"עכשיו לא יהיו יותר פיגועים, רק הערבים יראו את אייזנקוט   ): "
"מי נתן לו נשק???? אם זה היה כלפי ערבים הוא היה עצור עכשיו!
"
עכשיו בהפגנה: ביבי תתפטר! 
"עוד ""צודק""  כזה ואבדנו.... "
"ביבי הביתה!
"
"עם ישראל דורש נקמה! הפיגוע בעפרה: נקבע מותו של התינוק
"
RT @batelkol: מדינה על אסיד: משרד המשפטים קבע שלא ניתן להוכיח שהרצח של עדיאל קולמן בעיר העתיקה (לפני כחצי שנה) היה על בסיס לאומני. 
בצלאל יקירי. זו לא הקואליציה שאתה חבר בה???..... 
"חצי משופטי העליון מנועים לדון בגלל שייצגו/ ייעצו לגוף כזה או אחר והחלטתם ""ליפול"" דווקא על שטיין????.... "
ואיפה הם הבחורים ההם עם הדמוקרטיה וחופש הביטוי ????): 
עדין מחכה לתגובת גלצ.... 
"פשע בגבעה! קשה מחריד עצוב אבל השאלה שזועקת: איפה הפוליטיקאים התקשורת וארגוני הנשים?????
שליחי המינמהל פוגעים בנשים בעת פינוי מאחזהרגשתי שאונסים אותי הם המשיכו ....צילמו וגיחכו
התחננתי שיתנו לי להתלבש״.
את הזעקה הזאת אתם חייבים לשמוע ולהפיץ
"
"איתמר פליישמן ואראל  סגל חושפים את האיסור לראיין אותי בגלצ - מחכה לתשובת שמעון אלקבץ( מנהל גלי צה""ל).....

                 'אם תפטרו אותי, אפנה לבג'ץ': הצוות של אראל סג'ל חושף סיפורים מגל'צ                 "
"RT @arutz7heb: בן גביר: פייגלין היה ונותר מגלומן
@itamarbengvir @moshefeiglin
"
"לצערי פייגלין דחה את היד המושטת שלנו. נמשיך לחתור למפץ של אוהבי ארץ ישראל גם אם פייגלין היהיר יישאר (שוב) בצד.
"
רוצים לראות אותנו בכנסת ?? כנסו ותתרמו ! 
"לא נשכח את היום שבו נרצחה רינה דידובסקי הי""ד. בעלה חיים, ממשיך גם היום לפעול למען הארץ והעם בכישרון, מסירות נפש וחכמה רבה, יהי זכרה ברוך. "
שישקיע יותר בנגינה ופחות בפוליטיקה.... 
זה הנאמנות עידו....זמרת שבעד למחוק אותנו לא צריכה להופיע כאן. 
"כשרובי ריבלין ביטל בכנסת כנס לזכרו של הרב כהנא הי""ד לא שמענו אותך מצייצת... "
"הבוקר אצל שרה בק סיפרתי את האמת על ליברמן והחכי""ם הערבים.... "
בשורה נפלאה ! 
"RT @drmichaelbenari: בנט, התקפל מול נאום אחד של נתניהו, ורוצה לעמוד בלחצים של שר בטחון?! "
"""הגורמים"" בבית היהודי שכחו שבן דהן היה סגן שר בכל עשרות הפינויים בשנים האחרונות. פייק ימין. "
"RT @MaarivOnline: איתמר בן גביר: ""לא שוללים חיבור בין מפלגות עוצמה וזהות""
"
"אנחנו בעד חיבור טכני עם זהות וישי אבל הפעם הרשימה תקבע על פי מידת התמיכה של הציבור. לא יהיה מצב שבו מי שמביא את רוב הקולות יידחק אחורה. 
"
"הפעם יש אלטרנטיבה !!!
"
יועז השמאלן צודק. יש אופציה. עוצמה יהודית !!! 
מי שלא נאמן למדינה ולא שר את ההמנון  לא יכול לשחק בנבחרת. אנחנו פרייארים.  
פייק ימין 
"זה יום עשה ה' נגילה ונשמחה בוא. עכשיו גם את בנט, ביבי וכחלון - ממשלת פייק ימין. "
"עוצמה יהודית : ליברמן מנסה למכור סחורה משומשת אבל עם ישראל מפסיק להאמין. אחרי כהונה כושלת כשר בטחון, ליברמן נזכר לזעוק  נגד מדיניות מתרפסת וכושלת שהוא ביבי ובנט הובילו. מגוחך לשמוע את ליברמן .הפעם יש אלטרנטיבה לא פייק ימין אלא ימין אמיתי עם עוצמה יהודית.
"
"אין על שרון גל! ״ליברמן, אני מתבייש שהייתי חבר מפלגתך״
"
לא נשכח. [
עכשיו בהפגנה בשדרות. ביבי הביתה 
"אפסים. 
דיווח: הושגה הסכמה על הפסקת אש
"
"צעקנו, זעקנו, התחננו שלא יעשו את האיוולת הזאת והתוצאה לא איחרה לבוא: "
RT @drmichaelbenari: להכות את האויב לא לספוג! 
"בהמשך לסערה מאמש. הנה הקטע שבו אני אומר מפורשות לגבאי שלשרוף זה מחוץ למשחק. אפשר להפגין, לצעוק, לחלק כרוזים. לא לשרוף. בועז ארי ושפטל מהנהנים. מי שאומר אחרת משקר "
גיבור וקדוש. אוהבים. 
"אראל סגל הוא  אחת הדמויות  שאני הכי מעריך בציבוריות הישראלית. חד, סקרן,  מראיין גם כאלה שהוא לא מסכים איתם ומבין תפקיד התקשורת. דווקא בגלל זה הוא טועה כאשר טוען שעצם הראיון עם גבאי מצית הדו לשוני  מביש. רזי ברקאי מראיין כל שבוע מחבל. גבאי לא מחבל,  וראוי לשמוע אותו גם כשלא מסכימי "
"אחלה גדעון. השאלה אם העבר שלך כתומך ב""כנופיית שלטון החוק""הוא לא התמונה האמיתית,  או שאכן זנחת את החברות עם ארבל וביניש ואתה באמת מבין היום שאי אפשר לנהל מדיניות של צביעות וגזענות נגד יהודים. "
ושוב הצביעות של יריב חוגגת....גבאי לא. חמאס כן.... 
"ג'וש יקירי. לא הבנתי מה מחליא בראיון בלעדי. כשרזי ברקאי מראיין את כל הארכי מחבלים ומלטף אותם אתם לא מזדעזעים. לא חייבים להסכים עם גבאי (גם אני לא)  כדי להודות שהיה דיון מעניין על הטקס (המבחיל) שעשו בבית הספר לזכר ערפאת ימ""ש או על התנאים המקוממים בהם נתונים העצורים היהודים "
"עמית יקירי.לא הבנתי מה מחליא בראיון בלעדי. כשרזי ברקאי מראיין את כל הארכי מחבלים ומלטף אותם אתם לא מזדעזעים. לא חייבים להסכים עם גבאי (גם אני לא)  כדי להודות שהיה דיון מעניין על הטקס (המבחיל) שעשו בבית הספר לזכר ערפאת ימ""ש או על התנאים המקוממים בהם נתונים העצורים היהודים "
"חחחח....ממש. במה אתה ""ימני"" ? בזה שאתה יושב בקבינט, מתקפל כמו כולם ואחר כך רץ להציג עצמך בתקשורת כלוחם ?..... "
"מאי גולן ראויה בהחלט להיחשב כאחת הנשים השמפיעות בישראל. יש לנו את הזכות לעבוד יחד נגד ההשתלטות על דרום תל אביב וזכיתי להכיר בחורה צדיקה, מסורת נפש, אוהבת ישראל ופועלת למען השכונות ! ברכות! "
"RT @kikarhashabat: רובינשטיין מחק את ""תביעת ההשתקה"" וישלם לנתבעים "
"ראש העיר פחד שאשאל אותו שאלות קשות וברח....לפחות נקווה שלהבא יבין שבתביעת השתקה לא מפחידים אופוזיציה. 
"
"RT @drmichaelbenari: למי שעדיין לא נכנס לקישור להיות שותף להציל את המדינה בעוצמה:
"
"לא מבין למה בויינט לא כותבים שהשופט שעצר את ההריסה הוא השופט ג'ורג קרא. לטעמי צריך לפרסם תמיד את השם כי זכות הציבור לדעת !!! 
"
"מעבר לכך שאראל סגל הוא נשמה גדולה, זכיתי לראות מקצוען אמיתי, איש תקשורת מהמעלה הראשונה ואדם ישר, הגון וכן, בעל אג'נדה יהודית ציונית ושכל ישר . בהצלחה אח ! "
משם זה התחיל: 
בגצ מנציח את האפליה בהר הבית. איפה כל השמאלנים שמדברים על שוויון ? איפה הממשלה??? אם היינו ערבים.....               
שרון גל שואל אם אתם רוצים לראות אותנו בכנסת .תצביעו! 
"ח""כ נורת קורן החרוצה. מגיבה על פסק דינומף של בגצ המנציח את האפליה נגד יהודים בהר הבית. "
רק מזכיר שאיילת שקד היא הבוסית במשרד המשפטים. אם עובד במשרד שלי  מוכשר ככל שיהיה יתחיל לתת לי הוראות אסביר לו באופן מיידי שהבוס זה אני והכללים חלים גם עליו !! 
ומה שדינה זילבר עושה לציבור בישראל במשך שנים זו הפיכה! 
"השרה שקד שוב מוכיחה שהיא יודעת לעבוד !!  חבל רק שבנט ליברמן וביבי לא לומדים ממנה בממשלת הכל דיבורים. חשוב גם שזו רק תהיה ההתחלה . אסור להסתפק בהשעיה. צריך לפעול לפיטורין !!
"
בשעה טובה ומוצלחת ! 
"יש אלטרנטיבה !! 
"
"ועוד מבט על מה שהיה אתמול בכיכר. 

"
מתכוננים ל70 אורחים. שבת חיי שרה בחברון!!! 
"ידע כל פוליטיקאי שאם ישמיץ ישלם !!! 

"
עכשיו עם רבקה שוורץ אורן הלמן ברדיו מורשת ובתאגיד 
"אין שום הגיון להזמין את הסבא  אלא אם כן מישהו רוצה להשפיע על השופט...
"
ביבי ליברמן ובנט נסחטים באיומים. במצב שכזה עדיף שיישארו בבית ולא ינהלו את המדינה. 
ממש גונבים לכם את המדינה): 
@elirantal 
@BarakRavid 
"האמת הרעיון של השמאל המטורלל לא רע....להנחות הטקס בכיכר. אני מסכים !!!את הסמל לא אביא לשם (השופט קבע שאני לא זה שהורדתי את הסמל אבל כשבית המשפט פוסק לטובתי הוא אף פעם לא עניין את השמאל...) אבל אולי נביא ציטוטים של רבין על ""בלי בגצ  ובלי בצלם""...יהיה מעניין ! "
עוד אחת שחושבת שהתקשורת עובדת אצלה....הזמנים השתנו...אמנם רזי נשאר רזי אבל הרייטינג עבר לתקשורת מאוזנת יותר ולא מגמתית עם אגנד'ה.... 
"חד משמעית: השנים היו פעילי ארגון אייל וחשוב מכך, אבישי לקח הכרזה ,הפיץ אותה לתקשורת וביקש מאיתנו (בני נוער שעמדו בסמוך )להפיץ. השב""כ מנסה היום באמצעות תדרוך כתבים לשנות את העובדות אבל גם אם אכן ההדפסה יוזמה אישית  של הנערים כאשר סוכן מפיץ הכרזות ודואג לפרסם האחריות היא של השב""כ!! "
פתחנו תיבת פנדורה !  עכשיו נראה את הפרקליטות מעבירה לנו את כל התיקים שסגרה  של הערבים שהסיתו לטרור או נופפו בנשק במהלך חתונות.  
בצלאל היקר: זה לא הזמן לסיורים ולמשחקים שלא יקדמו כלום . זה הזמן לפרוש מהקואליציה !!!!! 
היידה ביבי..... 
חבורת אפסים. תמיד התירוץ שלהם  היה בגץ...עכשיו אחרי שבגצ אישר נגמרו התירוצים.... 
"צביעות! זילבר מאשרת תקציב ממשלתי למנזר שמדיר נשים....
"
"מאות פעמים מנעו ממני להגיע לעצרות/אירועים/ מחאות שהשמאל ערך. לא זוכר שאי פעם כתבתם על זה ""בהארץ"".... "
"RT @drmichaelbenari: למען בנות ישראל, מצדיע לצדיק בנצי גופשטיין: "
"הולך לשלוח למפכ""ל זר פרחים על שאמר את האמת: משטרת ישראל מפלה יהודים לרעה!!! 
"
"גם אלף נצחנות נוספים לא שווים כלום אם זה הקפטן של נבחרת ישראל...בושה. 
"
"אחרי הדברים של המפכ""ל אי אפשר שלא לבטל את כתב האישום בעניין הנפת הנשקים בחתונה !!!
"
"אסור לחזור על טעות פעמיים. לטובת החקירה ואמון הציבור ראוי שהמחלקה היהודית בשבכ לא תחקור אלא המשטרה.
"
לדעתי הוא שר הביטחון הכושל בתולדות ישראל. עד שעשה משהו (אחד) טוב  הוא מקלקל.... 
"RT @arutz20: ""כשאומרים 'מדינת אפרטהייד' על ישראל זה מצחיק אותי"": שרה זועבי לא מפחדת לומר את האמת
"
RT @kahane_zadak: שמרו את התאריך 
"מספיק עם אשליית הדו קיום! 
"
"ואבהיר: כמפגין ותיק אני בהחלט סבור שמאבטח השבכ -שהפיל המפגין הסטרי למדי. רואים מפורשות שהמפגין עומד עם דגל ולא נשקפת שום סכנה לרוה""מ. הבעיה שלי היא עם הצביעות. אם זה היה פעיל ימין התקשורת הייתה שואלת למה לא הרגו אותו..... "
צבועים נמאסתם!!! 
"קודם כל תקרא תנך ותגחה למי היא שייכת אבל מעבר לכך, להתנגד להנגשה???....מדהים. "
RT @marzel_ba: כל הכבוד לדני כהן וחבד חברון 
בערב החג הספקנו לעלות להר הבית .מי ששולט בהר ישלוט בארץ ישראל כולה!!! שבוע טוב וחורף בריא. 
"טור מרתק של קלמן. חולק עליו שאין להשוות בין קרית ארבע לרהט(אני בטוח שגם ברהט יש נשים שרוצות לשחות מעורב אבל הן מפחדות) אבל לגמרי מזדהה עם כך שלזילבר אסור להתערב בענייני ההפרדה במופעי זמר , בריכות, חופים וכדומה אבל כל עוד הממשלה לא עוצרת את זילבר נמשיך להילחם למען שוויון באכיפה.. "
"כמה מתאים לליברמן למנות את האלוף הכי שמאלן לרמטכל.
true "
ואיפה כל אלה שטענו שסתם הגזמתי בפעם הקודמת??? אומר זאת שוב: צריך לסלק את סכנין מהליגה הישראלית. 
"כך פועל קצין מגב בחברון שמתעמר במתיישבים. לצערי זה הפך להיות עניין של קבע. הפעם ""התירוץ"" לחסום דרכי (ללא שום אסמכתא חוקית) היה בשלבים. בתחילה טען שלא הזדהתי, אחכ טען שהוא הקצין ורק הוא יחליט ובסוף טען שיש חשד סביר כי ברכב יש כיסאות(משבת בר מצווה...) הזוי! "
"שוטרי מגב ממשיכים להתעלל במתיישבים:  חגגנו שבת בר מצווה לבני הבכור, הגעתי להחזיר כיסאות. עומד שוטר במחסום ולא רוצה לתת להיכנס. הקצין מגיע .בתחילה טוען שזה בגלל שלא הזדהתי אחרי שמבין שזה מצולם טוען שהוא המחליט אח""כ טוען שהיה חשד כי ברכב היו כיסאות...צפו:
"
עכשיו אני באמת לא ארדם בלילה ): 
כשהיית במשטרה מי שהיה מתבטא כך היה במעצר...העיקר שלך מותר להסית... 
"הראיון ""במשפחה""  עם אבי אריאלי שעמד בראש החטיבה היהודית מדגים את התפיסה המעוותת של השירות שמסתכל על נערי הגבעות כילדי שוליים במקום להבין שיש כאן אידיאולוגיה של אהבת ישראל. עם הערבים הוא מסתחבק. לגבי יהודים התפיסה שונה ופתאום השבכ הופך להיות אחראי על אכיפה של בניה ומשטרת מחשבות "
"כרגיל מתקפלים. מוטב להבהיר לרוסים שיפסיקו לתת חסות לסורים ולאיראנים ויעזבו את ""מגרש המשחקים"" בסוריה. "
"RT @arutz20: אלאור אזריה משחזר: ""צעקתי זוזו, אף אחד לא עצר אותי - ויריתי"" | הצטרפו לשידור החי באולפן הפתוח &gt;&gt; "
"ניצחנו אבל המאבק לא תם. נדאג למנוע הדרת נשים מרהט ועד דיר אל אסד וכמובן לעקוב אחרי אכיפת החוק ברהט !!!
"
כן בטח...כמו שהבטחת לחסל את הנייה תוך 48 שעות.... 
רק תחליף את השם חבד לערבים והיינו רואים אותך ואת חבריך משתוללים... 
הכל דיבורים. 
"פדרמן צריך לקבל צלש. לא הרשעה.

נעם פרדמן הורשע: ״מעשה גבורה״
"
במדינה נורמלית היו מעניקים ללקוח שלי צלש. 
הצביעות בהתגלמותה. עצוב.... 
שונאי ישראל. 
בסילוואן לא מדברים...בסילוואן  זורקים בקבוקי תבערה ומנסים לרצוח אבל התקשורת שותקת ומוסי שותק ורק הצביעות זועקת..... 
זה הפצר לשעבר - לכן אנחנו מפסידים מול כנופיית טרוריסטים... 
אין להם גבולות. 
האם המשטרה תקים צוות חקירה מיוחד?? האם ינסו ברצינות לאתר את הבריונים?? ובהנחה שיאתרו אותם האם לא ישחררו אותם תוך חמש דקות ???? 
יוסי מזרחי לכלך ובגדול. לצנזר תגובה ולא לספר שהכתבה כולה נגועה בניגוד אינטרסים????  
התחלנו במסע לתמיכה במועמדים שלנו בבחירות המקומיות. היעד הראשון: נצרת עילית ! 
"צה""ל יתחקר???? ליברמן הביתה! רק שר ביטחון כושל יכול לאפשר לצהל לתחקר פעולה כל כך פשוטה ונכונה. "
"עוקפים מימין האחרון של שנה זו. ניפגש בשנה הבאה!
עם עו״ד בן גביר עקפנו מימין,
פעם אחרונה לשנה זו:
הבריכה ברהט ושתיקתה של דינה זילבר, חאן אל אחמר ועדויות אנשי השבכ במשפט דומא, איש השנה שלנו ובלוף הפליטים ועוד. 
שבת שלום
שנה ברוכה
שלכם
מיכאל בן ארי
"
"אם זה מה שהם מסוגלים להביא אז הגיע הזמן שיפסיקו להתרגש ""מהתפרעויות""- שני סוסים ושוטרים עם אלות וכל ההתפרעות של המחבלים מתפזרת. "
"הבוקר ביום ליום. די לרדיפת היהדות ! לצפייה בכתבה באפליקציה: 
 "
הבוקר אצל ינון מגל וענת דוידוב .
הבית של.... 
"צביעות, בלי להתבלבל..... "
יוצא להגנת נשות רהט!!! לא ניתן להדיר נשים במרחב הציבורי!!!! 
"הפגישה באישור צה""ל (ליברמן) או ששוב אנשי שלום עכשיו מצפצפים על החוק?? "
שלום כיתה א לשירה חדשה המתוקה שלנו ובהצלחה לכל התלמידים והתלמידות. העתיד שלנו הם הילדים הללו. עם ישראל חי! 
"פניתי ליועמש ולפרקליט המדינה שיתערבו וימנעו המשחק או לחלופין שיעמידו ההנהלה  והשחקנים לדין. לא יכול להיות שחסידי ברסלב ופעילי ימין עומדים לדין על כניסה לשטח  A  ושחקני אום אל פחם יצפצפו על החוק. אפליה וגזענות זה מגעיל אותי.

"
אם זה היה ערבי שמותקף זו הייתה שיחת היום בתקשורת הכללית אבל זה חרדי אז זה סוקר בעיקר בתקשורת החרדית.....בן גביר: קיבלתי המון טלפונים על השוטר האלים • האזינו | *אתר קול חי* &gt;&gt;&gt; 
זה אב בית הדין שהחמיר את עונשו של ינון ראובני הנאשם בהצתת כנסיית הלחם והדגים וגזר עליו פי 2 ממה שגוזרים על הצתת בית כנסת ופי 4 ממה שגוזרים על זורקי בקבוקי תבערה. מעציב. 
"צודקת. ערבי ששורף בית כנסת שנתיים בכלא,  יהודי ששורף מסגד 5 שנים. ערבי שזורק אבן כוס קפה והביתה יהודי שזורק אבן מרתפי שבכ ועינויים...אפשר להמשיך עוד ועוד אך בעיקרון האפרטהייד חוגג! גזענות נגד יהודים!!! "
על ראיות אף פעם לא שמעת הא....בית דין שדה על שם אופנהיימר.... 
"אין יום שלא תוקפים יהודים בגלל שהם יהודים. כשזה לא רצח אף פעם לא ראיתי את זה כותרת של ynet......
"
תל אביבים תתעוררו !!!! ( לא לכולם שם כי כמובן יש עשרות אלפים בתל אביב שיודעים בדיוק מה שאני יודע; האוייב רוצה את תל אביב). 
"שמח שהשופטת קיבלה טענותיי אבל עכשיו צריך לעצור את השוטר 

"
"עולם הפוך. הצעיר שהותקף מובא עכשיו לבית המשפט .....
"
"דרוש אומץ, לא כיפות     
"
"הבדיחה הכי טובה שקראתי השנה. השמאלנים טוענים שהתוכנית של בועז גולן לא מאוזנת ""כמו התוכנית של רזי ברקאי......... "
מי שרוצה להבין למה המשטרה נכשלת שוב ושוב באום אל פחם שיאזין לראיון של מפקד מרחב מנשה אצל שרון גל. ההשוואה המעוותת ביני לבין מחבלים שונאי ישראל  מלמדת לא רק על סולם ערכים מעוות אלא על העובדה שמבחינת המשטרה המחבלים שהסיתו לרצח והתפרעו דומים ליהודים טובים שצועדים עם דגל ישראל. בושה. 
"אין דין ואין דיין והשר ארדן נרדם.
"
RT @michelletelaviv: 
"RT @drmichaelbenari: זה האיש שבגלי צהל מכנים ׳פעיל השלום׳:
לסגור את הרדיו של המחבלים! "
שמאלנים צבועים! 
יותר ממטריד. 
"העיקר את ברקוביץ השעו..
גזענות? רק נגד יהודים..... "
"מוכן לייצג את ברקו חינם. זו תביעת השתקה. 
"
"רק לפני כמה ימים השופט מינץ החמיר בעונש של נאשם בהצתת הלחם והדגים. השמאל הקיצוני מאושר, שלי יחימוביץ שופעת הבוקר מחמאות. לא לנער הזה פיללנו.... "
העליהום התחיל. חבל שברקוביץ מתנצל. טיבי זועבי ושאר חברי הרשימה המשותפת הם מחבלים!!!! 
"מצער מאוד שאותם שופטים שגזרו על נאשם ערבי שנה וחצי בגין כל אירוע של זריקת בקתב שנועד לרצוח  החמירו עם נאשם יהודי כמעט פי ארבע במקרה בו נשקף נזק לרכוש בלבד. 
"
"שרת המשפטים :  לטיפולך הדחוף !!!( רק מתזכר ""  את השופטת שהרשיעה את אזריה קידמו) "
"שקרנים !!!
"
"בושה! 
""אפליה מול מחבלים"" &gt; הוחמר עונש מצית הכנסיה | *בחדרי חרדים* &gt;&gt; "
קצת חשבון נפש בפרקליטות לא  יזיק.... 
"כשמדברים על רדיפה פוליטית של השבכ.... 
"
"כשמקורבים טוענים שהמקורב(שמזהה תהליכים)  אפילו לומד פרשת השבוע יש סיבה לדאגה.....

""יאיר גולן לא יסכן חייל למען האויב""
"
"מילה לא שמענו מהצבועה הזאת על מאות שיחות ""אזהרה"" לפעילי ימין... "
"RT @marzel_ba: ללעג וקלס היינו

רשתות החברתיות בערבית לועגים לחברי הקבינט המדיני ביטחוני תחת הכינוי ""קבינט הארנבות"": "
גייס חמישי בתוכנו! 
"כמה עצוב,כמה נכון: "
גדול! 
כל מילה אמת. קבינט של שפנים. 
ניצחנו! 
ניצחנו. לרגע הזה חיכנו. להוכיח שמשטרת ישראל יכולה להכניע את הפורעים. הלוואי עלינו בכל מקום בארץ. 
עוד כמה דקות באום אל פחם בהפגנת מחאה: לסגור את מסגד פרוק!!! 
דין אחד לכולם. אם הפצר התיר לחיילים לצעוד במצעד הגאווה אין סיבה שכאן לא.... 
אכן עכשיו אצל זוזו.... 
ממשלת הכל דיבורים 
מחר: 
איפה כל אבירי חופש הביטוי??? לאן נעלמה הדמוקרטיה???? 
"RT @GolanMay: ״האולפן הפתוח״ @arutz20 עם כל הנושאים הכי חמים.

מתחילים. תהיו איתנו! "
בחמישי הקרוב. 
יותר ממטריד. 
"הסכמנו על הכל עד שענת דוידוב שמעה את השם בנצי גופשטיין):
 "
על סתימת הפיות והצביעות של קהילת הלהטב 
סיכום לשעתיים עבודה אמש: תנועת השמאל הקיצונית שלום עכשיו מחקו הציוץ והוציאו הבהרה. איש השמאל הקיצוני ערן צ'רפק אף הוא הוציא הבהרה. ההחלטה בידיים של ריקלין אם לתבוע או לא(לפחות לגבי שלום עכשיו אני בעד) . היום אני בכנרת עם הילדים. לילה טוב ישראל. 
"מי מכיר? הגברת הציגה עצמה כחברת הקהילה הלהטבית ואמרה לי ששמחתי על רצח הנערה שירה בנקי ז""ל - אני לא סובל כשמשקרים. דעותי על המצעד ידועות, ואני סבור שחברי הקהילה פוגעים במדינת ישראל, אך מעולם לא שמחתי על רצח הנערה. מי שמכיר את פרטי הגברת אשמח לקבלם לצורך תביעה שאגיש. "
"השמאל הקיצוני התרגל לשקר,חהכפיש ולא לשלם: הכללים הישתנו. "
כאשר המשטרה פועלת בעודף מוטיבציה ועושה טעויות מביכות אך טבעי  שהשופטת מקבלת  את כל טענותיי ומשחררת ללא כל תנאי אפילו לא בערבות עצמית.... 
מה הקשר??? תענה לגוף הטענות- אם לטעון נגד התבוללות זו גזענות אז בוז'י הרצוג  לקח על עצמו תפקיד גזעני.... 
"זה דקר אשל. קצין אג""מ במשטרת מוריה. ""פיל בחנות חרסינה"" שבמקום לאפשר לנו למחות בצורה שקטה עשה פרובוקציות ואף פגע בי קלות וגרם נזק למשקפיי. הכי מצחיק שלאחר שמחיתי בפניו  הוא נהג מנהג אופייני למשטרה וצעק ששכבתי על הכביש. רק ""שכח"" לציין שהוא זה שהפיל אותי. גם לא דובר אמת וגם לא חכם.. "
המשטרה מאבדת עשתונות. 
"עונש קל מידי,רך מידי ופרקליטות שמנהלת מדיניות ענישה סלקטיבית כלפי יהודים. כשהרב אלבה כתב מאמר- לעיון ולא למעשה- על בירור הלכות הריגת גוי ביקשו בפרקליטות לשלוח אותו לשנים רבות בכלא. כאן כאשר מדובר בקריאה מפורשת לרצח בפרקליטות מסתפקים בחודשי מאסר... "
אמש אצל בועז גולן באולפן הפתוח 
מי שמתנגד לסחר בנשים שיעשה לייק!! 
"היום יותר מתמיד,הגיע הזמן לתקן את העוול!! "
"בשמאל ההזוי חייבים להבין שאם ישקרו,יסלפו, יסתירו את העובדות ויכפישו -  נתבע והם ישלמו . אין לי ספק שקמבצ היישוב יעשה דברים טובים עם הכסף ); "
"איראן זה כאן. האזינו אך המשטרה מבקשת להלך אימים על מי שמתנגד ל ""מצעד הגאווה""
"
ומה תגיד? שבתקופתך המחבליםצחגגו באגפים? שמינת את המכל הכושל בתולדות המדינה? שבהר הבית עדין יש מגנומטרים ליהודים בלבד???? 
"RT @GolanMay: אז המחבלת השתחררה, עד הסיבוב הבא.
אבל אי אפשר להתעלם מכך שרק בכלא הישראלי מחבלים נכנסים רזים ויוצאים מפוטמים... "
"המחבלת עוד תהיה עורכת דין....
"
מדהים. 
לא הגיע הזמן שתפסיק להחניף להם??? 
"בשורה שכייף לפתוח איתה את השבוע: זוהיר בהלול מתפטר מהכנסת
"
"RT @drmichaelbenari: בסיור של הנהגת עוצמה יהודית, עם ברוך מרזל: 
במסר של עוצמה מנתיב העשרה, מול עזה הארורה. שתפו. "
מסיימים תקופה.פטריוטים: התוכנית האקטואלית היחידה בתולדות הטלוויזיה בישראל עם אג'נדה ציונית יהודית. ירבו כמותה. היה לי לעונג! 
"לא מספיק !! במקום לזרוק אותם מהאץ הוא עושה להם שיחת נו נו נו....ראש ממשלה חלש.
מפקד הכוח הבינ""ל בחברון - לבירור
בעקבות תיעוד האלימות: רה""מ הורה לזמן המשקיף
"
"ללהטבים מותר......
בן גביר: ללמפגיני הלהט""ב יש חסינות?
"
תראו מופתעים......מה הן ילדות בנות 14 שהמשטרה מבקשת תום ההליכים נגדם כי הן חסמו כביש על גירוש יהודים מהבית..... 
"אם היית טורח לברר היית מגלה שאין ראיות...טוב נו כשמדובר "" במתנחלים""זה אף פעם לא הפריע לכם.... "
"""עבדים משלו בנו"" - האוייב מכה וממשלת ביבי ליברמן בנט רוקדת לפי החליל של החמאס. ירצו הפסקת אש ירצו עימות ""בעצימות נמוכה""....אין יותר מתאים מתשעה באב למציאות ההזויה הזאת. "
כאח הוא לי ! 
"בכאן מורשת הבוקר
"
וייקרא שמו בישראל: אורי צבי(על שם גדול משוררי ישראל בעת האחרונה- אורי צבי גרינברג- שנלחם בהבלגה והשתיקה לאויבים). אחר הצהריים   במערת המכפלה - ברית מילה לתינוק החדש שלנו. 
עדיף לשבת כשקוראים את החשיפה של קלמן מהבוקר.....
"מי אומר שהמשטרה לא עובדת ):
נעצרו פעילי ימין בחשד ל''תג מחיר''
"
בושה. אם היה יהודי היה מקבל את המקסימום... 
"RT @kahane_zadak: היום בישראל היום.
היו שותפים. היום זה אני מחר אתם.
"
"צעד חשוב . אמנם עדין לא מחייב שהעתירות ידונו אצל שופטים עם אג'נדה יהודית אבל  אם זה עובר אין ספק שמגיע ישר כוח לאיילת שקד וניסן סלומיאנסקי 
כתבה בערוץ 7: אושר: העתירות יעברו מבג""ץ למחוזי
"
היידה ביבי.היידה ליברמן .היידה בנט....רק עוצמה יהודית !!!! 
אין גבול לאכזריות. 
"ינון מגל כהרגלו, חושף את האמת! שימו לב מה קורה כאשר העורך הראשי של וואלה מחליט לתת לי לכתוב טור באתר....(לידיעת חוקרי להב שמחפשים מניעים זרים בוואלה....הנה, יש כאן בפנים!!!. קרדיט: קובי סלע ערוץ 7). "
"לעזור לו כדי שיעזור לבנות ישראל. 

לא רק גופשטיין - גם ""אוחנה"" אסור 
"
RT @arutz7heb: הורשע קצין שתקף מפגינים חרדים בי-ם 
"ידע כל שוטר שאם יכה מפגינים יצטרך לתת את הדין. 
"
"תרגיל לשמאלנים לא חכמים....תרגיל מבריק!
"
RT @kahane_zadak: 
דינה זילבר אדירה כזמרת. הלוואי קריירה שניה??? 
"המפונים היהודים דורשים צדק
"
ושבו בנים לגבולם. ברוכים השבים לגיבור ישראל!
מזל טוב סבא בנצי וסבתא ענת 
RT @drmichaelbenari: חבל שבנט לא בקבינט. 
הבוקר.על צביעות ודו פרצופיות של השמאלנים 
"צבועים נמאסתם!!!  שלא תטעו ! זו אותה מכללה שראשיה התגאו בציור איילת שקד ערומה. עכשיו פתאום אין חופש ואין ביטוי.....
"
קיבלתי . 
היום בית המשפט פסק שמאמינים לבן גביר !!!...שמח על האמון .חבל שבשבכ ניצלו התמימות של השרים בנט ושקד ועדין הייתי מצפה שהשופטים יפסלו את כל ההודאות ולא רק את חלקן... 
RT @aryeyoeli: בית המשפט פסק שלאיתמר בן גביר 
מעריך מאוד את איילת שקד  אבל בפרשת דומא השבכ ניצל את התמימות שלה (ובדכ היא לא פרייארית! )ואת חוסר האכפתיות של נפתלי בנט. לאחר שהשבכ נאלץ להודות במשפט שהם מענים הגיע הזמן לחשבון נפש  .היום זה נוער הגבעות ומחר יענו צעירים מרעננה... 
"לבטל את כתבי אישום דומא. עכשיו! 
שתפו בטוויטר "
"תנו לו כוח להמשיך לעזור לעם ישראל! 
בנצי גופשטיין: 

את הסרטון ואת שאר דברי התורה שלי *פייסבוק לא נותנת לי להעלות*  כך נמנע ממני להגדיל תורה ולהאדירה.

החלטתי לא לשתוק על הביזיון הזה. אנא, הצטרפו אלי למאבק ותרמו 
שבת שלום

"
"כששופט כותב בגזר דין שסנגור חירף נפש למען הנאשם אני יכול לנוח אחהצ....(סתם.מחכה בודה במשרד!).
הביע שמחה על רצח וייקנס ב-180 שקלים
"
"רק עשרה שפטלים בעליון יביאו לאיזון. 
      
"
RT @arutz7heb: מי סירב להשכיר משרד לאיתמר בן גביר? 
"העיקר שלסטודנטים מבצלאל שהציבו תמונת נתניהו ולידה חבל תלייה יש חופש ביטוי.....
מנכ""ל עוצמה יהודית זומן לחקירה
"
משטרת המחשבות של אלשייך בפעולה. הסירו תמונה של מיצג אומנות לגיטימי הקורא להחיל עונש מוות למחבלים. בושה 
RT @ronisassover: 
איפה כל אבירי הדמוקרטיה???? 
כשהלקוח עושה לך יחצ..... 
כל הכבוד ! 
"גטאס המחבל -נעלב...
"
עצוב.  ישראל צריכה עוצמה יהודית!! 
בושה ! 
שוב מתקפל?? 
הערב 
מי שלא מבין שכשמחבלים נהרגים זה יום חג חייב ללכת לטיפול. 
"RT @drmichaelbenari: המשך, זה מה שכותבת תלמידה חילונית מכצנלסון. (לא כל כל מתאים לאג'נדה רווית השנאה של עיתון הבוגדים): "
נו ו.... 
יום ירושלים שמח! 
שנים חיכינו... 
ככה מחנכים ילדים! 
וכמו תמיד למרות השופטים):..... 
לאן נעלמת כאשר אסרו עלינו להניף שלטים ששרון השתגע - בתקופת גירוש גוש קטיף??? 
כי עם החמאס צריך לדבר רק דרך הכוונת!!! 
עוד הצתה בדומא.מתי למישהו יפול האסימון שעמירם בן אוליאל והקטין יושבים בכלא לשווא 
כדאי שגם האיראנים יכינו את המקלט ! 
"RT @gilmishali: עזבו אתכם מטראמפ, זה מנהיג שהאיראנים צריכים לחשוש ממנו "
בשורה משמחת! 
"השמאל חייב ללמוד יותר על דמוקרטיה.
""צעקות וקללות הם חלק מחופש הביטוי""
"
ברוך מתיר אסורים!!! 
"כבוד לצה""ל ! זה רק מוכיח שכשרוצים יכולים ביצירתיות שנקלטה במצלמות עוצמה . "
יום חשוב אך לא למהר לחגוג גם בגלל שיעשו הכל כדי שלא יקרה בסוף וגם בגלל שזה צעד ראשון וחשוב אך יש עוד שורה של צעדים שצריך לבצע כדי להחזיר השלטון לעם 
"ככה מסרסים את צה""ל . "
"אטילה יקירי. יעבור לך. מתי שהוא תפנימו גם בשמאל שמותר למתוח ביקורת על בית המשפט, שהביקורת היא מאבני היסוד של הדמוקרטיה וכדברי השופט ברק לא נכון למנוע ביקורת על השופטים במדינה שמקדשת את חופש הביטוי- כשבית המשפט חורג מסמכותו, ומבצע מהפיכה שיפוטית ללא סמכות חובתי כמשפטן לזעוק! "
בפני אלה ביבי התקפל... 
"מה, בנגב לא מכשירים חמישים אלף בתים ואתם שתקתם יותם? "
שוב מתקפל. חבל. אם היה לו אומץ הייתי מסכים לייצג אותו פרו-בונו בתביעה שסכנין איימו להגיש נגדו. בכל מקרה אתגר לקבוצה של המחבלים; בואו נראה אתכם תובעים אותי בתביעת דיבה. אשמח לפגוש אתכם בבית המשפט. 
יותם מי???.... 
וכפי שהטבת לומר באולפן של הפטריוטים שמעון יקירי . פסקת ההתגברות לא תעבור בטח ובטח לא במתכונת האפקטיבית כי ביבי לא רוצה.... 
במדינה מתוקנת היו נותנים לבנצי לנהל את השירותים המיוחדים ! 
אלדד הבריז. לך תסמוך על שמאלנים.... 
"יש שלום.(לא היה).
אוהדי סכנין מניפים דגלי ישראל(לא היה)
אוהדי סכנין שרים את התקווה(לא היה)
מכבדים את צה""ל  (לא היה)
התקשורת מטייחת- היה גם היה!!!! "
"אם היו בודקים במכונת אמת לאנשי סכנין היא הייתה מתפוצצת.....
"
אין על שרון גל 
"הדובר של סכנין הודה שמאתים וחמישים ""ילדי בית ספר"" ביזו את ההימנון אך עופר שלח וחבריו השמאלנים לא נותנים לעובדות לבלבל אותם.... "
זה השופט שהרשיע את הרב אלבה וכתב פסק דין תקדימי בעניין גזענות. הראיון אצל קלמן ליברמן חושף שהשופט מצא הוא לא הדמות שאתה רוצה שיכתוב פסיקה עקרונית בבית המשפט העליון..... 
"ותודה ל 0404 שחושפים את שמו של שופט המשחק נאאל עודה. עכשיו אדרוש דין וחשבון מדוע בדוח המשחק לא הופיעה העובדה שאין עליה מחלוקת,ש250 תלמידי בית ספר לפחות, לא כיבדו את דקת הדומיה
"
"תשמעו את התירוצים של דובר סכנין , אצל אראל סגל, לפני שעה קלה

"
פניתי למנהלת הליגה ולהתאחדות לכדורגל לסגור את אצטדיון דוחא 
"לסגור את דוחא!!!
שריקות בוז במהלך דקת הדומיה
"
גדול במיוחד הבעות הפנים של הגברת.... 
סוף מחבל..... 
"זו לא  השאלה אלקנה, גם אם מגיע להם עונש חמור מעצר אינו עונש ואין צורך במעצרי ראווה. אפשר לחקור ולהעמיד לדין בלי מעצר. "
איבדו את הבושה: 
"RT @noamfed: כך תפסנו את המודיע המשטרתי
"
חייבים בדק בית וניקוי ארוות במשטרה ובשבכ 
"RT @ayeletlash9: אבל במשטרה אמרו שזה היה ""אירוע חריג"" 😕 "
"גלעד היקר:החוק קיים, הבעיה שהמשטרה בראשותך לא אוכפת אותו..... "
RT @arutz7heb: לטפל בדרום עם מקלות ולא עם גזרים 
"RT @arutz20: סמוטריץ' בתגובה: ""עומד מאחורי כל מילה של הציוץ הזה""
"
ריקלין צודק. 
"שוב מתקפל...
"
בוקר טוב נתניהו... 
"ויום אחרי משטרת ישראל עסוקה בפעולת מסתערבים (או יותר נכון מסתנחלים,)  נגד צעיר באזור יצהר.... "
"אצל אמיר איבגי בערוץ 20. 
"
ממש חיכנו לגברת ): 
הרב כהנא לא דגל במוות לערבים אבל הוא אכן צדק! 
הזוי 
העיקר שכשצעדנו לאום אל פחם המשטרה הציבה מחסומים ומנעה מאיתנו להגיע.לערבים תמיד מותר.... 
"התקדים עובד ב""ה. גם המשטרה מפנימה שמותר ליהודים לומר עם ישראל חי בהר הבית. מקווה שיפנימו בקרוב שמותר גם להתפלל בהר הבית. "
אמש בישיבת הרעיון היהודי. חג שמח! 
בצלאל שוב צודק. 
ושלא ימכרו לנו סיפורים.די. 
"מתנה לחג העצמאות! עם ישראל חי!!
"
"כמה ימים לאחר יום השואה אין יותר צודק לקבל פסק דין כזה;
כתבה מעניינת באתר ynet: 
"
"שהשמאלנים ימשיכו לגחך. אחלה מורים,אחלה ערוץ! המורה ריקלין: ערוץ 20 משיק קורס להכשרת כתבים "
"בקיצור,השופט סולברג נתן הוצאות. פוגלמן וברון נלחמו שמשגב ימשיך להגיש עתירות סרק. העיקר שעתירות צודקות שלנו מגלגלים  עם הוצאות "
RT @Meshilut: מעידת הלשון של אמנון אברמוביץ' הערב לא כל כך רחוקה מהמציאות 
"מדהים. כשאנחנו חטפנו הוצאות על עתירה (מוצדקת) נגד הסדר הטיעון עם באסל גטאס לא היו לנו ""חברים"" שימחקו ההוצאות.... "
קדימה שאלות! 
גזענים נמאסתם!!! 
"למה כשמציתים בית כנסת אף פעם זה לא ""תופס"" תקשורתית כמו ריסוס גרפיטי על מסגד?.... "
"למה ללהב""ה לא נותנים להשתמש בגלריית ברבור.... "
RT @Israelcohen911: מרן שר התורה הגר״ח קנייבסקי במרכז בימת הכבוד בכינוס השנתי של ‘לב לאחים׳ 
"המשטרה עצרה את אנשי עוצמה יהודית, בצומת אייל, בדרכנו להפגין מול מסגד ההסתה באום אל פאחם. המשטרה בהתנהלותה נותנת פרס לבריונות ומעודדת אותו. תוך כדי שהמשטרה מפירה את צ'ט בית המשפט העליון ופורעת כל חוק. שוב מתברר; ישראל צריכה עוצמה יהודית! אנא שתפו. "

"RT @beginites: בנצי גופשטיין: השתגענו! לחקור חייל שצעק יש? לתת לו תעודת הוקרה! אוייב שונאים ושמחים במפלתו. 

@kahane_zadak "
הבוקר בישראל היום. 
"כל הכבוד לצה""ל! אבל למה רק מחבל אחד?? "
"בדרך לאום אל פחם. מחר בחמש מול מסגד פרוק. 
""תקדים אלדד יניב"" בשירות עצמה יהודית
"
אם ביבי היה מתנהג כמו ראש ממשלה נורמלי השגריר הירדני היה נקרא תוך דקות לשיחת נזיפה. אם....
לצערי בן כספית צודק 
נתניהו. הביתה!!! 
"יהיה אש!
@drmichaelbenari "
היעד הבא של ממשלת ישראל. חג שמח 
"כל מילה אמת. רזי עדין מחרים ,ביומן הבוקר  הייתה עד לא מזמן הוראה (אבי ברזילי הוא זה שנתן אותה)  ושלא יספרו לכם סיפורים. "
"כל הכבוד לצה""ל!!
כתבה מעניינת באתר ynet: 
"
עכשיו בתרגול הקרבת קורבן פסח בשערי הר הבית. בקרוב בתוכו! 
בשורה נפלאה לחג! 
"RT @arutz20: ""שהחיינו וקיימנו והגיענו לזמן הזה"": @Riklin10 מברך בפתח המהדורה הראשונה של חדשות 20 "
יש שופטים בירושלים! 
"הכי מצחיק שתמר זנדברג  צרחה באולפן של אורלי וגיא על כך שלא אמרו לה שהעימות מולי ושפגעתי בקמפיין שלה....בטח משה קלוגהפט הסביר לה שהעימות לא עשה לה טוב.....
"
עצוב שקלוגהפט מוכר עצמו תמורת כסף גם למעריצה של ערפאת..... 
קלמן כהרגלו: חושף כל הצביעות והשקר 
חוסר שוויון זה מגעיל אותי.....
משהו עלה לגברת לראש.... 
"RT @MaarivOnline: בן גביר: ""אזריה גיבור ישראל ; אופנהיימר: ""לא נגדל דאעש במדינה"" @yarivop @itamarbengvir "
האמת בפרצוף 
בזמן שבגצ מוציא צו ביניים בעד המסתננים הלא חוקיים בעתירה שלנו כנגד האפליה במגמומטרים(ערבים לא יהודים כן) אותו הרכב דיוק מחליט להסתפק בקביעת דיון המשך ללא צו..... 
RT @chanamel1: כשהפרקליטות מפחדת להודות שהיא רוקדת לפי החליל של הרפורמים באים שופטי העליון ומבהירים את זה לכולנו 
הבוקר בישראל היום: 
RT @drmichaelbenari: סדום 
רק עוצמה! 
"אם היינו ערבים בגצ היה מוציא צו אחרי שתי דקות של דיון.....
""המשטרה מודה - יש אפליה בהר הבית""
"
"RT @drmichaelbenari: מחר 11:30 בבית המשפט העליון.. 
עתירה להסרת המגונמטר שהוצב ליהודים.. בלבד.

"
"אחד הדברים שאני אוהב לעשות זה לחשוף שוטרים שקרנים בדוכן העדים.....מבוכה: שוטר העיד על אירוע שלא נכח בו
"
יכול להיות שמישהו במשטרה לחוץ מבקשה שהגשנו בבוקר לבית המשפט העליון בדרישה שעדויות חפץ יוגשו לשופטי בגצ לפני הדיון ביום שני?.... 
ובגצ שוב יפסול החוק? 
פורים שמח!!! 
RT @kahane_zadak: וגם המפכל רוני אלשיך הגיע להתנצל אז קבלו בבקשה 
"גזענים נמאסתם: 
"
"כשאתם מדברים על ""הגבלות תנועה"" לערבים שימו לב  לאפרטהייד כלפיי  יהודים,חופש תנועה זה מושג שפי הנראה שייך רק לשונאי ישראל: "
"מי ששותק על העזבת אראל סגל מגלצ שלא יעז לספר שהוא בעד ""חופש הביטוי ומגוון דעות"". כשאת רזי השמאלן הקיצוני ביקשו להעזיב כל התחנה הייתה ""על הרגליים"" אבל היום הצבועים שותקים.  בכל מקרה יותר משגלצ נתנה לסגל,סגל  נתן לגלצ; ההפסד כולו של עם ישראל! "
"אצל סגל בגלצ. הופתעתי שארי צידד בשופטת. בדכ יש לו היגיון בריא...
"
יופי של משטרה יש לנו.... 
מיכאל היקר מצביע על הצבוע: 
"RT @drmichaelbenari: יחד עם עו״ד בן גביר, עקפנו מימין; כל העניינים החשובים השבוע, מזווית של עוצמה!
שבת שלום
שלכם
מיכאל בן ארי
"
"היה צריך לקבל צל""ש! "
"על זה ""הברנזה"" לא תדבר.... "
"סרטון מדהים!
א. השוטרים ""משחקים"" בעצורים כמו ניצבים בסרט! מכניסים  לאולם לצורך ""הצגת תכלית"" , מצלמים ואז....מחזירים פנימה....
ב. העיתונאים שואלים(ובצדק )את העצורים שאלות ושוטר גברתן לדוגמא בקטע של חפץ....) מורה לעצור לשתוק....לאן נעלם חוק כבוד האדם?...

"
מביך לשוחח עם שמאלנים שבזים לדמוקרטיה....
השתגענו. 
"הכל מתחיל מזה שלא מרססים אוייבים שמתקרבים לגדר. במדינה ריבונית כל גורם שהיה מתקרב היה מקבל מטח של ירי חי. רק אנחנו ""מוסריים"".... "
"ליברמן הביתה. 
כתבה מעניינת באתר ynet: 
"
ענק 
ליברמן אשם 
בסהכ מצלמים אותו....בכיין. 
"מעט מידי!!!
*חרדים 10:*
עו""ד איתמר בן גביר: ""לא מספיק כתב אישום. להדיח את 'אימת המפגינים החרדים' מהמשטרה""
"
"תגידו,רק לי זה נראה שהמפכ""ל פשוט חושש שהאירועים בצפון ייגנבו את תשומת הלב והידיעות על המלצות המשטרה יידחקו לשולים???.....  כתבה מעניינת באתר ynet: 
"
"על צביעות והתחסדות. יועז הנדל, האיש שבכל הזדמנות יוצא נגדי ונגד גופשטיין ""שלא שירתו בצבא""(כי צה""ל לא גייס אותנו....)מגונן על המשתמט יעקב פרי (שבניגוד אלינו פשוט לא רצה להתגייס.. )..... "
"זה במשמרת של ליברמן!!!!!אני ממליץ על הכתבה ערוץ 20 ב בלעדי: חוטפים אבנים ומבליגים כי ""לא שווה להיכנס על זה לכלא"", כנס לראות "
"RT @patriotim20: ""המהפכה כבר החלה""
"
מי מהשמאלנים כאן מתכבד להשיב..... 
פשוט לא להאמין...שעה אחרי הרצח הנורא של הרב בן גל והשבכ משקיע האנרגיות בנוער הגבעות ופעילי ימין.ככה אנחנו נראים.... 
בנצי גופשטיין חושף את הסכנה הקיומית לעם ישראל 
מיכאל היקר. תמיד בעשיה! 
העיקר שהשמאלנים נלחמים על הזכויות של הערבים לצעוד. מתנחלים?  לנו אין זכויות!.....
מדהים 
המשטרה פועלת במהירות במקום הרצח-עטצרת את המפגינים.... 
מי אמר דמוקרטיה ולא קיבל ..משטרת שומרון מעכבת את מנכל עוצמה יהוגית במקום הרצח 
ביזיון! . אם זה היה נער גבעות מחר היה מובא להארכת מעצר אך לשמאל  הקיצוני מותר הכל 
איפה היה הלב של אבירי זכויות הסודנים ב 2005??? 
מתבייש בהחלטה להעמיד את יורם שפטל לדין משמעתי. מדובר בהחלטה מסוכנת-לעורכי דין אין חופש ביטוי???? 
"בדיחה. אם הוא היה סמל משמרת היו מעיפים אותו מהמשטרה......כתבה מעניינת באתר ynet: 
"
אדיר.גם כאשר נפלה טעות בחלק מהכרוזים.הם קלעו בדיוק למטרה.כתבצ הומנית ויקרה למה שלא תעזרי להם?..... 
והם קוראים לבנצי גזען...... 
"""הגיבורים"" של מרצ עושים במכנסיים באולפני הטלוויזיה.... "
"ההתעללות במשפחת בן אוליאל לא התחילה בחקירות דומאכתבה מוואלה!NEWS, פרסום ראשון: רעיית הנאשם ברצח בדומא תובעת את המשטרה

"
הסדר טיעון מאוזן 
התקשורת מחרימה פייסבוק הסיר אבל את בנצי לא משתיקים.כל מילה אמת! 
אוהב את ריקלין אבל קלמן אומר את האמת!! 
לבקשתכם. מול תמר זנדברג הבוקר אתל אורלי וגיא....
כל מילה אמת 
"מבין לגמרי את גילאון. מה ההבדל בינו חבין הליכוד? גם הליכוד בעד  קפאת בניה,גם הליכוד בעד שתי מדינות גם הליכוד משחרר מחבלים."
"RT @news10: בשל פניית ""עוצמה יהודית"": מפעל הפיס סירב לקיים כנס של גבאי • @akivanovick עם כל הפרטים &gt;&gt; "
"כמה כיף לקלקל כנס לאבי גבאי :
בעקבות עוצמה יהודית: בוטל כנס של אבי גבאי במתנ""ס בעפולה "
והכי הצחיק אותי קלמן ששאל איך זה שאפילו כששני ערבים רבים אני מצליח לייצג את היהודי.....
"לא רק לבצלם! 

"
"RT @patriotim20: ריקלין: ""הפיגוע בוצע בחוות גלעד כי המחבלים רוצים להעיף קודם כל אותם"" "

מי שמעלילה עלילות שתשלם! 
לעלות לשידור אצל שפטל זו חוויה!
פשוט מקסימה! 
"בוקר טוב איראן???
כתבה בערוץ 7: עירית לינור הושעתה מגלי צה״ל
"
"הגענו להפגין בעופר עם ""קוצץ סיגרים"" .דורשים עונש מוות למחבלים! "
"מדהימה צביעות התקשורת אבל עוד יותר מדהים חוסר האונים של ממשלת ""ימין"" "
מאבק צודק! 
הקרדיט לבם ולהימן. עורכי דין מעולים והצלחה משפטית ! 
"אנחנו בד""כ אוהבים הפגנות אבל לא של צבועים! "
"לטובת המאזין צבי סוכות:כשאני הול למלון לא רק הבשר נבדק אלא גם הירק,הקטניות, ומי בדיוק הטבח במטבח. עבר במבחן בן גביר! "
"באמת עושים חיים ""בפטריוטים"" .סוף סוף יש תקשורת מאוזנת! רק שלא יסגרו לנו את הערוץ : "
אלק ממשלת ימין...... 
"צריך להודות שיש במערכת המשפט לא מעט שופטים הגונים ומאוזנים שיודעים להפריד בין לחץ תקשורתי לפסקי דין ובין סוגיות משפטיות לאג'נדה פוליטית , ומוציאים תחת ידם החלטות מאוזנות וראויות"
"ניחא ראיון מתחנף  עם  סלים גובראן (""הייתי שכנה שלו"") והכתבת לא אף לא פסק דין בעייתי אחד (והיו עשרות..)ניחא לא לעמת אותו עם זה שכשהוא מתגאה שלא שר התקווה הוא יורק בפנים של מי שמימן לו משכורת שמנה אבל השיא:טלי  נכנסת עם כבודו למסגד ועוטה כיסוי ראש. בבית כנסת היית עושה זאת???? "
"RT @MichaelsonSonLi: מה עניתי לשאלתו של אמיר בר שלום על קוצרא,
צפו ושתפו 
המסרים האלו חייבים לעבור
כי ישראל צריכה עוצמה יהודית "

לטיול יצאנו.... 
"כתבה מעניינת באתר ynet: 
"
הפכנו למשטרה שיש לה מדינה...אני לא מאוהבי נתניהו אבל מה שקורה עכשיו זה פוטש. 
נזעקתי לעזרת ילד שהותקף(כמובן מחוץ לעין המצלמות)אז ככה יעשה לי:המגבניקים דחפו והפילו גם אותי. לא נורא! זה בוץ של ארץ ישראל!! 

אם איילת שקד רוצה למנות כמו שרת המשפטים ליבני היא צריכה להעביר מינוי של מאיר אטינגר כשופט בעליון!!
בפרקליטות עדין עסוקים בלדברר  כתב האישום נגד  בנצי.... 
התראיינתי לכאן לרן בנימיני. לשמאל יש חופש ביטוי.לבנצי -לא... 

ועכשיו שהשמאלנים יציפו את המערכת..... 
אורי אריאל באמת לא מבין שהשמאל הקיצוני חוגג עליו?..... 
ושוב הוכח: ריקודי מה יפית של דוסי מחמד לא מקדמים שום דבר..... 
"אוי לו למחנה הלאומי שנתניהו בראשו....""ראש הממשלה העביר מסר לשרת המשפטים, ובו ביקש לדחות את ההצבעה בשל הרגישות""...

"
"אוי לו למחנה הלאומי שנתניהו בראשו....""ראש הממשלה העביר מסר לשרת המשפטים, ובו ביקש לדחות את ההצבעה בשל הרגישות""...

"
בוגדת. 
אכן 
העיקר שהשמאל בעד חופש ביטוי לכולםםםםם......
עלית עלינו !....... 
שופט בימש עליון לא שר את התקווה. בושה! 
"RT @drmichaelbenari: תכף מתחילים לעקוף מימין גלי ישראל 94 106.5 fm
טלפון למסרונים 0723229494 "
דמוקרטיה לכולם!!! 

הבוקר בהר הבית. קדושה וחילול הקודש (הווקף עדין מנהל את העניינים) מתערבבים אך אין ספק שכוחות האור יותר ויותר נראים במקום ומביסים את בני החושך 
יחד עם אנשי הווקף בהר התלווה צלם שקיבל מהם הנחיות את מי לצלם...לידיעת אנשי המודיעין של משטרת ישראל בתקווה שלא ירדמו שוב בשמירה בהר הבית..... 
כבוד. הילדים שלי (וכל  הילדים בתור) מקבלים מדליה  לרגל העליה להר הבית.ככה מעודדים ילדים לעלות למקום הכי חשוב לעם ישראל 
כבוד. הילדים שלי (וכל  הילדים בתור) מקבלים מדליה  לרגל העליה להר הבית.ככה מעודדים ילדים לעלות למקום הכי חשוב לעם ישראל 
ריבלין השמיע קול.....
אוהב ישראל אמיתי. 
אוהב ישראל אמיתי. 
על אלימות צריך לשלם 
ביזיון 
שרון גל שוב אומר את האמת. 
אם זה אמיתי אני מתעלף.... 
אם זה אמיתי אני מתעלף.... 
"נוי שטרית חוזרת הביתה!!!!כל הכבוד לבנצי וענת גופשטיין ואנשי להב""ה הצדיקים!!! "
צודק 

"מילא ""שמאלני"" אבל גם ""רב""?..... "
"עוד ""ימין"" כזה.... "


אין על הפטריוטים!! 

צבועים נמאסתם! 

"RT @CozrimLahar: מה אתם אומרים, יסירו? "
העולם על פי ynet: הפגנת השמאל הקיצוני=כותרת ראשית ושידור חי. הפגנה מול בית נשיאת בימש העליון של אנשי השכונות= מבזק צדדי...... 
"די לגזענות!!

"
"גדעון לוי לא היה שנים בחברון ולכן הוא כותב על מצבם :""העלוב"" של ""הפלסטינאים""- בוגד "
"RT @arutz7heb: ""ישראל הרימה דגל לבן""
@itamarqq 
"
"הרצח הנפשע:הזדמנות לשנות את הססטוס כתבה מסרוגים: ""הפיגוע-הזדמנות לשנות את הסטטוס קוו בהר הבית"" ["
"RT @arutz7heb: שיחת האיומים לפעיל ההתיישבות
@itamarqq 
"
"אמש בפטריוטים, למרות כל התיעוב שיש לי נגד אולמרט צריך להודות שהפרקליטות התעללה בו בגלל מינוי שר משפטים שלא מצא חן בעיניהם.... "
"הגיע הזמן שישלמו על חדשות מזוייפות
"
"סוף עידן התמימות של רבים מחבריי.....
"

"RT @patriotim20: הפטריוטים דורשים מרשויות החוק להגביר את הפיקוח על השמאל הקיצוני
"
"RT @arutz7heb: מדוע @GLZRadio  לא אפשרו ל @itamarqq  להגיב?
"
@Yanivhelf @soudron 
@Yanivhelf 
השמאלנים איבדו את השכל. 
השמאלנים איבדו את השכל. 
נגד הטיפוס הזה  חבריי ואני הפגנו כבר לפני מספר שנים. בנות ספיר היקרות: .חבל שאז לא הקשבתן 
הפתרון לבניה הלא חוקית במגזר הערבי:לגלח. 
אכן 
"RT @drmichaelbenari: עקפנו מימין;
נתניהו ומשבר התאגיד, שחרור מבצעי הלינץ׳, הפיגוע בלוד שלא שמעתם עליו והיישומון ׳הר הבית בידי׳.

"
"RT @arutz20: בדיון על מאמר @bezalelsm בפטריוטים, אמר @itamarqq : ""הציונות הדתית הפכה להיות ילדי הכאפות של מדינת ישראל"" "
השבוע בבשבע 
על שטחיות התקשורת:דן מרגלית לא קרא את פסק הדין ולכן לא ידע שהטיעונים שנסמכתי עליהם בין היתר הם פסיקות דומות שהשופט קבע באשר לערבים......... 
בנצי צודק(וזה לא שבתאגיד המצב טוב יותר.....) 
בנצי צודק(וזה לא שבתאגיד המצב טוב יותר.....) 
זו ההגדרה לעבודת קודש! 
זו ההגדרה לעבודת קודש! 
"Listen toהבחור פשוט לא מסוגל להודות בטעויות. חבל.... ט by GLZ Radio - גלצ #np on #SoundCloud
"
"RT @drmichaelbenari: עקפנו מימין ואל תחמיצו, על עופרה עם פרופ׳ יואל אליצור, על ערעור עזריה, כיבוש הנגב, ועוד
"

כבר לא פותח רזי.מעביר לגלי ישראל.... 

@giladerdan1 .זה שאתה שר לא נותן לך חסינות מפני לשון הרע ומציע לך לבדוק עצמך לפני שאתה מאשיםבעיניים ראיתי שוטרים מכים.תתפלא יש גם כאלה.... 


הרב כהנא צדק 
מדהים היה לשמוע ברדיו בחזרה מההפגנה את ליברמן. גזר קופון על אלאור השתמש וזרק. מילה אחת על חנינה לא שמעתי ממנו  בושה 
בדרך להכרעת הדין של אלאור 
בדרך להכרעת הדין של אלאור 
ליברמן עובד........ 
RT @ofergolan1: גם לדמוקרטיה חייב להיות גבולות 
"מעטים הרגעים שאין לי מילים.היום עברתי את אחד הרגעים הללו 
"
הספין הקבוע..... 
"אפרטהייד נגד  יהודים בהר הבית.איפה ""אבירי זכויות האזרח""?.... "
אמת: 
מי שצריך להיחקר הוא המ.פ .אם נכונה הטענה כי הוא  לא אמר אמת בבית הדין הצבאי ודאי שמותר להטיח בו ביקורת ..
תגיד לי מי הדובר שלך ואומר לך מי אתה.... 
"מוזר, כשהממשלה מעבירה לערבים מליארדים ולקיבוצים מאות מליונים לא רואים כותרות כאלה בטמקא...."
אכן 
"אם היינו משלום עכשיו גם היה מכנה אותנו ""מפגינים מקצועיים""???? "
"ליברמן השמיע קול?!!!!!בכיר חמאס, איסמעיל הנייה, צייץ ברכות למבצעי הפיגוע בת""א 
"
כור מחצבתנו: 
נתניהו ועמיחי הבן של בנצי. ביבי יכול לתייק באלבום. 
משטרת ירושלים מאבדת את הצפון. ועכשיו שיחת איומים לבנצי גופשטיין לקראת המשחק ביתר סכנין....
בעקבות התחקיר על גנדי.צודק: 
