"אם כל מי שתומך בגשר ובדרך שלנו יצביע לנו - אנחנו נהיה מפלגה גדולה, אנחנו נהיה לשון המאזניים ונוכל להיות הקול שלכם. הצבעה לגשר היא הצבעה עם השפעה. תאמינו. ננצח "
"סמס שקרי על תנועה (לא קיימת) שכביכול ""עזבה"" את גשר. עולב. נטו פייק "
"בתחילת כהונתו כשר אוצר, נטש כחלון את הציבור לטובת חבריו טייקוני הגז. כעת הוא מגלה שהציבור נטש אותו, אז הוא מסמס את עצמו לדעת. כחלון כמונו מכיר את סקרי העומק וגם הוא יודע שגשר תהיה בכנסת הבאה וכולנו לא. "
"כיף גדול עכשיו ברחובות. מדברים ומשכנעים ותאמינו לי, אם כל מי שמאמין בי ובגשר גם יבחר בנו - אנחנו נדהים את הסוקרים ומערכת הבריאות של ישראל תצא לדרך חדשה! "
"ע""פ סקר מכון סמית, אם כל מי שמאמין בדרך שלנו גם ישים ""נר"" בקלפי - לא רק שנעבור, אלא נעבור בגדול. 
אז אני צריכה שתאמינו ותדעו שאנחנו הולכים והולכות לעשות את זה, ביחד. 
תאמינו. ננצח. "
"הערב באשדוד, אולם מלא באנשים שקיבלו אותנו בהמון חום והתלהבות. השטח ינצח גם את הפייק ניוז וגם את הסקרים. ב-9.4 גשר תהיה הפתעת הבחירות. "
"גשר מתחזקת, זה ניכר גם בשטח וגם בסקרים. אנחנו לא בכיס של גנץ, לא בכיס של ביבי - יש לנו התחייבויות קודמות לאזרחי ישראל. רק מי שיתן לגשר את הכלים לקדם את הנושאים החברתיים ולשקם את מערכת הבריאות הקורסת - יוכל להיות ראש ממשלה בישראל.
מתוך הראיון שלי הבוקר באולפן YNET "
"RT @yanircozin: אורלי לוי אבקסיס: ""אחרי הבחירות @GesherParty תהיה לשון המאזניים וגשר תקבע מי ירכיב את הממשלה"". "
"הפייק סקרים ממשיכים -
אבל זה לא יעזור להם. 
בשטח גשר מתחזקת והיא בדרך להיות הפתעת הבחירות. "
"מעלימים נשים, מעלימים מזרחים והמצב במפלגה המתחרה לא טוב יותר. אל תצביעו למי שמעלים אתכם. "
"גם מורן אזולאי פרשנית ynet יודעת: ימים טובים לגשר -  עוברת את אחוז החסימה.
עתרתי לוועדת הבחירות נגד מי שמעלימים את גשר מהסקרים שלהם באופן מניפולטיבי ומפיצים תעמולה שקרית ובניגוד לחוק. גם הציבור חכם ומבין שגשר חזקה מאד בשטח ותכריע מי יהיה ראש הממשלה. "
"אם זהות תגיע לעמדת השפעה, החלשים והמוחלשים ישלמו מחיר כבד ששום שאיפה של קנאביס לא תוכל להסתיר. שימו לב מה הם אומרים. 
פייגלין מסוכן לחברה הישראלית. "
"זה נורמלי בעיניכם שסבתות צריכות ל""התארגן"", לחפש מזור לכאבן בטלגראס או בערוץ לא חוקי אחר?! הגיע הזמן להפריד את עולם הפשע מהקנאביס, ולהיפך!
הכירו את התכנית של גשר:
"
"הפייק הפתאטי נמשך. חוזרת ואומרת: אני לא מועמדת למכירה, רצה עד הסוף! הם מנסים לפגוע בנו כי הם יודעים כמה אנחנו באמת שווים. השטח ינצח גם את הפייק וגם את הסקרים. גשר תהיה הפתעת הבחירות. "
בקרוב הסרט. 
"הסוד הכי גדול שמסתירים מאזרחי ישראל. איזה בעלי עניין וטייקונים עומדים מאחורי המפלגות.
עבור מי הם יילחמו אחרי הבחירות: עבור האנשים הפשוטים?  ממש לא. חלק מהכישלון של כחלון, שבאמת בא ממקום טוב - נובע מהעובדה שבסופו של דבר הוא העדיף את חבריו מהגז על פני הציבור. "
"הכלה מאיסטנבול-Out
בובספוג-In
ועוד כמה דברים שלא ידעתם עליי במשחק האסוציאציות של מגזין את 
מוזמנות ומוזמנים לצפות :) "
"RT @GesherParty: גם הסרוגים איתנו. גשר תהיה הפתעת הבחירות
"
RT @GesherParty: אורלי שרת הבריאות = מהפכה למתמחי הרפואה! 
"מה שווה צמיחה אם אזרחי ישראל לא נהנים ממנה? דו""ח מרכז אדוה מלמד שאלה שסיפרו לנו שהכסף יחלחל למטה פשוט שיקרו. השכר תקוע, הוצאות השכירות עלו, 27 מיליארד שקלים עוברים לעשירונים 9-10 מכיסם של מעמד הביניים והמעמד הנמוך. גשר חזקה תדאג לאנשים שעובדים קשה בשביל הצמיחה אבל לא נהנים ממנה "
"למי ששמרו את השבת כמוני ופספסו:
שחר הבת שלי ואני, אצל שרון ורני.
על פוליטיקה ומשפחה,
התחזקות שמורגשת בשטח ובסקרים,
וגם על הדרך שבה גשר תהיה לשון המאזניים,
תכריע מי יהיה ראש הממשלה הבא,
ותקבל את הכלים להציל את מערכת הבריאות הקורסת.
שבוע טוב וצפייה נעימה:
"
"מסיימת עוד שבוע גדוש באירועים ובמפגשים מרגשים עם הציבור מצפון לדרום ואני אומרת לכם, השטח צמא לגשר. השטח אומר גשר תנצח. גשר תהיה הפתעת הבחירות ולשון המאזניים של הממשלה הבאה.
תאמינו, ננצח! "
RT @GesherParty: ואז הגיעה אורלי. קראו ותבינו: 
"כשגשר תהיה לשון המאזניים אחרי הבחירות הקרובות, היא לא תהיה מחויבת - לא לביבי ולא לגנץ. מצטערת, אבל יש לנו התחייבות קודמות - לאזרחי ישראל. מי יהיה ראש ממשלה? זה שיאפשר לגשר לממש במלואה את התכנית להצלת מערכת הבריאות הקורסת. לא יתנו - לא יקבלו. "
"פונה הערב לכלל חברי הכנסת בבקשה שיצטרפו אליי לבקשה לקיום כינוס דיון חירום בפגרה בנושא מחסור בקנאביס רפואי לחולים. 
אם לא תתכנס הכנסת לדיון חירום במיידי, בקרוב יצטרפו עוד כ-2500 חולים נוספים שמשתמשים בתרופה אל תוך מעגל הסבל:
"
RT @GesherParty: בשטח כבר מבינים: גשר תהיה הפתעת הבחירות 
"ממשיכים להתחזק. מגמת ההתחזקות נמשכת. מה שאנחנו חשים בשטח מזה זמן רב, בא לידי ביטוי בסקרי הימים האחרונים. 
עכשיו זה כבר ברור:
גשר תהיה לשון המאזניים. גשר תכריע מי יהיה ראש הממשלה הבא. אורלי לוי תהיה שרת הבריאות של ישראל - וזו תהיה מהפכה. 
תאמינו. ננצח! "
"עצרנו הכל היום וירדנו לעוטף עזה, להיות עם התושבים. הלב נכמר. הדברים שאמרתי לפני 8 שנים, כאילו נאמרו היום. שום דבר לא השתנה.
אנחנו לא נניח לממשלה להמשיך ולהשאיר את תושבי הדרום מאחור, כשהאש תידום. "
"כ-5,000 בני אדם מתים מדי שנה, בשקט בשקט, כתוצאה מזיהומים נרכשים בבתי החולים. הגיע הזמן להפסיק את הקטל בבתי החולים. אני אפסיק את זה. "
"במפגש עם צעירות וצעירים נהדרים, שמעבירים את שנת השירות בשדרות ומפעילים את שבט הצופים עבור בני הנוער בעיר. צומח פה דור עתיד מעורר אופטימיות ותקווה ומגיע לו מציאות אחרת. "
"בביקור בבית משפחת מוסקוביץ' משדרות, שביתה נפגע אמש מפגיעה ישירה מרקטה. 
הלב שלנו עם תושבי הדרום. האוכלוסיה כאן כבר לא יכולה לשאת את הסבל שנמשך למעלה מ-15 שנה. העובדה שההסלמה פרצה הפעם בשל טיל שפגע באיזור המרכז, מדגישה את העובדה שהירי בדרום הפך לשגרת חיים שאיתה לכאורה ניתן לחיות "
הערב בכנס בקריית מלאכי. מאחלים מכאן ערב שקט ובטוח לחיילים שלנו ולכל עם ישראל. 
"צבט את לבי, תושבי העוטף וילדיהם חיים במציאות בלתי אפשרית. מאחלת לחיילים שלנו ולנו ערב שקט. "
כנס מדהים הערב בחצור הגלילית. בשטח כבר מבינים שגשר הולכת להיות הפתעת הבחירות! 
RT @GesherParty: מי יהיה ראש הממשלה? מי שאורלי תחליט! צפו בפרשנות של עמית סגל: 
תאמינו. ננצח. 
"במכללת נאווה קולאז' למקצועות היופי בנהריה. רבות מהסטודנטיות כאן יסיימו את הכשרתן ויהפכו לבעלות עסק עצמאי. דיברנו על האתגר הכפול לנשים: ניהול ותפעול העסק ו""המשמרת השנייה"" שמחכה להן בבית. עידוד יזמות והרחבת שוק האשראי לעסקים קטנים הן חלק מהתוכניות שלנו למען העסקים הקטנים והבינוניים "
"מכירים במגבלות הסקרים, מכירים את מה שקורה בשטח ולנו אין ספק - גשר תהייה בכנסת הבאה:
"
RT @GesherParty: אם כל מי שמאמין בדרך של אורלי לוי יצביע גשר - אנחנו נהיה הפתעת הבחירות! תאמינו. ננצח. 
"פורים שמח!
ממני ומשחר 🤠🤡 "
הייתם מאמינים שיש בישראל גזר דין מוות? הכל קורה כל כך בשקט. 
"בסיור בביה""ח העמק בעפולה. מדי יום מתים בישראל 13 בני אדם מוות מיותר כתוצאה מזיהום נרכש בבתי החולים. בן אדם אחד כל שעתיים, 450 כל חודש, 5,000 כל שנה ובסך הכל 20,000 בני אדם נפטרו, מתו - מוות מיותר במהלך הקדנציה האחרונה של הכנסת &gt;&gt;&gt; "
הבוקר יותר מתמיד - סומכת על כוחות הביטחון :) עם הקטן בגן 
"בריאות לפני הכל -
קשישים מוטלים במסדרונות.
משפחות מאבדות את יקריהן או מתרוששות.
הזכות לחיים חשובה יותר מכל דבר אחר ולכן -
כשגשר תהיה בעמדה של הכרעה לגבי זהות הקואליציה,
גשר לא תהיה לא ימין ולא שמאל!
לא ביבי ולא גנץ!
כי גשר מחויבת קודם כל לזכות לחיים בריאים -
הזכות הבסיסית ביותר "
"קורת גג זה ביטחון, לא מותרות!
שמחתי לקחת חלק בסיפור המרגש של אורית וילדיה. "
"יו""ר אסותא מספר שיש לו 5 ביטוחי בריאות פרטיים משום שהוא ""לא סומך על המערכת"". לא מפתיע. אז הוא יכול להרשות לעצמו, אבל אזרחים ""רגילים"" שתלויים ברפואה הציבורית ממתינים חודשים ארוכים לתורים דחופים או פושטים את הרגל. רק כשגשר תוביל את משרד הבריאות המצב הזה ישתנה. "
"לי אין חברים טייקונים. אני מחוייבת רק לציבור! 
#ועידתגלובסלנדלן "
"כחלון בא מהמקום החברתי - במבחן התוצאה הוא נכשל.
#ועידתישראללנדלן "
"בזמן שהשרה רגב טוענת שהליכוד מיישר קו עם ""טעם הבוחר"" ומציג בפרונט רק גברים אשכנזים (כמו גם מפלגת כחול לבן), אני בגשר יישרתי קו עם מי שיעבדו למען הציבור, ושהמוצא המזרחי של חלק מהם הוא מקור גאווה ולא הסתרה עבורם! במקום שבו הם רואים צבעים וסקרים אני רואה אנשים. "
גאה בליאת ובכל הנבחרת של גשר 
"הערב ב-18, אני מתארחת אצל אופירה וברקו. ""איך אתם מחכים לזה!"" :)
סופשבוע נעים "
"עם חגי לביא שלנו, שאושפז במחלקה הקרדיולוגית אחרי אירוע לבבי (ותודה לאל, כבר מתלוצץ עם רופאיו). חגי הוא סגן מנהלת ביה""ס בויאר בירושלים, לשעבר ""המורה של המדינה"" וחבר נהדר ברשימה של גשר. חגי, כולנו מאחלים לך רפואה שלמה וחזרה מהירה לשגרת ההסברה :) "
יום הפאי שמח :) 
"בכנס המכון הישראלי לדמוקרטיה. דיברנו על בתי חולים שנאלצים לשנורר תרומות כדי להתקיים, על הילדה שטובעת בכינרת וצריך להטיס אותה לרמב""ם כי אי אפשר לטפל בה בבית חולים קרוב, על הילד שגר בבית שאן וצריך לנסוע איתו בלילה לעפולה כדי לקבל טיפול. על זה ליצמן לעולם לא יעשה משבר קואליציוני &gt;&gt;&gt; "
"מאשרת את דבר המבקר..
(כל יום, 4 שעות מצטברות בכבישים מהצפון למרכז ובחזרה) "
"חוסר התכנון והתקצוב בתחבורה כמו בתחומים אחרים, מעידים על האדישות של השרים בממשלה ושל העומד בראשותה לחיי האזרחים הפשוטים שבסה""כ רוצים להגיע בזמן לעבודה ולשוב הביתה בשלום ובזמן. אין להם אופציה אחרת!
גשר כלשון מאזניים תדרוש שהזלזול באזרחים יפסק. הגיע הזמן שיפסיקו להתעלל פה בכולם. "
"ההחלטה להפסיק את הטיסות משדה דב מתעלמת מהצרכים הרפואיים של תושבי אילת – ומוכיחה שבריאותם של תושבי הפריפריה חשובה לממשלה פחות מרווחי קבלנים וסוחרי נדל""ן. רק גשר בממשלה תשנה את המשוואה הזו. "
"כשרת הבריאות אשים קץ לייסורים האינסופיים שמטופלים עוברים בדרך אל קבלת המרשם לתרופה - וגם לאחריה. אין שום סיבה שחולים יסבלו בגלל אטימות, זלזול וקיבעון מחשבתי. "
"אחד הסיפורים המרכזיים של הבחירות האלה - גברים לפני הכל. ייצוג מביך לנשים בשתי המפלגות הטוענות לשלטון. עצוב ומאכזב עבורנו, אבל גשר תהיה האלטרנטיבה שתדאג שגם קולנו יישמע. "
גשר תהיה לשון המאזניים של הבחירות ולא תכנס לשום ממשלה שלא תתחייב ליישם את תכנית החירום להצלת מערכת הבריאות בישראל. אתם תבחרו: או ליצמן ומה שהיה הוא שיהיה – או אורלי לוי אבקסיס שרת הבריאות – וזו תהיה מהפכה. 
קול לגשר הוא קול להצלת מערכת הבריאות הקורסת. 
"איך זה יתכן שקיימת תרופה שיכולה להביא מזור לכאבם הנורא ולסבל של מאות אלפי בני אדם, לאפשר להם מעט שקט, מעט מרגוע ומעט שינה,
איך זה מונעים תרופה מבני אדם רק מכיוון שמה של התרופה הוא קנאביס ולא אספירין. 
זה נמנע בגין שמרנות, קיפאון מחשבתי וזלזול. 
כן, זלזול!
גשר תשנה את זה. "
"אנחנו מבקשים מהציבור להחליט אם הוא רוצה את ליצמן כשר בריאות ושהכל יישאר כפי הוא היום, או לבחור בי לשרת הבריאות של ישראל ולקבל מהפכה!
לכן, כל קול לגשר הוא קול עם השפעה.
בחירה בגשר היא בחירה בחיים! "
"איך זה ייתכן שאנחנו עוברים לסדר היום על אלפי נפטרים, איך זה יתכן שהכאב הזה נותר רק בקרב בני המשפחה?!
פשוט - הם לא נהרגים... הם נפטרים, בשקט. מפנים את הנפטרים ומחליפים את הסדינים.
זה לא יכול להימשך וזה לא יימשך!
אנחנו בגשר לא נניח לזה, בלי טיפול במערכת הבריאות לא תקום ממשלה! "
"ישראל בתחתית הרשימה במספר הרופאים, במספר האחיות ובכמות כוח העזר הרפואי,  ביחס לאוכלוסייה!
ישראל בתחתית במספר מכשירי ה MRI או ה CT לנפש.
האוכלוסייה בישראל גדלה וממשיכה לגדול, תוחלת החיים עולה ורק מספר המיטות בבתי החולים לא משתנה!
בצפון ובדרום יש עוד הרבה פחות מזה. "
"לפני 20 שנה היה פער קטן בינינו לבין מדינות ה OECD בהשקעה בבריאות, הפער הלך והתרחב, במיוחד בעשר השנים האחרונות. היום אנחנו מפגרים כבר 20% מאחור!
בלי טיפול במערכת הבריאות - לא תקום ממשלה. "
"גשר בראשותי תהייה לשון המאזניים ומי שירצה להיות ראש ממשלה, יצטרך להקצות את התקציב הנדרש לתכנית חירום לאומית להצלת מערכת הבריאות ולמנות אותי כשרת הבריאות האחראית. "
"בריאות או בריאות - הצטרפו להצגת קמפיין הבחירות שלנו בשידור חי:
"
"משה כחלון הוא אדם טוב שהגיע ממקום חברתי. הוא השתדל, אך במבחן התוצאה - נכשל - והתוצאה הרסנית.
מתוך הראיון שלי לרינה מצליח: "
"מערכת הבריאות קורסת ואזרחי המדינה משלמים בחייהם או מתרוששים. אלפים מתים כאן בשקט מדי שנה. צפו בראיון שלי הערב בפגוש את העיתונות:
"
הערב ב-19:00 - ראיון אצל רינה מצליח בתכנית @pgosh_MTP (קשת 12). צפו והצטרפו אליי. 
"מטה הצעירים של גשר הזמין אותי להצטרף אליו לערב בשוק מחנה יהודה.  יכולתי להגיד להם לא? ואם כבר בירושלים,  אז למה לא ביקור בכותל, לערב ראש חודש. שבת שלום! "
"גאה בדדי פרלמוטר, מס' 2 ברשימת גשר.
חברות וחברי הרשימה שלנו היו יכולים לפאר ולהשביח כל רשימה, אך הם בחרו להיות חלק מהמהפכה שגשר מובילה.
שווה לקרוא: 
"
RT @GesherParty: במחניודה כבר יודעים: גשר בראשות אורלי לוי אבקסיס תהיה הפתעת הבחירות. 
"בניגוד למפלגות שמדברות על שוויון במצעים אבל מקשטות את עצמן ב-2 נשים בעשירייה, אני דאגתי שבמפלגה שלי יהיו 50% נשים. לא רק ברשימה לכנסת, אלא בכל מוסד של המפלגה. ושאף אחד לא יתבלבל, אף אחת לא נמצאת שם רק כי היא אישה, אלא כי יש לה קבלות, ויכולות גבוהות ורצון לשנות סדרי עולם חברתיים. "
"כל מילה. ועוד יכתבו כאן הרבה מילים על סקרים אחרי ה-9.4, כשגשר תהיה הפתעת הבחירות. "
"5,000 בני אדם מתים מדי שנה בבתי החולים, מוות מיותר ושקט מאד.
זה חייב להפסק.
דברים שאמרתי היום בכנס הבריאות באוניברסיטת תל אביב "
"כרמן, ב-8 השנים האחרונות היינו שותפות למאבקים חשובים, למען דיור ציבורי ואוכלוסיות רבות שקולן אינו נשמע. אני גאה בך כל כך היום. על הבחירה בך כאחת מן הנשים המשפיעות ועל כך שאת חלק מהרשימה המעולה של גשר לכנסת. יודעת שתהיי אחת הנשים המשפיעות גם שם ♥️ "
"אין שום סיבה שנשים ירוויחו 30% מגברים, יהיו רק שליש מהמועסקים בהייטק אבל יהוו רוב בקרב עובדי הקבלן, שהעשירון העליון יורכב מ-25% נשים בלבד ושבמפלגות הגדולות יהיו רק שתי נשים בעשיריות הראשונות. ישראל התברכה בנשים מוכשרות, אמביציוזיות ומבריקות.מגיע לנו יותר
"
"בפאנל בנושא בריאות באונ' תל אביב. יש לי פינה חמה בלב לסגן השר ליצמן, ידענו גם לשתף בינינו פעולה. אני חושבת שהוא בן אדם טוב שמשרת באמונה את הקהל ששלח אותו &gt;&gt;&gt; "
"יש מספיק נשים מוכשרות בפוליטיקה, אין מספיק מפלגות שחושבות שנחוץ לשים אותן בקדמת הבמה. האם מיקי חיימוביץ' אומרת בעצם שהנשים ברשימת כחול לבן לא מספיק טובות כדי לקבל מקום ראוי ברשימה? "
"הגענו הבוקר לבליך כדי לדבר על הדבר הכי חשוב: בריאות. מי שיצביע לגשר ב-9.4 יצביע בעד עצמו, בעד המשפחה שלו ובעד אזרחי המדינה כולה. בעד מפלגה שתהיה לשון המאזניים ותוביל להשקעה ולשיקום מערכת הבריאות הקורסת. "
"אלו לא מסכות של פורים, זה לא נהפוך הוא. ב-9.4 הקול שלך יקבע: אורלי לוי אבקסיס שרת הבריאות של ישראל. "
לזה קוראים קבלת פנים 🙂 
זה הזמן לבנות כאן גשר! 
"הפתעה מיוחדת מהתלמידים,שחיכתה למי שהגיעו הבוקר לבליך - קאפקייקס אורלי לוי. טעים! "

בוקר טוב בליך! בדרך לחגיגה הדמוקרטית הגדולה של היום  - אנחנו כבר כאן והאווירה מחשמלת 
תודה לכל מי שהגיע.ה אתמול לכנס הנשים הגדול של גשר. ביחד נביא לישראל את השינוי ואת השיוויון! 
"אכן עצוב מאוד אך חשוב להוסיף: ובגשר 50% נשים - לא רק ברשימה לכנסת, אלא גם בכל מוסדות ומנגנוני המפלגה. מעוגן בתקנון. כשאחרים מדברים על שוויון - אנחנו עושות ועושים. "
"רשמו לפניכם: גשר תהיה הפתעת הבחירות. 
גשר תהיה לשון המאזניים ותכריע מי יהיה ראש הממשלה הבא.
רק מי שיקבל את עקרונות היסוד החברתיים שלנו לטובת אזרחי מדינת ישראל, יזכה לתמיכת גשר.
"
"אין דרך אחרת לפרש את הנתון הזה: לפי ממשלת ישראל, אם אתם חיים בפריפריה החיים שלכם ושל הילדים שלכם שווים פחות משל אחרים. "
"מי שהפסידו היום בבג""ץ אלו האזרחים ולא שר האוצר. הם שייאלצו להוציא עוד כסף מהכיס.
כשבמקום לפתור בעיות מכסים אותן בפלסטרים. זה לא נדבק.  
מה שקרה הבוקר עם מחירי החלב הוא בדיוק מה שיקרה אחרי הבחירות כששאר הפלסטרים ינשרו והמחירים יעלו.
""לדחות לאחרי הבחירות"" זו לא תכנית עבודה! "
"יאיר, ברוך הבא לשנת 2019. חבל שלא הגעת הערב לכנס הנשים של גשר, אולי היית לומד משהו על 51% מהציבור שלדעתך צריך להיות ממושמע לגברים עם חליפות. "
"גשר תעניק לזכות השימוע את המעמד הראוי לה, אך גשר לא תשב בממשלה שבה מכהן ראש ממשלה שהוגש נגדו כתב אישום בפלילים! "
"חזקת החפות העומדת לאיש ציבור אינה אותה חזקת חפות העומדת לאזרח רגיל. ממשרת ציבור נדרשות אמות מידה גבוהות יותר. מי שנגדו עומד כתב אישום על עבירות פליליות אינו יכול להמשיך בתפקידו! חזקת החפות תמשיך לעמוד לו, בפני החוק, כאזרח מן השורה. "
מודה לעיתונאי והעוקב עמית סגל על הפרגון. מי יתן ומערכת הבחירות הזו תהיה באמת נקיה. היומיים האחרונים מטילים ספק כבד... 
"שוב אנו עדים לציניות שהבחירות מביאות והנה שוב שר האוצר מתחנן לתנובה שתדחה את עליית המחירים, בדיוק כמו עם החשמל, לאחר הבחירות בשביל ""לא להפריע"" לקמפיין חלילה .יום גשום היום, אבל זה כלום לעומת המבול שירד עלינו בעוד 40 יום. מבול של עליות מחירים שמטושטש במניפולציות של האוצר והשותפים. "
"ההחלטה להעמיד לדין באשמת הריגה את האחראים על אסון נחל צפית חשובה. בדיון הדחוף שזימנו בכנסת אחרי האסון, העמדנו דרישה למציאת האחראים גם על ההתנהלות שאיפשרה את הפשע הזה. אין לעצור - רק ועדת חקירה תמנע אסונות כאלו בעתיד. שולחת חיבוק מנחם למשפחות שעדיין מנסות להתמודד עם אובדן יקיריהם "
"""כשנשים מצליחות - החברה מצליחה""
חנה אזולאי-הספרי, יוצרת, שחקנית, אקטיביסטית חברתית. 
מזמינה אתכם ואתכן לכנס הנשים הגדול של גשר בהנחייתה - כי הפעם הנשים נוהרות לקלפיות!
יום ראשון, 3.3 בשעה 19:00, בארבי תל אביב.
מספר המקומות מוגבל - הזדרזו להירשם: 
"
"בדיחה. למי יציב אולטימטום? לשר הבריאות? הרי כל שר בריאות ישמח לכל תוספת. אולי אולטימטום לשר האוצר, שקובע את חלוקת התקציב וסדרי העדיפויות? נשמע הגיוני. רק שבפעם האחרונה שבדקתי שר האוצר היה כחלון. איפה היית 4 שנים?
"
"זה לא יפתח מהדורות והתקשורת לא תחכה לשרים מחוץ לבית לתגובה, אבל אלה הדברים החשובים באמת. חמישה הוסטלים לנוער בסיכון הולכים להיסגר. נערות שהמקומות האלה היו המפלט האחרון עבורן יושלכו לרחוב. את גשר הקמתי כדי להיות פה לאותן נערות וגשר בממשלה לא תיתן לזה לקרות
"
"מציינת עשור בכנסת:
"
כאשר הייצוג לנשים כל כך מעליב - כך יהיה גם הטיפול בסוגיות שקשורות לנשים בחברה הישראלית. גאה לעמוד בראש מפלגה עם ייצוג של 50% לנשים בעשירייה הראשונה (וכך גם במוסדות השונים של המפלגה). זה צריך להיות הסטנדרט ולא היוצא מן הכלל. 
"הגשנו באופן רשמי את רשימת ""גשר"" @GesherParty לבחירות הקרובות. יוצאים ויוצאות לדרך. מאמינים ומאמינות בדרך. יש לנו את הנבחרת הכי טובה לישראל. "
"יש לנו את הרשימה הכי טובה לישראל! רשימה של שליחי ציבור עתירי ניסיון ועשייה חברתית, עם ייצוג של 50% לנשים. רשימה שחפה מכל אינטרס, קשר או ניגודי עניינים עם טייקונים ובעלי הון. רשימה שתהיה לשון מאזניים בכל ממשלה שתקום ועל כן היחידה שתוכל לבצע מהפכה חברתית כלכלית אמיתית. "
"רצה עד הסוף יחד עם הנבחרת המדהימה שגיבשנו בגשר, ורואה לעצמי חובה להבהיר את השתלשלות העניינים לגבי המו״מ בין מפלגת גשר לחוסן לישראל:
"
"הבטחתי שגשר תציג רשימה מרשימה, איכותית ומגוונת של שליחי ציבור אמיתיים. רשימה של אנשים שיקומו בכל בוקר כדי לתקן את השיטה ולשנות את סדרי העדיפויות לטובתכם. זה הזמן להתעורר ולהצטרף אלינו. הכירו את הנבחרת של גשר: "
"המחסור הצפוי באספקת הקנאביס הרפואי הוא בשורה קשה מנשוא לאלפי מטופלים והוא תולדה של חוסר תכנון, ארגון ואיכפתיות - בדיוק כמו מסכת הייסורים שעוברים החולים בדרך אל קבלת הרישיון לתרופה וגם לאחר קבלת הרישיון - אל התרופה עצמה. אנחנו התחייבנו - ואנחנו נטפל בנושא. "
RT @GesherParty: זה הזמן לבנות כאן גשר. ג'ינגל הבחירות שלנו: 
"גאה בהצטרפותו של דדי פרלמוטר, יזם ומשקיע, לשעבר סגן נשיא אינטל העולמית, אדם שמעולם לא שכח מהיכן הגיע ומתמקד בפעילות להקטנת פערים חברתיים ויצירת הזדמנויות לדור הצעיר מאזורי מצוקה. עם 'גשר' בכנסת - החדשנות שדדי מייצג תהפוך לנחלת הכלל. ברוך הבא דדי!
"
"יפעת ביטון, פרופ' למשפטים, שותפה לתפיסת העולם ולוחמת חברתית אמיתית. ברוכה הבאה לגשר! "
RT @MaarivOnline: פרופ׳ יפעת ביטון מצטרפת למפלגת גשר בראשות אורלי לוי אבקסיס 
לפי ממשלת ישראל אם אתם גרים בפריפריה החיים של הילדים שלכם שווים פחות. ואם הם מאובחנים בלקות כלשהי - הרבה פחות. ילדים המאובחנים באוטיזם יכולים לצמוח לאנשים המשתלבים באופן מלא בחברה ובשוק העבודה. הגיע הזמן לממשלה שמבינה שלקחת אחריות על מי שזקוקים לנו זה לא רק חברתי - זה גם כלכלי. 
"ערב טוב מבאר שבע! אנחנו בלב מערכת בחירות מוזרה, שבה השחקנים הראשיים מתעלמים מהציבור ומציגים בפניו מצג שווא - במקום לתת תשובות אמיתיות לבעיות הקשות המטרידות אותו. הם ימשיכו להתחרות במי יותר ימין/שמאל ואנחנו נמשיך לדבר על החיים עצמם. ביום הבוחר הציבור יזכור. "
"בפגייה בביה""ח סורוקה. כאחות לאם לתאומות פגות, אני מכירה מקרוב את הדילמות והקשיים שמלווים אירוע של לידה כזו. חוק חופשת לידה בתשלום בגין אשפוז ילוד שהעברתי יחד עם המודל לשיפור תנאי הפגיות כבר מאפשרים להורים לפגים התמודדות קלה יותר. הצעד הבא: הקמת בנק חלב אם - תרופה מצילת חיים לפגים "
"בכנס המועצה לשלום הילד באונ' בן גוריון בנגב. אני רוצה לחיות במדינה שבה כל ילדה וילד ידעו, בתוך תוכם, שיש להם את היכולת והאפשרות לממש את כשרונם ושאיפותיהם. זהו בתמצית המושג שוויון הזדמנויות מהותי וזהו האתגר המשמעותי ביותר שלנו כחברה. "
במדינת ישראל עולה לגדל ילד מגיל 0-3 כמו שני תארים באוניברסיטה. זוגות צעירים במדינת ישראל חושבים כלכלית אם להביא עוד ילד לעולם. זו מדינת היהודים? זו המדינה ששאפנו אליה? זה הזמן להתעורר – אנחנו במצב חירום חברתי. 
בעוד כמה דקות אעלה לראיון בשש עם עודד בן עמי. מוזמנות ומוזמנים להצטרף אליי 
"@JudyMozes מדייקת. שיח התיוגים משרת רק אוכלוסייה אחת: פוליטיקאים. ימנים ושמאלנים מבלים את אותן השעות במיון ובפקקים. ימנים ושמאלנים קורסים יחד תחת יוקר המחיה. ימנים ושמאלנים רוצים לראות במדינה שלהם עתיד. דיי עם הפיקציה הזו, בואו נתעורר ונחזור לדבר על הנושאים האמיתיים. עוד לא מאוחר "
"@NewsChannelIL, בניגוד לנאמר בכתבה הערב, אצלנו אין דברים שנאמרים רק ב״כנסים סגורים״.
חותמת וגאה בכל מילה שאמרתי ולא אהסס לומר את הדברים שוב ושוב ובכל מקום אפשרי:
"
חותמת על כל מילה. 
"הצטערתי לשמוע על לכתו בטרם עת של הרב יחיאל אקשטיין, נשיא ומייסד הקרן לידידות, אשר פעל במשך כל חייו למען החברה וסייע לשכבות החלשות, ורבים מכירים לו תודה על כך. 
הוא יחסר לי באופן אישי ולאנשים רבים כל כך שראו בו כתובת אנושית ומצילה:
"
"ממשיכה במסע והערב בכנס בחיפה. יחד עם פעילות ופעילים מדהימים, שהחיים פה יקרים להם. הצטרפו אלינו, זה הזמן להתעורר:
"
יום המשפחה שמח! ממשפחת לוי המורחבת ♥️ 
"אני חושבת לא מעט על בני הנוער שנחשפים לשפה האלימה והמפלגת שהפכה לצערי לסטנדרט בפוליטיקה שלנו. זה מסוכן, זה לא אחראי, זה מחלחל - רואים את זה כמעט בכל מקום. יש לנו אחריות עודפת בזמן בחירות – להוביל שיח אחר, שפוי יותר. חתמתי היום בשמחה על האמנה של ארגון צהר לשמירה על טוהר הבחירות. "
"אחרי עוד יום בדרכים לחזור הביתה להפתעה כזו. ניצן ודוד זיו, אוהבת אתכם ❤ התברכתי בילדים מדהימים (ומסתבר גם אופים מוכשרים) "
"מצהירה בזאת 
#יוםאיכותהשלטון "
"כחלק מהמלחמה בשחיתות, עלינו לקצוב קדנציות לתפקידים בעלי שררה דרמטית #יוםאיכותהשלטון "
גם כספים קואליציונים לעיתים משמשים שוחד בחסות החוק. שודדים מאיתנו את הכסף בשביל לרפד קבוצות אינטרס בעלות עוצמה. #יוםאיכותהשלטון 
שחיתות זה לא רק מעטפות. פנים רבות לה. קחו לדוגמא את הרגולטורים שתפקידם לשמור ולפקח על המגזר העסקי לטובת הציבור כולו. רגע אחד אחר פרישתם הם מתחילים לעבוד אצל המפוקח. יש להחיל תקופת צינון אמיתית עליהם ולמנוע מצבים כאלו. זה חשוב מהותית וגם לשם הנראות #יוםאיכותהשלטון 
"פתרון חדשני ומפתיע למלחמה בשחיתות: יותר נשים בפוליטיקה. יותר נשים = פחות מושחתים! בניתוח של למעלה מ-125 מדינות בעולם נמצא שבמדינות בהן יש ייצוג נשי גבוה יותר בפרלמנט, השחיתות נמוכה יותר. ברמה המקומית נמצא שהסיכוי לשוחד נמוך ביותר באזורים בהן יש ייצוג גבוה של נשים. #יוםאיכותהשלטון "
"הגענו למצב אבסורדי שבו שומרי הסף זקוקים לשומרי סף שיגנו עליהם
#יוםאיכותהשלטון "
"אני שומעת את התגובות המתנערות של משרד החינוך. אין זה משנה מהי הסיבה – סילוקה של ילדה מהאוטובוס לפני הטיול השנתי, בפני כל חבריה לכיתה - זה שיימינג חסר אחריות מבחינה חינוכית. כש""מלמדים לקח"" את ההורים דרך השפלת הילדים, אותן נפשות עדינות ופגיעות, זה לא חינוך - זה אנטי חינוך. "
הציבור יודע הכי טוב מי עובד בשבילו. 
"מספיק להסתכל על הנתון לפיו 40% מהכלואים בכלא אופק לנוער הם ממוצא אתיופי, לחבר אותו לאמירה של המפכ""ל לשעבר דנינו שישנה תופעה של שיטור יתר כנגד בני הקהילה - ולהבין עד כמה המחאה הזו מגיעה ממקום של כאב אמיתי ועמוק. כאב של אנשים שאוהבים את הארץ הזאת שלא תמיד יודעת להחזיר להם אהבה. "
"לתקן שלטים זה נחמד, אבל את התיקון האמיתי נעשה פה ב-9.4 - כשגשר תהיה חזקה ותציב סטנדרט חדש ביחס למקומן של נשים בחברה הישראלית. "
RT @GesherParty: גם לכם נשמע מוכר? 
"בלי ססמאות שנכתבו על ידי צבאות של קופירייטרים ויועצים, בלי פירוטכניקה ובלי מחיאות כפיים מתוזמנות לפי סימן - הגענו הערב לפתח תקווה כדי לדבר בגובה העיניים על החיים עצמם. הציבור צמא לחיבורים ואנחנו מתחברים אליו ערב ערב. כי בשבילנו, הציבור לפני הכל. "
"אחרי יום של כנסים באילת, הגענו היישר לכנס בראשון לציון. כשכולם מדברים רק דרך סרטונים  - אנחנו גם חורשים את המדינה לאורכה ולרוחבה ומדברים עם הציבור פנים אל מול פנים. ככה ננצח! "
"הגיע הזמן שתהיה פה ממשלה שמבינה שלהיות חברתי זה לא רק מוסרי - זה גם כלכלי.
#גשר "
"ישראל נמצאת במקום ה-83 בעולם במדד השוויון בשכר ושכרן הממוצע של נשים בישראל נמוך ב30% משכרם של גברים.
ישראל במקום ה-44 והלא מכובד ברמת השוויון המגדרי, לצד מדינות עולם שלישי. 
על פי הפורום הכלכלי העולמי, בקצב הזה רק בעוד 200 שנים נגיע לשוויון מגדרי מלא. 
אין לנו 200 שנים לחכות! "
למי שהחיים פה יקרים לו - זה הזמן להתעורר. #גשר 
"5,000 איש ואישה מתים מדי שנה כתוצאה מזיהומים נרכשים בבתי החולים. כלומר מתים כתוצאה מאדישות.

"
"מסיימים יום מצוין במפגש פתוח עם תושבי שדרות. בעיר שיש בה טראומה אבל גם המון חוסן, העלינו את רף האופטימיות והתקווה שיכולה להיות פה ממשלה שרואה את החיים האמיתיים שלנו. "
"ממשיכים לעסוק בחיבורים עם הציבור :) והיום בסיור בשדרות, במשחקייה הממוגנת הראשונה בישראל. חגגנו יום הולדת 9 לאורן המקסים, המשכנו למרכז החוסן, בו שמענו על הטיפול האפקטיבי להפגת מתחים באמצעות בעלי חיים ומכאן נמשיך לכנס תושבים, שבו נמשיך לדבר על החיים האמיתיים שלנו כאן. "
"כל מי שביקר לאחרונה בחדר מיון מבין שמערכת הבריאות שלנו לא בקריסה, היא כבר מזמן קרסה. זה הזמן להתעורר ולתקן את זה - כי באדישות שלנו אנחנו חורצים גורלות למוות ומחר זה יכול להיות חלילה גם הגורל של היקרים ביותר לנו. שתפו. "
"RT @Orly_levy: @hosen2israel , גם חוסן חברתי זה ביטחון "
"@hosen2israel , גם חוסן חברתי זה ביטחון "
בבחירות הקרובות מחזירים את השליטה לאזרח ואת קבלת ההחלטות לידיים הנכונות. הצטרפו אליי: 
חיבוק חם ביום קר עם אמל אסעד. הברית בינינו לבני העדה הדרוזית תימשך גם בדור הזה וגם בדור הבא. 
"RT @GesherParty: הערב בעכו. בזמן שכולם מדברים בינם לבין עצמם, אנחנו כבר חזק בשטח. מצרפים תומכות ותומכים חדשים לגשר 💪 "
תמיד בשבילכם.ן 
"יש לנו כבוד לוותיקים, אבל ירון לונדון כנראה שכח שאנחנו במאה ה-21. גשר הוקמה כדי להשאיר את התפישות הללו מאחור. אצלנו השוויון זו לא סתם ססמה, זה מתחיל כבר בתקנון – עם ייצוג של 50% לנשים בכל עשירייה ובמנגנוני המפלגה. כי אנחנו יודעות שנשים דווקא מעדיפות עשייה. ירון, זה הזמן להתעורר "
תמיד חשוב לקרוא את האותיות הקטנות. 
"מאחלת בריאות לשרים ולפקידי האוצר, הלוואי שאף פעם לא תזדקקו למערכת החולה הזו שיצרתם. "
"אם יש דבר שאני נהנית ממנו בתקופה האחרונה, זה המפגש היומיומי עם כל כך הרבה אנשים מכל הגילאים והאזורים בארץ. הערב בירושלים, מדברים על מה שנעשה כדי לשפר את החיים האמיתיים שלנו כאן ומצרפים עוד תומכות ותומכים לגשר. קר בחוץ, אבל את הלב זה מחמם. "
"האוצר בשירות הפוליטיקה: מבצע מניפולציות מטעמי פוליטיקה קטנה כדי לשפץ את הגירעון, מקדים הכנסות, דוחה התייקרויות, משנה את המדדים כשהמספרים לא מתאימים. זה דבר שכל הציבור צריך לדעת אותו. אפשר רק לדמיין מה יקרה אחרי הבחירות, כשכל מה שדחו בשביל לנהל נטו כלכלת בחירות יתפוצץ לציבור בפנים "
"הנה משהו שאף אחד לא יכנס לכבודו הצהרה דרמטית לתקשורת: המדיניות של ממשלת ישראל היא שאם אתם גרים בפריפריה החיים שלכם חשובים פחות

"
"הדחות? פיצולים? אם תשאלו תגלו שהציבור טרוד הרבה יותר בנושאים אחרים. הערב בפסגת זאב דיברנו על פוליטיקה שחוזרת לעסוק בחיים של האנשים כאן, במקום בפוליטיקאים עצמם. אפשרי ובהישג ידינו. "
"ליבי עם כל כך הרבה חולים שנותרו ללא כיסוי תקציבי בסל התרופות הנוכחי. 
חברה צודקת אינה יכולה לעמוד מול רבבות חולים שנדרשים למכור את ביתם כדי לממן תרופות מצילות חיים. איאבק על זה בכל דרך. גשר לא תשב בקואליציה שלא תפנה משאבים נדרשים למערכת הבריאות ולציבור החולים. בריאות מעל הכל. "
"RT @GesherParty: גאים בלילך ושמחים על היותה חלק מרשימת המייסדים שלנו - על פועלה, מנהיגותה והאמביציה שלה.

"
ברוך הבא חגי! 
"הצעת החוק שיזמתי על איסור שינוי שמו של עבריין מין עברה כעת בקריאה שנייה ושלישית במליאה. מעתה - עברייני מין לא יוכלו לשנות את שמם ולהסתתר תחת זהות בדויה. מודה לח""כ @MotiYogev ועוזרו דובי שסייע ול@Michal_Rozin על שיתוף הפעולה בהעברת החוק "
הבנות אמרו לי שאני חייבת לפתוח אינסטגרם. לא מתווכחת. מוזמנות ומוזמנים לעקוב: 
RT @GesherParty: הצטרפו לגשר &gt;&gt; 
אנחנו האלטרנטיבה לאזרחים שמאסו במפלגות ששכחו את מי הן אמורות לייצג. אנחנו באים לשנות את סדרי העדיפויות המעוותים במדינה. אנחנו גשר. הצטרפו אלינו &gt;&gt; 
נרשמנו. זה הזמן להצטרף &gt;&gt; 
"אני קוראת לכם להצטרף אליי למסע הזה, להילחם על מה שאנחנו מאמינות ומאמינים בו, לבנות יחדיו את הגשר הזה, לעתיד של תקווה, של חברה טובה וצודקת יותר. זה בידיים שלנו. זה ידרוש עבודה קשה, עקבית והתעקשות על המון פרטים קטנים אבל חשובים. אני צריכה אתכם איתי: "
! 
"לממשלת ישראל הייתה הזדמנות להראות שכל הדיבורים והססמאות על מלחמה באלימות נגד נשים הם לא מס שפתיים. אתמול שוחררו גם גברים ששחרורם היה סיבה מספיק טובה עבור הנשים בחייהם להימלט למקלטים לנשים מוכות. הגיע הזמן שנהיה סלחניות פחות לפער בין הדיבורים לבין המציאות.
"
"הערב במפגש עם תושבים בשוהם, גברים ונשים, צעירים ובוגרים - אנשים שהחיים כאן יקרים להם ומשוועים לשינוי סדרי עדיפויות ולשליחי ציבור שהעניינים שלהם הם רק עם הציבור. יוצאת מכאן אופטימית. מאמינה שגם הם. "
"לא ירחק היום שבו נעמוד כולנו ונצטרך להסביר איך אפשרנו את העברת מתווה הגז, אליו התנגדתי נחרצות גם בניגוד לעמדת הסיעה בה הייתי חברה וכן עמדת הממשלה - אותו מהלך שהבטיחו לנו שיביא 600 מיליארד לבריאות, לרווחה, לחינוך ולפריפריה. איך נתנו למי שהבטיח לפרק את המונופולים להירדם בשמירה: "
"כמו עם ישראל כולו, לא יכולתי שלא להתפעל מתעצומות הנפש שגילתה רונה רמון אל מול האובדן הנורא של בעל ובן. מהבחירה להתמקד בחיים וליצור למרות הכל. 
יהי זכרה ברוך ומי יתן והדרך שבה בחרה והצליחה להתמודד עם נסיבות חיים כה קשות תהווה השראה לכולנו. "
"הנתונים שהיו צריכים לגרום לממשלה לרעוד הבוקר:
"
"ביום בו דנו על קיצוץ המענקים למתמחי הרפואה בפריפריה, אני באמת לא מבינה את סדרי העדיפויות של מי שעומד בראש האוצר. מישהו פה התבלבל: "
בלי מילים. 
"הבוקר בועדת הבריאות. מצבה של מערכת הבריאות בפריפריה הוא קטסטרופה, לכן עגום ומרתיח כפליים שנושא הדיון בועדה הוא ביטול המענקים למתמחי הרפואה שבחרו להתמחות בפריפריה &gt;&gt; "
"עד היום כאשר נפגעת תקיפה מינית רצתה לספר את סיפורה בתקשורת, נאלצו לטשטש את פנייה ולעוות את קולה. גם פה בכנסת כאשר הגיעו נפגעות לספר את סיפורן ואף ביקשו לחשוף את פניהן החוק לא איפשר את זה והמסך הוחשך.

היום אנחנו אנשי בשורה: "
"הנחישות ניצחה! חוק חשיפה מרצון שיזמתי נכנס לספר החוקים. עד היום נשים שנפגעו מעבירות מין היו מחויבות ע""פ חוק לפנות לביהמ""ש כדי לקבל אישור לחשוף את סיפורן. היום שמנו לעיוות הזה שהופך את הנפגעות שמחליטות להיחשף לעברייניות - סוף. ברצונה תחשוף את שמה ופרטיה, וברצונה - לא. זו בחירתה! "
"אבדן פתאומי ועצוב מאוד. יגאל בשן תרם רבות לתרבות הישראלית והצליח לאחד ולגעת ביצירותיו המעולות בכל הגילאים והמגזרים. שולחת את תנחומיי הכנים למשפחה. יהי זכרו ברוך.

"
"תומכת בכל ליבי בדרישות העובדות והעובדים הסוציאליים
ההתחמקות ממו""מ שיאפשר להם למלא את תפקידם בצורה מיטבית ולהגיש את הסיוע לאוכ' שזקוקות לכך, החל מילדים, נשים נפגעות אלימות, ניצולי שואה ועוד - היא אות קלון לשרי האוצר והרווחה, במדינה שבה ממילא השירותים הסוציאליים נמצאים בקריסה מתמדת "
"בסיור במקלט לנשים נפגעות אלימות וילדיהן המופעל ע""י עמותת נשים לנשים. אפשר למגר את המגפה! בחקיקה, באכיפה, בחיזוק הרווחה, ביצירת אפשרויות לנשים - שכיום חוזרות לקהילה ללא מעטפת של תמיכה ונשארות במעגל הנוראי הזה &gt;&gt;&gt; "
"אם מישהו היה צריך עוד הוכחה שנגמרו הימים בהן אלימות גרמה לנשים לשתוק, להסתתר ולחכות שמישהו אחר ישנה את המצב – הוא קיבל אותה היום בשביתת המחאה ההמונית והחשובה והוא יקבל אותה גם בהמשך, כי את התהליך הזה לא ניתן יהיה לעצור. "
"הגיע הזמן שנפקח את העיניים, ונתחיל לראות גם את העיוורים שחיים איתנו, ואת כלל האנשים עם המוגבלויות. 
זו חובתנו לראות אותם, את הצרכים הייחודיים שלהם, ולדאוג שיזכו להזדמנות לחיים בכבוד. אני מבטיחה להמשיך ולעבוד בשבילכם כדי שזה יקרה: 
"
החושך לא ייעלם מעצמו. חנוכה שמח! 
"הקיצוץ בתקציב הבריאות יעלה בחיים של אנשים. הצעד המופקר הזה הוא עוד אבן שנופלת במסלול הדומינו של מדיניות ממשלתית והזנחה פושעת, בדרך לקריסה סופית של מערכת הבריאות הציבורית. ממשלה שמתנערת מאחריותה לדבר הכי בסיסי, היא ממשלה שאיבדה את המצפן המוסרי שלה. את הטירוף הזה חייבים לעצור. "
הצבעה נגד תכניות ותקצוב תכניות למיגור אלימות נגד נשים – היא בעצמה פגיעה ואלימות נגד נשים. 
"קיצוץ רוחבי = גזר דין מוות לפגים. 
יום הפג בכנסת. נושא שקרוב ללבי מכל היבט אפשרי – הן בחיבור האישי שלי כאחות לאם שילדה זוג תאומות פגות והן במאבק היומיומי שאני מנהלת כיו""ר הפורום בכנסת &gt;&gt; "
"בוקר קשה. עוד 2 נערות צעירות שנרצחו באכזריות. אחת בגיל 16 ואחת בגיל 13. והממשלה?? מקצצת בתקציבים, מתעלמת, מזניחה את הבעיה ורוצה להקים עוד ועדה... לא צריך ועדות, יש כבר תוכניות לאומיות מוכנות. פשוט תתקצבו!!! "
"הנערות והנער ממכינת בני ציון, שנספו במחדל של אסון השיטפון בנחל צפית, הותירו אחריהם משפחות מרוסקות והורים כואבים. הורים שאיבדו את היקר להם מכל, בשל רשלנות וזלזול בחיי אדם. מגיע להם להתחיל לקבל תשובות. תשובות אמיתיות. מגיע להם שיספרו ויראו אותם: "
"בניסיון למנוע את האסון הבא, יזמתי דיון דחוף בנושא אסון נחל צפית. 10 צעירים בעלי חלומות גדולים נספו. חודשים רבים אחרי ועדיין לא נלמדו הלקחים והכשלים. דרשתי הקמת ועדת חקירה פרלמנטרית שתחקור את מכלול הדברים  - רק כך נוכל להביט להורים בעיניים ולדרוש איתם שיעשה צדק! "
הצבענו! עבר לקריאה שניה ושלישית במליאת הכנסת 
"שמחה לפתוח את הבוקר בוועדה לקידום מעמד האישה - אחרי הרבה ניסיונות להפיל את הצעת החוק שלי חשיפה מרצון, שמחזירה את הבחירה לנפגעות אם לחשוף את עצמן (ברוח metoo#), אנחנו מכינים אותה היום לקריאה שניה ושלישית! "
את דקלה כבר אי אפשר להציל - אבל אנחנו יכולות ויכולים לעשות הכל כדי למנוע את הרצח הבא. זה הסיפור שלה. 
משתתפת עכשיו בדיון חשוב בנושא אלימות כלפי נשים בוועדה לקידום מעמד האישה. הנתונים שמציג כרגע מרכז המחקר והמידע של הכנסת מדאיגים... 
RT @tamarishshalom: האזהרה של מנהל ביה״ח רמב״ם בחיפה. 
האם הוצאנו אותם מביתם הלא מתפקד למציאות פוגעת אחרת בחסות המדינה? ליבי על הילדים והנפשות הללו. אסור לנו להפקיר אותם - כל החיים לפניהם. 
"דוח חמור ביותר של נציבות תלונות ילדים השוהים במסגרות חוץ ביתיות: 70% תלונות מוצדקות של הילדים. תלונות על הפעלת כוח נגד קטינים, חוסר יציבות תעסוקתית של העובדים הסוציאליים, אי הנגשה של טיפולים רפואיים ועוד... חייבים להסיק מסקנות ולתקן בהקדם! @lee_yaron "
"שירותי בריאות נחותים, תורים ארוכים, מחסור ברופאים והיום מודים שגם בביטחון אנחנו פחות חשובים. זה תהליך דרדור מסוכן שמביא לפערים בתוחלת החיים, לתמותת תינוקות, איכות חיים נמוכה ותחושה שזה לא מעניין את הממשלה. שנים אני שואלת למה? מישהו חושב שחיי ילדנו פחות חשובים? קיבלנו תשובה. בושה! "
כל מילה... 
"החלטתי לתמוך בעופר ברקוביץ, המועמד הכי טוב לעיר ירושלים. עופר, ירושלמי שגדל וצמח בעיר והקים בה תנועה חברתית שורשית ואותנטית. אני מאמינה שעופר מסוגל להביא לאחדות וחיבור בעיר המגוונת והמיוחדת הזאת. "
"@Elazar_stern יש מקום לביקורת עניינית, חוסר הסכמות גם הן לגיטימיות. אבל ואבל גדול, אמירות סקסיסטיות ורמיזות נפסדות אפילו במשתמע ראויות לגינוי מוחלט בכל מקום, בפרט בכנסת. בכנות, הצלחת להפתיע אותי ולאכזב. התנצלות כנה תהיה התחלה "
"הגירעון בשיא, ההוצאות גדלות והפערים רק מתרחבים. ככה לא מנהלים כלכלה. "
"שמחה שאחרי התנגדויות רבות, בסוף הצלחנו לשכנע אותך בחשיבות התיקון הזה. ההצעה הממשלתית שהגיעה בעקבות הצעות החוק של @aliza_lavie ושלי חשובה במיוחד בימים אלו. "
לשלב הורות וקריירה זה לא פשוט. זה עוד יותר מורכב כשמתקשרים לעדכן שהילדה כנראה שברה את הרגל ומבקשת את אמא שנמצאת במליאת הכנסת... 
"מצדיעה לעליזה בלוך לנצחונה המדהים כראשת העיר בית שמש. עליזה אשת חינוך, יוזמתית ונחושה, הוכיחה יכולות וכוח נשי עולה שכובש מעוז אחר מעוז לטובת כלל האוכלוסיות. נצחונה של עליזה בלוך היא בשורה לבית שמש וזו תקווה עצומה לשגשוג העיר ופיתוחה. "
"כבר שנים אני נאבקת וחושפת את הניסיון לצמצם ואף לבטל את מענקי הרופאים בפריפריה. מישהו חושב שפה לא צריך רופאים טובים?? ככה לא מצמצמים פערים, ככה מרחיבים אותם ומסכנים חיי אדם! הגשתי בקשה לדיון דחוף - חייבים לשים לזה סוף!!! @rotemelizera "
"אמנם הרגעים הללו בכנסת  יחסרו לי אבל... בהצלחה אח אהוב שלי, בהתמודדות על ראשות עיריית בית שאן! "
כרגע בדיון בוועדת החינוך על כך שמורים לילדים שמרותקים לביתם מופעלים על ידי חברה קבלנית ולא על ידי משרד החינוך. כנראה שילדים חולים ונכים פחות מעניינים במדינת ישראל. 
"ליבי עם משפחות הנרצחים בפשע השינאה הנורא שהתרחש אמש בפיטסבורג, פנסילבניה. "
"כמו בעיירות פיתוח אחרות, גם בקריית שמונה אין חדר מיון קדמי. אז מדוע תקפו את אורנה פרץ? כי הסיפור שלה ושל תושבי הפריפריה באמת משעמם את המנהיגים שלנו. ואת המפלגה שהיא בוחרת בה כל ארבע שנים מחדש. "
"משחקים בנתונים?  בהתחלה שינו ממדד השמאי הממשלתי למדד הלמ""ס כדי לנסות להציג ירידות בשוק הדיור ועכשיו מציגים נתונים בצורה שונה כדי להראות ""ירידה"" בעוני. הגיע הזמן שאנשי משרד האוצר יבינו שלא מדובר במספרים, אלא בבני אדם. "
"מניחה את אבן הפינה למסלול הטבע המונגש לאורך נחל השופט אותו מקדמת עמותת לטם - טבע נגיש לכולם, כדי שחצי מיליון אנשים עם מוגבלות ובני משפחותיהם יוכלו ליהנות מטבע ישראלי! "
"אמנם זה לקח זמן רב, אבל אני שמחה ששר האוצר החליט לאמץ את התוכנית החשובה והצודקת שלי למשכנתא 90% לטובת אלפי זוגות צעירים וזכאים לדירה.רק חבל על שנים אבודות בהן צעירים רבים נאלצו להציג הון פיקטיבי עליו הם ישלמו הרבה...אמשיך להוביל סדר יום חברתי כך שגם בנושאים אחרים תוכניותיי יתממשו "
מסיימת יום מלא מפגשים בראשון לציון עם אנשים שאיכפת להם ורוצים לייצר מציאות טובה יותר ✨ 
דוח הoecd מציג נתונים עגומים על פערי ההשקעה בגיל הרך בינינו לשאר המדינות. כשהמדינה לא משקיעה הורים נאלצים לשלם על מסגרות מגיל 0-3 יותר משני תארים אקדמאיים מלאים! ההשקעה בגיל הרך היא קריטית להתפתחות הילדים. הגיע הזמן שהמדינה תיקח אחריות על הגיל הרך. הם העתודה הלאומית וזו חובתנו. 
שנה טובה ומתוקה! 
"בפגישה עם נערות אמיצות ומדהימות ב״בית אמיתי״ של עמותת עלם, ראיתי כמה כוח נדרש מהן יום יום כדי להתמודד עם הפגיעה שחוו ושמעתי מהן איך המדינה מערימה קשיים בדרך לשיקומן. נטפל גם בזה! בתמונה: נאוה ברק נשיאת עלם, ענבל דור קרבל מנכ״ל,ו @GuyReut ראש תחום קצה ונערות. "
"איך הכלכלה חזקה והאנשים חלשים ???
"
"במסגרת הפרויקט המקסים של כלכליסט שמחתי מאוד לגלות את שמה של כרמן אלמקייס @celmakiyes אשת חברה וחזון המשלבת יצירה עם פעילות חברתית מגוונת ומרשימה. כך, היא מייצרת עבורנו עולם טוב יותר "
"השיטות הנלוזות של פקידי האוצר למסמס החלטות ממשלה מוכרות לנו מזמן. בנושא הדיור הציבורי זה הפך להתמחות ולכן אנו נמצאים בשפל חסר תקדים. על שר האוצר לקרוא אותם לסדר ולהביא לפתרון אמיתי, זה תפקידו! אלא אם החלטת הממשלה הייתה ממילא רק למראית עין "
הכי קל זה לוותר. זה לא שאין מוחות מבריקים וילדים מחוננים גם בפריפריה אבל פשוט מוותרים עליהם. לעולם לא נדע אם היה בניהם את זוכה פרס נובל הבא. זו לא רק טרגדיה לילד זה הפסד לחברה. 
"מחירי הדיור, תשלומי החינוך לגיל הרך, מוצרי החלב ולא נשכח גם את הפירות והירקות - כולם מתייקרים וכל זה רגע לפני החגים. הגיע הזמן להתעורר זו לא גזירת גורל זו גזירה קשה נוספת על ציבור גדול שגם כך קורס תחת הנטל הכלכלי. מי ששוכח את הציבור סופו שהציבור ישכח אותו. "
נפרדת מהתכנית ״עושים סדר״ שהייתה חלק בלתי נפרד מקידום נושאים חברתיים ומאנשים מדהימים שתמיד כיף לפגוש. עצוב בלב שבמה חברתית חשובה כזאת נסגרת. @Noamedri22 @BenCaspit @Galgush 
ההורים הצעירים קורסים תחת הנטל ובמקום לסייע ולהקל מוסיפים קשיים! @DanaYarkechy 
כנראה שהאש בפריפריה פחות חמה... אחרת אין שום הסבר הגיוני לכך שכבאי בפריפריה מרוויח פחות מבמרכז. זה פשוט מקומם. קוראת לשר האוצר לתקן את המעוות. לא מאמינה איך נתן ידו לכך. לא צריך דיון צריך החלטה! 
היום גרוע ומחר גרוע יותר. זה עתיד השירותים הרפואיים שלנו בישראל. המצב העגום הזה מסכן את החיים שלנו ושל יקירינו ואסור להשלים איתו. אנחנו דורשים לדעת איך משרד הבריאות מתמודד עם המצב ובעיקר דורשים להבין מה משרד האוצר מתכוון לאשר כדי להציל את מערכת הבריאות מקריסה בעתיד הקרוב. 
אתמול ביקרתי בסורוקה והדבר שחזר על עצמו הוא שביעות הרצון והמחמאות שהרעיפו המטופלים על הצוותים הרפואיים במקום. זה לא מובן מאליו בימים אלו. מחזקת את הרופאים והאחיות שמתמודדים היום גם עם פצועי האירועים האחרונים. החלמה מהירה לפצועים ושקט לתושבי הדרום! 
"ברכות למנפצת תקרת השמיים, רס""ן ג', על מינויה למפקדת טייסת הביון. אישה ראשונה לעמוד בראש טייסת טיסה! היום זו היסטוריה - בקרוב המובן מאליו :) "
סדר יום חדש! 
הצצה לחלק מהדברים שהצלחנו לקדם במושב האחרון 
תודה :) מבטיחה להמשיך לעבוד קשה בשבילכן ובשבילכם 
סוף טוב! זה תמיד מרגש כשילד מתאחד עם משפחתו. שבת שלום 
תיאור נכון ומזעזע של מציאות בלתי נתפסת ואכזריות סדיסטית מגדרית לשמה. כמה רוע 
הייתי בסופר ברשפים כשהחלו להגיע דיווחים. בשניה כולם נעצרו ועזבו הכל כדי לנסות ולברר האם מקורביהם או מכריהם נמצאים באתר ומה מצבם. לצערנו התבשרנו שיש הרוג בין הלכודים. כואבת את האירוע ועוקבת בדריכות. 
@LinoyBarGeffen  
"אחרי שמצאנו מיליארדים שוכבים בביטוח הלאומי כי אנשים לא יודעים לדרוש את הזכאות שלהם ביניהם קשישים עניים, נכים ועוד הצח שלי שעברה היום בטרומית דורשת שהביטוח הלאומי יפעל באופן יזום להגיע ולעדכן אותנו. ההצעה תביא בשורה חשובה ותמנע מאיתנו לפספס את הזכויות שאנו זכאים להן. "
חיליק היקר כמה כיף לשתף איתך פעולה לקידום עוד חוק חברתי. כן יירבו שיתופים וחוקים כאלו. 
@Roy_Folkman פעם אחר פעם אתה תצעק שקרנית וכל פעם המציאות ובמקרה הזה הפרוטוקולים יוכיחו מי דובר אמת ומי לא. היום בחרת להגיד ש״כולנו״ לא לקחו חלק בהדחה ושלילת הכלים הפרלמנטרים שלי אבל הינה גם נכחת וגם הצבעת. אז תלמד - אי אפשר לשקר את הפרוטוקל 
עשינו את זה! הצעת חוק מגבלות על חזרתו של עבריין מין לסביבת נפגע העבירה - נכנסה לספר החוקים!!! @Michal_Rozin @KElharrar 
"דיון שני ביום הדיור - בוועדה לביקורת המדינה בנושא דו""ח מבקר המדינה על ההתנהלות השערורייתית של עמידר "
"מתחילים עכשיו דיון ביום הדיור בוועדה לקידום מעמד האישה, על הפרק: הקריטריונים המפלים  כלפי נשים בדיור הציבורי והניצול המחריד שלהן על ידי בעלי הכוח. "
מקומם ועצוב. טרגדיה אנושית לילדים הללו וכלכלית לחברה הישראלית כולה. ככה נראת רשעות ואטימות. 
הגשתי בקשה לדיון בנושא היערכות המדינה לרעידות האדמה ואני מקווה שתאושר. זו שערוריה שאני מתריעה עליה שנים. תנו לי לגלות לכם שהמדינה ערכה מיפוי ומלבד בתים פרטיים יש כיום בתי ספר ובתי חולים שבסכנה. אנחנו מחכים לקטסטרופה? בית חולים שיקרוס ולא יתפקד במקרה חירום? 
"זה הזמן להתעורר! דוח הסיוע המשפטי שמפורסם ליום הדיור שאני מובילה מחר יחד עם @dovhanin ו@publichousing1 חושף את ההזנחה הפושעת של המדינה בנושא הדיור הציבורי. לא מדובר במספרים אלא באנשים שחיים בלי קורת גג - ילדים, קשישים, נכים שאין להם פיתרון אחר. "
דוח הOECD מוכיח שוב שפערי ההכנסה בישראל גדולים משמעותית ממצוע הפערים במדינות הOECD. את זה חייבים לתקן! צמצום פערים זה אינטרס לאומי וזה אפשרי. 
"סימון וייל, אישה מעוררות השראה, ניצולת מחנה ההשמדה אושוויץ בירקנאו שנפטרה בשנה שעברה בגיל 90, הובאה אמש למנוחת עולמים בפנתיאון, מקום משכבם של גדולי האומה הצרפתית. צמחת מתוך אפר הכבשנים עד לנשיאות הפרלמנט האירופי שם פעלת ללא לאות למען חברה מוסרית וצודקת יותר. נוחי בשלום על משכבך. "
"העברנו עכשיו בוועדת החוקה, בקריאה שניה ושלישית תיקון לחוק מגבלות על חזרתו של עבריין מין לסביבת נפגע העבירה של חברות הכנסת @Michal_Rozin, @KElharrar ושלי. עבדנו בשיתוף פעולה והבאנו בשורה חשובה שתעניק עוד רשת הגנה וביטחון לקטינים נפגעי עבירות מין בשיקום חייהם. @swid4 @aliza_lavie "
"עם דויד זיו במסיבת הסיום בגן, אמנם יש לו עוד שנה בגן והוא מבין שהוא לא עולה עם הבוגרים- אבל הוא בטוח שמניין השנה מסתיים אחרי החופש הגדול. איך שוברים לו את הלב? "
אני זועקת את זה שנים! כל עיכוב בטיפול בילדים עם קשיים התפתחותיים בתקופת חלון ההזדמנויות בגיל הקריטי הוא פגיעה קשה בהם ובמשפחות שלהם. שלא לדבר על פערים בלתי נתפסים בהמתנה ובסגירת מכונים בעיקר בפריפריה. לא הגיע הזמן לכיפת ברזל חברתית לילדים הללו? 
"הופתעתי לגלות היום בדיון בוועדת הבריאות על הפערים בבריאות בין פריפריה למרכז, כאשר בחר מנכל המשרד להציג נתונים ישנים מ2015 למרות שיש למשרד דוח חדש מ2017 דוח שהוא עצמו עשה. מוזר לא? אני אגלה לכם שהנתונים מ2017 פשוט מציגים תמונה חמורה עוד יותר על הפערים. אולי זה ההסבר? "
מזל טוב מיכל! 
"ברכות לראשת ממשלת ניו זילנד שבזמן כהונתה יולדת את בתה הבכורה. דוגמא נפלאה לכל מי שעדיין לא מבין שבזמננו נשים יכולות להנהיג, להוביל ולהיות בעמדות מפתח בכל זמן!!! ככל שיותר נשים תבחרנה להצטרף למערכה ולקחת חלק בבחירות (מקומיות או ארציות) נוכל להשפיע ולשנות. "
"תכף עולה לשיחה עם @amsterdamski2 בכנס אלי הורביץ לחברה וכלכלה.
מוזמנים לצפות "
"לא הגיוני שבישראל יש אנשים שנאלצים לבחור בין ארוחה חמה לבין טיפול רפואי וחמור יותר אלו הנאלצים לוותר על שניהם. נתוני הלמ""ס מדברים בעד עצמם ומציגים תמונה חברתית עגומה שבה מעל רבע מליון אנשים בישראל חיים במצב השרדותי חמור. חייבים להעלות את סדר היום החברתי כלכלי לראש סדר העדיפויות. "
בקרתי היום בכפר הנוער בית לנדי. מקום אוהב ובית חם המשמש גם כפנימיה לילדים בסיכון. המחשבה שהקיצוץ שהחליט עליו אתמול משרד האוצר יגרע מהילדים הללו היא בלתי נתפסת... הם אלו שיפגעו ואסור לנו לתת לזה לקרות. 
"משרד האוצר החליט אתמול לעשות קיצוץ רוחבי בתקציבים רבים בניהם - מעונות יום, נוער בסיכון, מערכת החינוך בריאות ועוד. זו תהיה פגיעה אנושה בעלת השלכות רבות על אוכלוסיות מוחלשות ממילא. דין ילד נטוש כדין תקציב פרסום ממשלתי? יש כסף השאלה מה סדר העדיפויות. "
הגיע הזמן ליישם תוכנית ארוכת טווח לדיור הציבורי. אני שמחה ששר השיכון וסגנו הציגו אחת כזו - רק נקווה שפוליטיקה פנים מפלגתית לא תמנע משר האוצר לעשות את המתבקש ולאמץ את התוכנית. @publichousing1 
"התחלתי את היום במפגש עם נשות נעמת כרמיאל, משם המשכנו לביקור בכפר הילדים. ראינו מודל יפהפה ומרגש של משפחתונים המלווים את הילדים ומהווים עבורם בית חם,עוטף ואוהב, הדואג לכל צרכיהם עד גיל 26. עם מסגרת כזו לא מפתיע שהם יכולים למצות את הפוטנציאל שלהם. כ-90% מהילדים יוצאים עם בגרות מלאה "
מאחלת לעוד שיתופי פעולה יחד 
"שמחתי לקחת חלק בפרויקט החשוב הזה - לעודד עוד ועוד נשים לקחת חלק בהנהגה ובקבלת ההחלטות. אם אנחנו רוצות לשנות את כללי המשחק, אנחנו צריכות לקחת בו חלק! צפו ושתפו. "
אין כח אדם?! גייסו כח אדם! הילדים בפריפריה לא שווים פחות. הפערים האלו עולים לנו בבריאות.. אני שנים זועקת על משבר האחיות בבתי הספר. אני דורשת משר הבריאות לפתור את זה לאלתר! 
דוח עלם שפורסם אמש מציג תמונת מצב מדאיגה בנוגע לבני הנוער בישראל. הגשתי בקשה לדיון דחוף בוועדת הרווחה של הכנסת כדי להציע דרכי פעולה. 
"חג שבועות שמח!
מאחלת לכם חג נפלא עם משפחותיכם. "
בשילוב כוחות הצלחנו @Michal_Rozin @KElharrar ו@swid4 לקדם שלב נוסף את הצעת החוק - מגבלות על חזרתו של עבריין מין לסביבת נפגע העבירה. חשוב וצודק! 
"מוזמנים לצפות:

"
עכשיו בכנס הרצליה: חברתי כלכלי - כך נגדיר מחדש חוסן לאומי 
"שמחתי להעביר היום עוד תיקון לחוק בק.טרומית המבקש להחזיר את הבחירה והשליטה של נפגעות תקיפה מינית אם לחשוף את סיפורן - ובדרך שהן תבחרנה לעשות זאת. כאשר כיום, כדי לחשוף את הסיפור, שמה ופרצופה, הנפגעת צריכה לבקש אישור מבית המשפט. זהו צעד נוסף לשינוי חקיקה ישנה שלא רלוונטית לימנו. "
נשים עצמאיות לא יכולות לעמוד באיסור הגורף שלא מאפשר להן לעבוד בזמן חופשת לידה ולו רק כדי לשלם משכורות ודברים דחופים כדי לא לסגור את העסק ולפטר את העובדים בו. התיקון שלי שמאפשר להן לעבוד רבע משרה מבלי לפגוע בדמי הלידה ובזכויותיהן עבר עכשיו בק.טרומית! 
תמונה שאומרת הכל - הפערים בזמני ההמתנה בין המרכז לשאר חלקי הארץ 
כמה שאתה צודק 
"זלזול בחיי אדם! שנים שאני זועקת על התורים הארוכים בכל הארץ ובדגש על הפריפריה- כעת נחשפים הנתונים ומסתבר שהמצב רק הולך ומחמיר. זמן הוא קריטי לבריאות! ולא פחות הנתונים מגלים לנו שכסף כן קונה בריאות- מי שיש בידו ימצא אלטרנטיבה, ומי שלא מצבו יחמיר ויעלה יותר למערכת. אטימות וחלם כלכלי "
אכן כן 
מסיימת לקרוא את עפיפונים של רומן גארי ולא יכולה שלא לתהות איך הסמל התמים הזה של נורמאליזציה הופך להיות שם נרדף לטרור והפחדה. עצוב. (ממליצה לקרוא) 
"צודק אלי. כנראה שאזרחי ישראל מבינים מה שקשה לחלק מאנשי התקשורת להפנים: שמאל ימין לא רלוונטי. החיים שלנו כאן, כן רלוונטי. "
"@guylerer כמה שאתה צודק! את המאבק הזה התחילו שתי הנשים החזקות והאמיצות הללו. @YaelDan1 ואורלי פרוינד. רק מתזכרת: 
"
"אני מברכת על כך שעמדת שרת המשפטים השתנתה והיא מאמצת את גישתנו. להזכירכם, הקואליציה הפילה לי את הצעת החוק בטענה שהנשים חלשות והתקשורת תנצל אותן. זה היה אז. היום, הקולות אחרים תודה לאל. שמחה שיש פרי לעבודה קשה. @aliza_lavie @Ayelet__Shaked "
בושה וחרפה! מנהיג כת פוגענית שמקבל מקום של כבוד זו תעודת עניות לחברה הישראלית ולמי שמאפשר את זה. אמשיך להלחם ולקדם את החוק נגד כתות פוגעניות אותו אני מובילה כבר כמה שנים. כי את התופעה הזאת צריך להפסיק! 
זו הסיבה שאמשיך לקדם את הצעת החוק שלי נגד כתות פוגעניות! אנחנו חייבים להגן על הילדים האלה! 
מסיימת את היום בשיחה על הדיור הציבורי עם סטונדטים מהקליניקות של ביה״ס למשפטים מהמכללה למנהל 
עכשיו בועידת גלובס ישראל לנדל״ן 
עכשיו בועידת אצבע הגליל ה-4 ע״ש אלעד ארליך 
לא להאמין שחלפו כבר 25 שנה מאז נפילתו. גם השנה כבכול שנה ביום הזה אנו מבקרים ונזכרים. 
אני רואה את הדברים האלה בחומרה רבה. פגיעה וניצול לרעה של נשים חרדיות בשכרן וזכויותיהן זו לא הדרך לשילובן בעולם התעסוקה. אני הולכת להיאבק ללא משוא פנים בשינוי המצב הזה.  
"התרגשתי מאוד היום כאשר יהודה בני נטל ידיים, שם כיפה והדליק נר שקבל בבית הספר לזכרה של עטיל פסטרנק שנספתה במחנה אושוויץ בפולין. לבקשתו, המשכנו לחפש עליה עוד מידע כדי להכיר את סיפורה. נמשיך לזכור ולהזכיר. "
"זכייתה של מרים פרץ בפרס ישראל, היא ניצחון המנהיגות שצומחת מהמקומות הקשים בחיים, ניצחון של אישה מופלאה, שעלתה ממרוקו למעברה והפכה לדמות מופת חינוכית, מתוך עוצמה ובחירה בחיים. מרים, אני נרגשת ונפעמת מדמותך שמסמלת את סיפורו של העם שלנו-מחורבן לתקומה. יישר כוח! "
מעטים הרגעים שבהם קשה לי לבחור את המילים הרגע הזה הוא אחד מהם. אבא מקבל את פרס ישראל ויחד איתו דור שלם של אנשים שאותם ייצג ועבורם נלחם. מפעל חייך חיי וקיים אבא! 
וזו רק ההתחלה... 
ניצן ביתי המתבגרת תורמת היום את שיערה בפעם השנייה! אני גאה בה ❣️ 
כשאני רואה את זה בכל חודש אני יודעת שאנחנו בדרך הנכונה! שוב תודה לכולם ושבוע טוב.. 
מסכימה עם אריק! אנחנו נהיה הבית החדש של ישראלים רבים שרוצים מנהיגות אחרת. 
תודה אבי! 
תודה! 
"שמחה ונרגשת מאוד להביא היום עוד בשורה חשובה לדיירי הדיור הציבורי!
חוק הדיור הציבורי (זכויות רכישה) עבר ואליו הכנסתי הסתייגות חשובה שתאפשר למדינה פרוייקט שיקום ושיפוץ גם במבנים שבהם רוב הזכאים הצליחו לרכוש את דירתם. "
תודה לכל הנשים הנפלאות שהגיעו הערב לשמוע אותי במפגש החשוב הזה ולמועצת הנשים של מרחבים על הארגון וההזמנה 
"שמחתי לפתוח את השבוע בו מציינים את יום האישה הבינלאומי במועצת מרחבים בדרום. פגשתי נשים חזקות שמשוועות לייצוג נשי משמעותי בהנהגת המדינה, ולקבל מהן חיזוקים ותמיכה. יחד נוכל לשנות את פני הפוליטיקה. כן, נשים יכולות! "
אילן היקר והאהוב מאחלת לך בריאות שלמה ושתחזור במהרה לאיתנך. ישנם לא מעט מאבקים חברתיים לפנינו בונה עלייך שוב כשותף ערכי וכלוחם למען הציבור 
אין מה להוסיף 
"יוזמה חשובה של סגן שר הבריאות, ח״כ יעקב ליצמן. הקמת סל בריאות נפרד למחלות נדירות הוא חשוב, הכרחי ומציל חיים! בעיקר כאשר לחברות התרופות אין אינטרס כלכלי להתעסק במחלות אלו. "
מסמך היסטורי וחברתי חשוב ! רק אם נכיר בטעויות העבר נוכל לעבוד על תיקון העתיד 
משהו רקוב בממלכה. גורמים אינטרסנטיים חדרו עמוק לתוך המערכת ויש להם משתפים בדמות שומרי  הסף. להערכתי זהו רק קצה הקרחון - ועדת חקירה עכשיו ! 
המון ברכות לעו״ד חווי טוקר - שופטת חרדית ראשונה בישראל. עוד תיקרת זכוכית נופצה היום! 
חדשות טובות! עשינו עוד צעד בהגנה על נפגעי עבירות מין. החוק שיזמתי עוד בכנסת הקודמת -  להגבלת שינוי שמו של עבריין מין עבר בקריאה טרומית! 
"ותיכף יגידו לנו שזה התקציב הטוב והחברתי ביותר מאז קום המדינה,,, "
"ממשיכה לעבוד ושוב שמחה לגלות שאתם איתי. 

זה לא מובן מאליו ואני מעריכה את התמיכה והאמון שלכם בי. זה מחייב! "
ממשיכה בכל הכוח! 
מי אמר שכלבים נגד חתולים? לא אצלנו! יום זכויות בעלי החיים בכנסת זו הזדמנות טובה להראות את זה :) 
"שמחה לעדכן שעברה עכשיו בק. טרומית הצעת חוק של @Shuli_MR , @MotiYogev ושלי אשר תעגן בחוק את זכותו של קטין לייצוג משפטי עצמאי דרך הסיוע המשפטי. "
@Roy_Folkman @Roy_Folkman שיעור ראשון - דיוק בעובדות. מי יזם ומי מצטרף? 
כמה נכון וכמה צודק המאבק הזה. נשים משנות מציאות. זה לא מאבק אישי זה מאבק על פני החברה בישראל. 
הגיע זמן ש@bezalelsm יצא מהמערה ויגלה עולם חדש ומופלא! 
"לאור הספקולציות הנשמעות - תנו לי לעשות לכם סדר בבלגן. 
"
ברגעים אלו אנחנו יושבים עם פורום הדיור הציבורי. מקשיבים לבעיות ומתכננים את המשך המאבק לשיקום הדיור הציבורי. @publichousing1 
"וכל זה בגלל התנהלות שערורייתית של משרד החקלאות, גם משנים חיסון לחיסון שניכשל פעמיים ולא עומד בתנאי הסף וגם לא מתפקד כשהכלבת פורצת. פריפריה. "
גואל רצון עמד לדין על מספר דברים אבל לא על היותו מנהיג כת! עכשיו בדיון בועדת חוקה מנסה להבין למי יש אינטרס למנוע מחוק לטיפול בכתות פוגעניות לעבור... 
מסיימת את השבוע המתיש הזה בהרבה אנרגיות! תודה לכם על האמון :) 
קוראים לזה מנהיג כת פוגענית והגיע הזמן לסיים את החקיקה בנושא. יום שני בוועדת החוקה סופסוף דיון בחוק שלי. מקווה שהפעם משרד המשפטים לא יטרפד 
צודקת. אם לא די בכך לשכת עוה״ד גם מרוויחה פעמיים. היא זו שמעבירה את הקורסים לבחינה וכך יוצא שכל נכשל הוא לקוח חוזר שמעשיר את הקופה בעוד אלפי שקלים-שערוריה! 
"עכשיו בדיון בועדת הכלכלה בנושא התפרצות הכלבת בצפון, משרד החקלאות לא מספק תשובות ופתרונות מהירים לעצירת ההתפרצות.  נראה שאם זה בפריפריה הצפונית - הכלבים נושכים והשיירה עוברת. "
"הגיבור הפרטי שלי, מורה הדרך שבצלו חסיתי וצמחתי, אבא שלי. מזל טוב ליום הולדתך.
"
"עברה עכשיו בק.טרומית הצח שלי שתשים סוף לריביות הגבוהות שלוקחות חברות האשראי בחסות חברת החשמל! אם כל בית עסק קטן יכול היום לפרוס תשלומים בלי ריבית, גם חברה שיש לה רווח של מיליארדים ובטח חברה ממשלתית בעלת מונופול, יכולה לעשות את זה!! "
פעילות חנוכה לילדים עם דוד זיו הקטן שלי לפני שנה והיום. פתאום זה מכה בך - הם גדלים מהר!!! ואיתם גם האור. 
התפרצות מחלת הכלבת בצפון חושפת שוב את אדישות הממשלה לחיי התושבים בפריפריה. מוזמנים להאזין לראיון עם רוני דניאל בעוד מס דקות (103). 
צנזורה נוסח משרד החינוך. 
שמחתי לפגוש הערב את חברי הפרלמנט הירושלמי הצעיר. קבוצה של צעירים מעורבים חברתית בירושלים. היתה שיחה טובה על שינוי חברתי ופוליטי. 
בהחלט מרגש! תודה! 
ביחד עם @Michal_Rozin הצלחנו להעביר בקריאה טרומית את הצעות החוק שלנו -מגבלות על חזרתו של עבריין מין לסביבת נפגע העבירה. זה עוד צעד בהגנה על נפגעי תקיפה מינית אבל הדרך עוד ארוכה! 
המדינה אוהבת את החקלאות! אבל מה עם החקלאים? השתתפתי הבוקר בכנס החקלאות והצגתי את הצ״ח שלי בנושא פערי התיווך שמהם החקלאים מרוויחים פחות ואנחנו משלמים יותר. 
יו״ר לשכת עו״ד אפי נווה עכשיו בועדת חוקה חושף שבעלי ההון מעורבים בהחלטת משרד המשפטים להטיל אגרות מוגזמות על תביעות ייצוגיות! ויו״ר הועדה סלומינסקי - שותק! 
מיד מדברת עם קרן מרציאנו בתכנית הכלכלית על העלאת גיל הפרישה לנשים ולמה חשוב שזה יהיה דיפרנציאלי. מוזמנים לצפות (ערוץ 12 ו13) 
רק מזכירה ככה משתמשים בהליכים המזורזים כביכול לצורך בנייה כדי לאשר בהליך מזורז הקמת תחנות גז 
מילא אם היה לבנייה לזוגות הצעירים ועידודם לעבור לפריפריה אבל למה לפנות חקלאות לטובת תחנות גז?? ככה מנצלים את ההליך המזורז ולא באמת לדיור 
אנשי בשורה אנחנו. עד ערב פסח יוקם בנק חלב אם בישראל! עדכון מנציג מ.הבריאות  בועדה למעמד האישה ביום הפג בכנסת שמתקיים ביוזמתי זו השנה השישית 
איך אתה ישן בלילה שר החינוך שלנו? איך אתה מדיר תלמידים מעוטי יכולת מפעילויות עם חבריהם לכיתה? זה חינוך? חינוך למה? לחוקי הג׳ונגל? מאכזב. 
וזה כשיש עודף מה קורה באוצר? 
מפלגות לא מעסיקות סקאוטר כמו במכבי ת״א! חוק מימון פריימריז צריך לעבור ללא אתנן למפלגות שאין בהם פריימריז אחרת כלהרציונל יושב על כרעי תרנגולת 
"רגע לפני החג שוחחתי עם @revitalamiran על העשייה שלי בכנסת כח״כית עצמאית, המחויבות לשירות הציבור והקמת המפלגה החדשה.
"

ממשלה שמתהדרת בכלכלתה החזקה מתמיד ושולחת את שוטריה לקנוס את הנכים הנאנקים מקומץ ידה - היא ממשלה שצריכה להתבייש. כלכלה חזקה?רק על חלשים. 
שנה טובה! 
"מוקדם בבוקר הדרמתי בכביש הבקעה לכנס אחיות בקהילה בים המלח,לפגוש נשים וגברים שנלחמים יומיום לתת טיפול ראוי ורגיש כשלרשותם משאבים ככ מצומצמים "
"לרגל תחילת שנת הלימודים, קצת על הכנות המפלגה, ועוד:
"
ביום של פגישות ועבודה האוטו מחליט שגם לו נמאס מהחום ושובת. בלי מזגן בצומת מרכזי אני והוא לבד וחם!! עד שברוך הגיע - אנשים טובים באמצע הדרך 
אצל גבי גזית על התכנית להשכרה בשכירות משנה לזכאי הדיור הציבורי  הממתינים כפי שפרסם היום @oferpetersburg 
"הוכחה רוצים? זה מאוד פשוט שהיועמ״ש של הכנסת ינסה לחיות חודש אחד בסכום הזה, רק נזכיר לו שמאחר שאין דירות בדיור הציבורי אז גם דירה צריך לשכור "
מוקדם יותר היום הרמנו כוסית כל צוות הלשכה.תותחים ותותחיות שעובדות ומתנדבים קשה למען כל הפונים ועל חקיקה מיטיבה.גאה בכם ומאחלת הצלחה לנפרדים! 
"לא שתפ ראשון בשבילנו, @Shuli_MR , יחד עם @MeravMichaeli התקדמנו צעד חשוב בדרך הארוכה לתיקון היחס והטיפול בכל המישורים בקורבנות עבירות מין "
"שבוע חדש הצלחות חדשות:התחלנו 3,@zehavagalon @Syechimovich ואני עוד בכנסת הקודמת,והיום פה אחד במליאה:כולם מבינים שבלי פתרון למוחלשות,לא תהיה "
יש #2! הצעת החוק שלי להגדלת תקצוב ההדרכה השיקומית לעיוורים עברה גם היא בקריאה טרומית! לא אשכח שאמר לי אדם עיוור:זה כמו עיניים בשבילנו 
"יש! הצעת החוק סיוע לקטינים נפגעי עבירות מין ואלימות עברה טרומית.מוקדש לאביגיל לביא ז""ל. תחילת סגירת מעגל של חוק 1202 שחוקקתי בכנסת ה-18... "
שאפו ענק חברות יקרות לכן ולארגוני הנשים. בהחלט צעד היסטורי בדרך לחיסול כשל חברתי פוגעני כלכך.ניצחון לנשים כולן בשבועות לא קלים שעוברים עלינו 
עדי משה:למה אני צריכה לבוא לפה כשכולם בחופש הגדול כדי לעמוד על הזכות שלי? ומישהי מתפרצת בבכי:לי אין בגרויות כי הייתי באוהל מולכם לבקש דירה! 
"אלי היה איתי בבוקר אצל @OrlynGuy ועכשיו כאן בכנסת:10שנים אני ממתין,והמדינה בקצבת הנכות העלובה ובבירוקרטיה האטומה פשוט מנסה להרוס אותי ולייאש "
"עכשיו הכנס המרכזי של השדולה.רבים בחוץ מחוסר מקום,אבל זעקתם נשמעת.הפתרונות שהממשלה מציעה הם פלסטר היכן שצריך ניתוח חירום.חייבים בניה תקציבית. "
"היום!יום הדיור בכנסת, ביוזמתי יחד עם @dovhanin , יתר חברי שדולת הדיור וכמובן @publichousing1 . מייד ב @OrlynGuy אדבר על עיקר הנושאים שיעלו "
"זהו!החוק למניעת העלאת גיל פרישה ללא סעדים לעובדות המוחלשות עברה ומוכנה לקריאות 2-3.עכשיו שר האוצר לא יוכל להתחמק,ונצפה ממנו לפעול באחריות. "
דוח הסיוע המשפטי מציג מצב שערורייתי ולא חוקתי בדיור הציבורי:איך אמצעי לקידום שוויון חברתי הפך למשמר ומקבע מוחלשות ומצוקה.לרגל יום הדיור 18/7 
"היום במליאה,הצעת החוק שלי לעצירת עלייתו האוטומטית של גיל הפרישה עברה פה אחד! יחד עם @Syechimovich @zehavagalon וגפני, עצרנו את &gt;&gt; "
שמחתי לפגוש נשים מגוונות שמאוחדות סביב מטרה אחת ופועלות למענה - ליצור עתיד טוב יותר לכולנו. תודה על הזמן שהקדשתן לי! @WomenWagePeace 
@DaAd47 @WomenWagePeace עוד לא הצטרפת?? 
"בחוג בית של @WomenWagePeace :כשהמדינה רוצה,העבר מלמד שהיא יכולה.אבל כשכל חכ ושר עסוקים בלהצליח לשרוד בבחירות הבאות אין התקדמות למען הכלל "
מזל טוב לכוח לעובדים! 
"היום בדיון על הרפורמה בבורסה בבגצ,אחרי שהשופטת חיות אמרה ""נותנים תופינים לגופים שבעים"",עיגנה את חובת המיסוי,והדגישה את זכותנו כחכ לקבל מידע- "
"ברגעים אלו מתכנסת ההפגנה להכרה בפרשת ילדי תימן מזרח והבלקן.נבצר ממני להגיע,אבל תומכת מרחוק. 
"
"ב #כנסהרצליה , עולה לדבר על כלכלה חזקה וחולשות חברתיות. "
ובינתיים גם הפניות שלי לשר ארדן בנוגע לנשים בסכנת חיים מצד בני זוגן לשעבר - ורשלנות משטרתית בטיפול בהן - טרם נענו 
"בדיון על רצח נשים:שימו לב לכיסאות הריקים מימיני.כשהמדינה רוצה היא יכולה,כפי שראינו בטיפול בסחר בבני אדם.אז כשהעולם לא מבקר-לא מטפלים?&gt;&gt; "
מאזינה @kereneubach ולא מאמינה שמדובר בישראל הצעירה שקמה ונוהלה בין היתר על ידי שורדי זוועות השואה 
"הלחץ עובד! בעקבות פנייתי לסלינגר,ביקשה לבחון את פרטי ההסדר ללבייב.תמיד חשוב להיות ערניים. די לקיצוץ החובות ע""ח הציבור @SharoniYehuda "
הסכמתי ל@davidbitan לדחות את ההצבעה על חוק הדרכה שיקומית לעיוורים ב3שבועות במהלכם יימצא המקור התקציבי.מאמינה בכוחו ובשר הרווחה ומחכה להצבעה. 
"הכפילו - ועדיין אחוזי גבייה בשפל.אבדן של 300 מלש""ח.צריך פתרון שעונה על מצוקות כולם - הילדים, האמהות והאבות "
"בשיחה עם פרלמנט הנוער של נס ציונה: למנהיגי המחר זה מאד ברור שלכל הילדים מגיע לקבל את אותה רמה,כי כ-א יכול/ה להיות המדענ/ית הדגול/ה הבא/ה "
"@Syechimovich יום חשוב,מגיע לעובדים אישה חזקה וערכית שתילחם על הזכויות שלהם. בהצלחה! "
צעד נוסף בדרך הארוכה לתיקון 
"שוד הקופה הציבורית לחיזוק תמיכה פוליטית, בדיוק כפי שראינו בחשיפה שלי את מכירת הדיור הציבורי!אתנן לסקטור שהשר חפץ ביקרו.&gt;&gt; "
"מקווה שנהניתם בחג העצמאות!לרגל החג העליתי סרטון של מפגשי עם פנטנש המדהימה,ישראל היפה באמת,בתכנית""אנשים"".צפיה מומלצת! "
"..תפילה ליושב במרומים שייתן להם כח להמשיך,ושישמור על חיילינו ועל אנשינו. ""ונתת שלום בארץ, ושמחת עולם ליושביה""
"
"הם מבינים שמדובר לא במספרים,אלא באנשים?שצריכים לשלם על הבית,לשלוח הילדים לגן,לקנות תרופות?
דברי בנוגע לפרשת התאגיד: "
"RT @revitalamiran: נשים בפנסיה- גם הן נטו משפחה?
כתבתי מהיום
המאבק על גיל הפרישה: האם נשים ייצאו לפנסיה בגיל 
64? "
"חג פסח אביבי ושמח!
"
כמה שכואב לראות ככה אסור לעצום עיניים. כמה רועעע 
"זה לא מאבק של נכים, זה מאבק לחברה חזקה טובה ומלוכדת יותר.
"
האמת שלרגע הופתעתי לראות את ח״כ@bezalelsm בדיון על הדיור הציבורי. שלא תטעו לא העניים מעניינים אותו אלא ערוץ 7!-שיושב על דיור ציבורי 
"RT @Channel2News: חברת הכנסת @Orly_levy שהודחה מישראל ביתנו הכריזה ב-@pgosh_MTP: ""אקים מפלגה חדשה"" | "
החלק הכי כיף בחג זה המשפחה.. חג שמח! 
"בשעה טובה החוק של חברי @YossiYonah, שלי ושל נוספים, לחינוך חינם לילדים חולים, עבר בקריאה טרומית! "
"הנהלת הדסה עשתה שגיאה - אבל התפטרות הרופאים היא הפסד לשני הצדדים.התגמשות ההנהלה לקבלת דרישות הסגל,ומוכנות הסגל למו""מ הן הפתרון היחידי והטוב "
"שנתיים למותו של אורי אורבך ז""ל.קראתי ממילותיו המדויקות בדיון בו' הכנסת עכשיו על עובדות הקבלן בכנסת,שיזמנו @YossiYonah  @YigalGueta ועוד רבים "
לא מרפים! 
חברים לדרך בפרלמנט הישראלי - חברים ממפלגות שונות שמתאחדים בנושא כל כך חשוב: המאבק בעוני ולא פחות חשוב באטימות של מי שישב בראש הדיון. 
כבר בפרסום התכנית אמרתי שאין בה שום תקציב תוספתי. הממשלה אלופה בלתת לכספים ישנים שמות חדשים. 
התחקיר על בית האבות בחיפה הוא תיעוד מחריד ומזעזע שכמו לקוח מסרט אימה על מה קורה כשנותנים לאנשים כוח על חסרי ישע ולא מפקחים עליהם.מפחיד וכואב 

בוודאי שמשפיעה ללא החשיפה אנו נשאר באפילה. כמה חשוב שעיתונות ועיתונאים חדורי שליחות מתגייסים לתיקון עוולות חברתיות. ככל שירבו ככה נצליח אמן 

"RT @revitalamiran: ?עד מתי דיור ציבורי ישמש קופה קטנה
עמידר אפשרה לערוץ 7 שכירת דירות מוזלות, תקבל מהם פרס על עשייה חברתית
 "
"בדיון היום בו' ביקורת,לכל שאלה תשובה:עמידר מקבלת פרס מערוץ 7 על עשייה חברתית,שהיא העברת דירות מהדיור הציבורי לערוץ. "

"עם מנכל מש' הבריאות על מתמחים,פגים,בנק חלב אם,ובעיקר זוועת בתי האבות הסיעודיים.חייבים להשוות שירותי בריאות לכולם,פריפריה/מרכז,עניים/עשירים. "
כנסת ישראל דוגמא ומופת לחברה הישראלית?? @YossiYonah ואני לא נוותר כל כך מהר. 
איך ייתכן שדברים כאלו מתרחשים מי המפקח מי הרגולטור? איפה המשרדים? מזל שיש תחקירים עיתונאיים! את זה חייב להפסיק ומיד. 
"יור מועצתלמידים ניר העמק מספרת שרתמו כ40 עסקים ל""יום ללא רעב"",במסגרתו מוכרים מנות ב2₪ להעלאת מודעות למצב העוני.התכבדתי מאד לשוחח עם התלמידים "
"בכנס של ""דרכנו"":כל עוד השיטה נשארת זהה,לא יהיה אפשר להוביל כאן שינוי.השיטה לא אוהבת מהפכנים.אבל אפשר לשנות אותה אם מבינים איך היא עובדת. "
"כל כך צודק: בדיון בצדק חלוקתי אמר מנהל ביח נהריה דר ברהום:הזקנה כבר לא במיטה במסדרון, היא בחדר המדרגות... "
"החוק הזה מוקדש לרוז פיזם.ללילך שם טוב וילדיה עומר,רוני ואור.למורן,שנחשפתי לסיפור חייה אמש,יום אחרי שכתבה את סופו "
עכשיו במליאה הצעת החוק לשיתוף במידע לאיתור ילדים בסיכון 
"הבוקר תאונה נוספת בכביש 89, כביש הגישה לביח נהריה שידוע כמסוכן.פניתי לשר @Israel_katz להבין מדוע ההרחבה מתעכבת-כמה תאונות יקרו עד ספטמבר? "
בצד אחד:משפחות רעבות. בצד שני:2.4 מיליון טון מזון שנזרק.ביניהם-סחבת מיותרת שמעכבת כמעט שנה את החוק שיאפשר העברת מזון לנזקקים במקום להשמדה 
"יום לעידוד הצלת מזון בכנסת, בהובלתי יחד עם @Shuli_MR @HilikBar וחברים.מעל ל-18٪ מהמשפחות בישראל בחוסר ביטחון תזונתי.חייבים לקדם את החוק שלנו "
"RT @kereneubach: עמידר נגד דיירי הדיור הציבורי: מדוע פונתה באלימות קשישה נכה ובתה עם תסמונת דאון נאזקה? מירי אבוטבול ו@Orly_levy 
"
"כתב אישום מתוך הלב.בצדק חלוקתי הסבירו שהגדילו את תקציב סורוקה ע""ח האחרים,אבל מה יהא על הצפון? העיקר שבמרכז הכל שקט. "
"פינו גם פינו.וזה כמובן שוב ""מקרה חריג"" שלא סותר את הנחיית השר שאוסר פינויים. יש פתרונות נקודתיים אבל מה שבאמת צריך זה שידוד מערכות. "
הבוקר בכנס במכללת רופין על שוק הדיור: המדינה עושה יותר בשביל שהמשקיעים יגשימו את חלום הדירה מאשר צעירים ומבוגרים מחוסרי דיור. 
"גאה במתמחים התותחים והמשקיענים שלי שעבדו קשה כדי לקרוא את האותיות הקטנות בתקציב ולהתריע כשהן פוגעות ב""אזרחים הקטנים"". לחיי צעירים אכפתיים! "
וזה קורה בזמן שבמשרד השיכון ובעמידר מצהירים שאין פינויים עד לגיבוש מסקנות הוועדה בראשות הגב׳ אורנה ברביבאי- אז אמרו. למה לבלבל עם העובדות? 
כל אחד הוא אור. פעילות חנוכה לילדים עם דויד זיו הקטן שלי. כמה  אור גדול יכול להביא ילד קטן 
"התייחסתי לתחקיר עכשיו בדיון בועדת עבודה ורווחה על ""חוק האוטיסטים"":ממחיש את הצורך בשינוי המדיניות ובשיפור מנגנוני הפיקוח. "
"עכשיו:כדי למנוע פגיעה בקשישים עניים,יש להעלות את השלמת ההכנסה באותו שיעור של תוספת הותק.אחרת,נתנו 400₪-אבל ביטלו הטבות ששוות הרבה יותר.חלם "
לא נסכים להפרטה זוחלת של הדיור הציבורי לחברה חשודה בשחיתות שמתנהגת בבריונות. לא לחיסול הדיור הציבורי - ולא להפקרת דיירי הדיור הציבורי 
דברי במליאה היום על התקציב. מחנה לאומי אמיתי לא מפקיר את השכבות החלשות! לסרטון המלא: 
"הולכים.רגע לפני הסוף הבהרתי שהתקציב שהחליטו פתאום להוסיף לאבטחת מזרח ירושלים ראוי שיצא מהמשרד המתאים,ולא מכספי דיור ציבורי כמו בשנה שעברה.&gt;&gt; "
שאפו ל @oren_haz שהרים את הכפפה וישב איתי על חלוקת הכספים שקיבל.ביח פוריה התקרב עוד 1.5 מיליון ₪ לטיפול נמרץ ילדים!ואיתו גם בעלי מוגבלויות:) 
לדיור ציבורי אין כסף אבל להסכמים עם חכים יש-מזמינה אתכם לתרום את ה-60מיליון שקיבלתם ל-160אלף משפחות חסרות בית@oren_haz @nava_boker @zoharm7 
עכשיו במליאה: איך אנו אמורים להצביע על התקציב מחרתיים כשבכלל לא הוצג לנו תקציב משרד השיכון?! יש לזה תקדים? 
יש לחרדים יש למתנחלים ויש לעמונה. למי לא נשאר? ל20% המשפחות עניות ולדיור הציבורי. מפליא לגלות ששר האוצר הוא עדיין @KahlonMoshe 
"צפו בפרק הזה.""הטוב, הרע והמכוער"" של ישראל 2016.
רק חצי אחוז מתקציב של 446 מיליארד הולך לרכישת דיורציבורי.בדיחה עצובה
"
"נשים לוחמות מדהימות אחת אחת. הלוואי שכולם יהיו ""לא נחמדות"" כמוכן! "
עכשיו בבית אחותי מתכוננות להקרנה של המערכת על פעילות ופעילי הדיור הציבורי 
"העיניים טרוטות אבל בלב סיפוק גדול:הצלחנו להעביר בכספים את העברת כספי ערי עולים לערים מוחלשות ופריפריאליות, למרות הכל. @YossiYonah "
RT @zehavagalon: אחת בלילה וככה מחוקקים בכנסת ישראל. טירוף מערכות 
"אהובה,הכנת אותנו לפרידה,אך זה לא עשה אותה קלה יותר.ניגנת אהבה כל חייך ונגינתך ליוותה את חיינו, פריטתך הרעידה מיתרי ליבנו.תודה.לא נשכח אותך. "
"לפני 9 חודשים הגשתי הצח לאבחונים בחינם,שמחה לראות ש@edu_il מקדם זאת.דוח העוני חושף היום שאין להורים כסף לכריך ולספרים,אז לאבחונים?נחמה פורתא "
"מנכ״ל משרד הרווחה, אליעזר יבלון היקר נפטר אתמול בטרם עת והאבדה היא כה גדולה. שולחת תנחומים למשפחה, יהי זכרו ברוך. "
עכשיו במליאה הצ״ח העלאת קצבת נכות לשכר מינימום של@mkgilon חברי היקר עברה בטרומית למרות התנגדות ממשלה אך עם הרבה עזרה מלמעלה. גאה בך אילן 
אולם מלא עד אפס מקום באנשים עם סיפורים שאם תשמעו הלב שלכם יישבר.אבל הממשלה לא שומעת את האנשים האלה ולכן לא דואגת לתקצב להם דירות.ישראל השניה 
בין ישיבות הועדות להצבעות במליאה הגיע לידי חוזר משרד הבריאות שמגדיר-סוף סוף-את השירותים שכל זרועות מערכת הבריאות נדרשות לספק לפגים.#רגעשלנחת 
בשלישי הקרוב בכנסת-דיון של שדולת הדיור על התקציב לדיור הציבורי 
RT @YossiYonah: הדרך לצדק חלוקתי ארוכה ומפותלת. אבל היום עשינו צעד חשוב בכיוון @Orly_levy 
עכשיו במליאה ח״כ יוסי יונה מציג את החוק שלנו לתיקון פקודת מיסי עירייה - ערים קולטות עליה- בתמיכת ממשלה. הגיע הזמן לתקן את העיוות 
"בי""ח פוריה יודע להשתמש במשאבים שמגייס:מרכז רפואי מוביל לאם וליילוד,וגם הפגייה הוכתרה כמצטיינת.בערב התרמה להקמת טיפול נמרץ ילדים&gt;&gt; "
"אומרים ""על פי שניים יקום דבר"" - ועכשיו הצטרף השלישי: לשכת השמאים מדווחת על הזינוק במחירי הדירות - 17% עליה בת.א!
"
כעת בועדת הכספים בדיון על פיצויים ושיקום לנפגעי השריפות. שאלה שעולה: מה דינם של אלו שלא מבוטחים ואינם באזורי הצתה?? עדיין אין תשובה 
שמחתי לפנות הבוקר את לשכתי כדי לאפשר לתלמידי כיתה ט בתיכון בליך לנסח יחד עם נעה המתמחה בלשכתי חקיקה לטיפול בבריונות ברשת! דור ההמשך בפעולה;) 
"למה חשוב להגדיל את כמות האחיות בפגייה? כדי לאפשר שילוב הורים כמו האבא הזה מבי""ח לניאדו. אין לזה תחליף (לעוד סיבות: "
"הוציאו אותי, תושבת הצפון, עכשיו מהמליאה-כי לא נעים לשמוע את תושבי הפריפריה שואלים מה קרה להבטחות הבחירות לפריפריה ביום שאחרי. מפקירים אותנו "
ואפילו יש את זה מוקלט;) 
"נפגשתי הבוקר עם נבחרת המתמחים המשקיענים שלי,שיוצאים לחפש את העזים שמסתתרות בתקציב. #התחלנו #באנו_לעבוד "
"היום במליאה הקראתי את סיפורו של דוגי ישראלי, שממחיש כמה נחוץ לטפל בפערי התיווך בחקלאות ולהוריד מחירים.טוב לחקלאים, טוב לצרכנים, טוב לפריפריה "
"RT @knesset99: הראיון המלא של @Orly_levy באולפן הפתוח ""הייתי הוגנת עם ישראל ביתנו כשעזבתי,מצפה שיהיו הוגנים איתי""
"
במושב הכנסת שנפתח היום אני מתכוונת להמשיך לקדם את הסוגיות שחשובות לי ובעיקר – לדאוג שהתקציב הדו שנתי דואג למי שהוא אמור – לאזרחים הפשוטים. 
אמש אצלי בבית -הבנות  בפעילות הכנת ברכות לשנה החדשה. כמה כיף וכמה תשומת לב בכל ברכה. 
"RT @yshpiller: מתנגדות למסקנות האוצר על העלאת גיל פרישה לנשים. יחימוביץ', גלאון ולוי-אבקסיס בהודעה משותפת: "
ז׳קי זה אח!! (וגם הוא יודע שבלי עזרה מהמדינה רבים וטובים לא יצליחו אפילו להתקרב לקניית דירה בישראל) 
בדיוק 
"RT @news10: דו""ח אדוה: כמחצית מתלמידי התיכון לא זכאים לבגרות &gt;&gt; "
"RT @publichousing1: חוק התחדשות עבר! דיירי הדיור הציבורי יחזרו לבתיהם בלי עלות. תודה לאורלי לוי, לדב חנין ליוסי יונה וליגאל גוטה. "
"הפרטת שרותי הבריאות לתלמיד שוב עולה לדיון. ההפרטה פגעה בשרות, אז למה לא מחזירים אחיות ביהס להעסקה ישירה אחת ולתמיד?! "
הוועדה לצדק חלוקתי בראשות מיקי זוהר יצאה לדרך. מקווה שיצליח ליצוק תוכן ממשי ועשייה לצמצום האי-שוויון והפערים בחברה 
@Orly_levy 
"הפרטת השירות הזה גרמה רק נזק, האחיות צודקות בכל מילה

גלי צה""ל : תנאי עבודה קשים מנשוא: אחיות ביה""ס מאיימות לשבות "
מי שמחפש דוגמא למחטף על חשבון הציבור (ההורים במקרה הזה) ולפוליטיקאים שתוקפים ומתנגדים ואז מצביעים הפוך - בבקשה 
עד מתי באמת?? והאבסורד הכי גדול שאיתנו חתומים על החוק כיוזמים ח״כים מהקואליציה שמצביעים עכשיו נגד החוק שלהם.. 
שאפו ענק לפנתרה האמיתית @celmakiyes שריכזה את הפרויקט ובכלל פועלת כל העת ללא מורא וללא פחד לקידום נשות הדיור הציבורי 
"יום הדיור בכנסת: נשמיע עדויות של נשים אמיצות שמספרות על הטרדות מיניות מצד מי שאמור לסייע להן #דיור_ציבורי
"
עוד יומיים 
מכירים את זה ששר עובר משרד ולוקח איתו 30 מיליון שקל שהיו מיועדים לפתיחת מעונות יום ועכשיו אין להם תקציב? אז תכירו 
@NachmanShapira דווקא עזר :) 

שערורייה זה מילה קלה מידי כדי לתאר את הפארסה הזו. ההתעמרות בניצולים מבישה ומבזה והימשכות הסיפור הזה בעיקר מעציבה 
@NachmanShapira קודם כל את זה: 
בכיר בעמידר מאיים על דיירים שאם לא ינטשו את הדירות בפינוי-בינוי ישלמו הרבה יותר. אתה אמור לדאוג להם לא להפחיד אותם! 
הבעיה הבסיסית היא שצריך פה מחאה וצעדה מירוחם לירושלים כדי שיבחנו חלוקה שוויונית בתקציבי רווחה וחינוך לילדים 
בדיוק 
בכנס דיור ציבורי בדימונה. נשים שמחכות לדירה יותר מעשר שנים מתמוטטות מרוב כאב ועצבים. חבל שזה לא מסוקר כמו כנס הרצליה 
"RT @YossiYonah: היום בדיון בוועדת הפנים  על חוק גבעת עמל. מחוייבים לעשות צדק היסטורי.
@Shuli_MR @Orly_levy @mkgilon "
הצטרפתי לצועדים שיצאו מהנגב בקריאה לשוויון הזדמנויות בחינוך וברווחה הישראלית. הגיע העת לשוויון מהותי ולא רק פורמלי! 

בשיח משותף עם בני גנץ באוני׳ בן-גוריון. הסטודנטים שואלים על החיבור לערכים שכמעט כבר לא רואים במנהיגות הציבורית 
מרגש ומחזק. שבת שלום וחג שמח 
"בכנסת הקודמת עצרו לנו את החקיקה הזו, הפעם זה דווקא הצליח (למרות הבדלים מסוימים מההצעה המקורית). בשעה טובה!! "
"@Orly_levy בסוף הדיון התחבקנו, ונזכרתי שוב למה אני פה ובשביל מי אני נלחמת. וכל הכבוד ל@DanaYarkechy על חשיפת המקרה "
"׳נכנסו המעקלים עם שוטרים, לקחו הכל גם תנור חימום׳.. לשמוע ולא להאמין.. משה היקר אנחנו איתך, כל הדרך עד שהאיום יוסר "
"בו. חוקה, על המקרה השערורייתי שהוצל״א דרשו להוציא ניצול שואה בן 101 מביתו בגלל חוב של 30 שנה של בנו. אין שיקול דעת?? "
"תודה חברים וחברות יקרים.. וברור שנמשיך לעבוד ולקדם את הדיור הציבורי, בכנסת ובמקומות אחרים "
ברכות!! יכולה ושמחה להעיד שמגיע לו.. יישר כוח :) 
"הבוקר הגעתי לחיפה עם הוועדה להתחדשות עירונית של הכנסת. הדיירים בשכונות חוששים, הבהרתי שנעשה הכל לשמור על זכויותיהם "
כל הכבוד!! המשיכו בעבודה הטובה. אני במקביל אמשיך לקדם את הצעת החוק שהגשתי לצמצום פערי התיווך במכירת פירות וירקות 
לג בעומר עם הילדים וחברים בגינה שלנו- כיף לחזור הביתה לאור הזה. 
"RT @ReshetBet: אורלי לוי: הדיור הציבורי - בזכותי ביומן ערב עם ליאת רגב
"
"RT @GLZRadio: ח""כ @Orly_levy ל@IKweller ו@YoazHendel1: ""בנושאי החברה לא ארפה והם יבואו לידי ביטוי גם אם זה לא יהיה נעים לקואליציה""
"
"מעניין שבהתחלה בכלל לא דרשו שום דבר שקשור לדיור ציבורי, ועכשיו פתאום מקצים  לזה בהסכם 150 מיליון שקל #באתי_לעבוד  "
ועדות הרווחה והכספים דנו היום במשבר #מעונות_היום. גם במצב החדש ממשיכה לעבוד. בשבילכם. 
שמחה שהאוצר ובנק ישראל מאמצים רשמית את הצעת החוק שלי. אבל למה רק ביישובים שיש בהם מחיר למשתכן? נמשיך לקדם הצח׳ לכולם 
"שמחתי לעזור..
שיהיה חג שמח לצ׳ ומשפחתה :) "
תודה עוד יותר גדולה ל@publichousing1 שלא מפסיקים לעשות ולקדם את הדיור הציבורי בישראל. כל הכבוד!! 
"RT @idit_lev: חוק שמחייב את חברות הדיור הציבורי לשקיפות אושר בכנסת. תודה לח""כ @dovhanin ו@Orly_levy ול@publichousing1 שעבדו קשה. "
"RT @YossiYonah: ח""כ אורלי לוי @Orly_levy : ""אל תתייגו אותנו כמזרח תיכון, תקראו לנו ישראלים. יש לנו הרבה מה לתת לתרבות הכלל"". "
"האמת, אני מתרגשת.. שבוע טוב מהכנס לצדק פיוטי בכנסת :) "
השקנו היום את השדולה לחיזוק מעמד הכנסת אצל @rubirivlin. מקווים להשיב לקדמת הבמה את העשייה הפרלמנטרית #באנו_לעבוד 
"RT @RHRIS: הצלחה ענקית אתמול בוועדת הכלכלה:
חברות הדיור הציבורי יעדכנו את הזכאים באופן קבוע ויזום "
גם אנחנו.. 
"לרגל יום זכויות בעלי החיים בכנסת, ד״ש מפול וגריי שלנו (וגם מהחברה שלהם), סוג של ׳וגר זאב עם כבש׳ גרסת הכלב והחתולים "
בוקר טוב מהכנסת. ממשיכים לעבוד על חוק זכויות דיירי הדיור הציבורי של @dovhanin ושלי. אגב בלי קשר ליום המעשים הטובים.. 
יש מבקר בירושלים 
"תודה @ishmuli גם ממני :) וטוב שח""כים כמוך נמצאים כאן כדי לסייע ולקדם הצעות חוק כאלו.. "
"הכבוד האמיתי הוא לפעול יחד אתכם, חברי וחברות פורום דיור ציבורי שעושים 24/7 לקידום הדיור הציבורי בישראל וסיוע לדיירים "
"RT @knesset99: ועדת הכספים דנה בהעלאת גיל הפרישה לנשים. ח""כ לוי אבקסיס @Orly_levy מזהירה: ""עלול לזרוק נשים רבות לאבטלה"" "
בדיון בוועדת כספים שזימנתי על גיל הפרישה לנשים עם @Syechimovich ו@zehavagalon  
"ynet ""מי שנולד לבית הלא נכון מודר משוק הדיור"" - כלכלה...
 "
החוק שהגשתי עוד בכנסת שעברה לטיפול בכתות פוגעניות מגיע להצבעה במליאת הכנסת. לראשונה מסדירים חקיקה נגד כתות בישראל 
"למי ששכח, אנחנו מדברים על זה: "
"ynet ח""כ אורלי לוי-אבקסיס: ""כל חבריו של אורי יוגב מצאו את עצמם דירקטורים"" - חדשות...
 "
"@Orly_levy אנשי צבא בכירים, אנשי אקדמיה וכלכלה לא מצליחים להיבחר לנבחרת הדירקטורים שמנוהלת תחת יוגב כמו גילדה סגורה "
"כולם משתמשים בדירות הציבוריות, ורק לזכאים אומרים 'אין דירות':

חדשות 2 - מי משתמש בדירות הדיור הציבורי במקום הזכאים? "
"מבקרים עם אלו""ט בבית ספר לילדים עם אוטיזם בקרית-ים. עובדים על מעבר למבנה חדש ומותאם. הצוות החינוכי מדהים. כיף לעזור! "
זה אמנם לא עבר בחוק אבל אני כבר עובדת להסדיר את זה בחקיקה שחס וחלילה אף אחד לא יחשוב לחזור בו מההצהרות.. 
"הצעת החוק שלי להעלאת סיוע בשכ""ד לממתיני דיור ציבורי נעצרת באופן קבוע בוועדת שרים לחקיקה. טוב שמישהו התעשת סופסוף "
"כאילו לא מספיק מקומם שהאוצר מקצץ קצבאות לניצולים שמקבלים רנטות, מתברר שהולנד החליטה לא לשלם יותר את הרנטות. מביש!!
 "
RT @Syechimovich: לילה ארוך במליאה בחברה נעימה @Orly_levy 
RT @Michal_Rozin: ראש הממשלה עסוק בשיחה צפופה עם חכ חזן ומפספס את ההצבעה על חוק הדיור הציבורי. האם במקרה? 
"לא רק אפשר, חייבים מידי פעם קצת חדשות טובות.. כל הכבוד @kereneubach על הסיקור הבלתי מתפשר בנושא הדיור הציבורי ובכלל "
"עוד מקום שחובה לעשות בו סדר, ועכשיו:
מבקר המדינה חוקר הפיכת 'בית עמידר' לבית מלון של רשת דן -
 "
"@knesset99 פרסם אמש את דירוג הח""כים לחודש ינואר שבוצע בסקר דעת הקהל. אז.. תודה! :) "
@l_daphna שמחה לשמוע ששר החקלאות אימץ את היוזמה שלי מהכנסת הקודמת שכבר עברה טרומית. מספיק עם פערי השיווק השערורייתים 
הגיע הזמן שמישהו יעשה קצת סדר במה שקורה ברשות החברות והעומד בראשה . 
"הסופר האהוב יהודה אטלס ביקר השבוע בכנסת, ושוחחנו על הספר שהוא עובד עליו, שירים על חייהם של ילדים בסיכון. היה מרגש..
"
"דרישת שלום ממוסדות מגדל אור של הרב גרוסמן במגדל העמק. מסיירים עם שר הרווחה חיים כץ, לחמם את הלב כשקר בחוץ "
