"באתי לדבר עם נשיא צרפת, עמנואל מקרון, על ההתנגדות החריפה שלי להסכם הגרעין ולעובדה שהצרפתים עדיין עושים עסקים עם איראן. ביקור קצר וחשוב בארמון האליזה.
@EmmanuelMacron "
אני מודה לנשיא @EmmanuelMacron על האירוח החם היום בארמון האליזה. 
נתניהו צודק. 
"ביבי, המדינה אמרה את דברה. "
"נתניהו הוא הטרול הראשי במערכת הבחירות הזו. בעוד שמונה ימים יש לכם בחירה. לשלוח את נתניהו הביתה אחרי 13 שנה, או לתת שיגנבו אתכם. "
הנה כמה דוגמאות לציוצים של האיש שנתניהו כל כך התגאה בו במסיבת העתונאים: 
"פניתי הבוקר לוועדת הבחירות המרכזית, פרקליט המדינה והיועץ המשפטי לממשלה בדרישה לבדוק בדחיפות את הניסיון להטיית מערכת הבחירות בישראל. מדובר בניסיון מכוון לחתור תחת יסודות שיטת הבחירות והמשטר של מדינת ישראל - ועל כל הנוגעים בדבר לפעול לאלתר. "
"ביבי, תקשיב לעצמך. "
"ביבי, מה שלא עשית 13 שנה, כבר לא תעשה. אנחנו נמשיך מכאן. "
"אחרי 13 שנים עם ביבי הגיע הזמן לשנות. אנחנו עומדים כאן, כי אנחנו רוצים לעבוד בשביל אזרחי ישראל. לבנות בתי חולים, מעונות יום, להוריד את המחיר של העגלה בסופר, להביא בטחון לילדי הדרום. זו הסיבה שכחול לבן רצה בבחירות האלה. זו הסיבה שננצח, מפני שאזרחי ישראל מבינים שהגיע הזמן לשינוי. "
"כשיחיא סנוואר עושה סלפי ליד הגדר והילדים שלנו במקלטים, אתה יודע שביבי איבד את ההרתעה. "
"הבחירות האלה הן לא על מי אנחנו שונאים, הן על החיים שלנו. "
"שנות החמישים, שלוחת המוסד בלונדון. בתמונה: אמא שלי, שולמית לפיד 
(אז גלעדי), ורפי איתן ז״ל, כבר אז אגדה. "
"כרגיל. ביבי חזק באיומים, במעשים קצת פחות. הוא כל כך פוחד שפרשת הצוללות תפתח שהחליט בסוף לא לתבוע אותי. אז בוא ביבי. תתבע אותי. אני מסיר את החסינות. "
שתגדלו אותו בנחת איציק. הקטנצ'יק זכה באבא מדהים. מזל טוב! 
"קחו רגע, תקשיבו לגבי. "
"נתניהו, גילינו מה הבעיה שלך! "
עזבו אתכם מההסתה המכוערת שביבי התחיל בה כשגילה שהוא מפסיד בסקרים - זה מה שביבי באמת חושב על בני גנץ! 
"כל הכבוד לנבחרת שלנו שעושה את זה הערב שוב ובגדול. 
יאללה חבר'ה בהצלחה עד היורו.
אל אל ישראל! "
"אחרי שהכחיש את זה, והכחיש והכחיש, ביבי הודה היום בשידור חי שאישר את עסקת הצוללות עם מצרים. "
"ביבי. תתבע אותי. אני מודיע לך חגיגית, אני מסיר את חסינותי. מפני ששנינו יודעים שבסרטון ששיגרת הערב היו אינסוף שקרים. אתה יודע היטב שלא קראנו לך בוגד בפרשת הצוללות, מעניין שזו המילה הראשונה שקפצה לך לראש. "
מברך את הנשיא טראמפ על הכוונה להכיר בריבונות הישראלית על רמת הגולן. חלום מתגשם. 
חמש תשובות שנתניהו חייב לציבור. 
"אני בריא מאוד ביבי, אתה לעומת זאת סובל כנראה מבעיית זכרון, אז הנה, מצרף לך תזכורת. 
@netanyahu "
במערכת הבטחון ובצה״ל התנגדו למכירת הצוללות למצרים בשל סיכונים לבטחון ישראל. נתניהו פגע בקודש הקודשים של בטחון ישראל בשביל בצע כסף. 
"כמי שהעיד בפרשת הצוללות, כמי שניהל חלק מהמשא ומתן עם הממשלה הגרמנית, אני מצטרף לקביעה הנחרצת- זו פרשיית השחיתות הבטחונית הגדולה בתולדות המדינה, ונתניהו עומד במרכזה. לא יהיה מנוס, הוא ייחקר. "
"במזג אוויר סוער בקריית ביאליק יצאו מאות אנשים מהבית כדי לשאול ולהקשיב. יש רק שתי ברירות: ממשלה של נתניהו עם סמוטריץ׳ שר חינוך או ממשלה ׳כחול לבן׳ שבאה לעבוד בשביל הציבור.
@BlueWhite2019 "
חלאס ביבי. 
כהנא חי או עם ישראל חי - תבחרו! 
פרשת הצוללות: שום דבר לא קרה במקרה. 
ממשל טראמפ משנה את הגישה הבינלאומית לישראל. ירושלים היא בירתנו והגולן יישאר לנצח חלק מישראל. ההודעה היום על הגולן היא עוד צעד חשוב במערכה שהתחלנו לפני יותר משנה. 
הגיע הזמן שיפסיקו לצפצף על אזרחי ישראל. 
"הרתעה משיגים בכוח.
@gantzbe @bogie_yaalon @BlueWhite2019 "
באנו להכפיל #כחולבןבשדרות 
מדינת כל אזרחיה - גרסת נתניהו. 
כשהשחיתות בליכוד הופכת לשיטה. 
"אלון יקירי, אתה הרי יודע שלא דיברתי נגד אנשי הימין. רובם אנשים טובים ואוהבי ישראל.רבים מהם עברו לכחול לבן בשבועות האחרונים. דווקא בגלל שרוב מכריע של אנשי הימין הם אנשים ראויים והגונים, אתה ואני ביחד צריכים לצאת נגד המושחתים והגזענים שנתניהו מנסה להכניס לממשלה כי זה מכתים מחנה שלם "
מגינים על ישראל. תמיד. בכל מקום. 
"אז עכשיו הכסף הקטארי נכנס לעזה דרך אונר״א. באישור של ביבי. כן, אותו ביבי שקרא לסגור את אונר״א. "
"נשנה את סדרי העדיפויות, נהיה ההנהגה של כל אזרחי ישראל, נוקיע את השחיתות ונוביל שיח מאחד. 
בשבילנו, טובת ישראל לפני הכל. 
@gantzbe @BlueWhite2019 "
אנחנו לא ניתן לאיש הזה להיות שר החינוך של הילדים שלכם. 
"רובי היקר, שולח איחולי רפואה שלמה לנחמה. אני בטוח שכל עם ישראל מתפלל להחלמתה המהירה ושתשוב לפעילותה החשובה לאט ובבטחה. "
"כואב את לכתה של יונה עטרי ז""ל. מהשירות בנח""ל, דרך 'רחוב סומסום' ועד לבמות התיאטרון - יונה הייתה ותשאר סמל סטטוס ישראלי. שולח חיבוק למשפחה ולחברים.
"
"קצת קשה לתמצת ב -280 תווים את מה שקורה ערב ערב בכנסים שלנו בכל הארץ אז פשוט תבואו לשמוע. או תעקבו בסטורי.
הערב עם 600 תושבי רעננה.
@BlueWhite2019 "
"אתם תחליטו, ביבי לפני הכל או ישראל לפני הכל. "
ארוחה משפחתית. @gantzbe @bogie_yaalon 
"הליכוד מציגים: פייק מהעתיד
(מתוך העמוד הרשמי של ראש ממשלת ישראל) "
"""איך תשפרו את מערכת הבריאות? מתי הילדים שלנו יוכלו לקנות דירה? ואיך עצמאי יכול להתפרנס בכבוד?""
אלו רק חלק מהשאלות שאתם שואלים אותי, ערב ערב. הגיע הזמן לממשלה שעסוקה בכם, האזרחים ולא בעצמה ובחקירות שלה.

הערב עם 500 תושבי הוד השרון והסביבה. "
"יהודים רפורמים הם אחינו ואחיותינו. הדה לגיטמציה שעושים להם פוגעת באחדות העם היהודי ומחלישה את כולנו. היהדות הרפורמית היא חלק בלתי נפרד מעם ישראל ואף שלט גדול ככל שיהיה - לא ישנה את זה.

"
"רואים את הכסף הזה? הוא שלכם.

פעם שאלנו ""איפה הכסף?״ מצאנו אותו. 

עשרה מיליארד שקל הממשלה הזו חילקה לפוליטיקאים ומפלגות. ׳כחול לבן' תחזיר אותו לכם. "
"האירוע השני הכי חשוב באפריל הקרוב 
(את הראשון אתם יודעים). "
כחול לבן גדול או סמוטריץ׳ ובן ארי. תבחרו. 
"ממשלה בראשותנו לעולם לא תחזיר את רמת הגולן. בצד השני של הגבול יושב רודן שרצח חצי מיליון בני אדם, מבני עמו. מי שמחזיק את המשטר שלו הם האיראנים והחיזבאללה. אנחנו קוראים גם לאיחוד האירופי ולאו""ם להכיר במציאות. להכיר במה שנכון וצודק. להכיר בריבונות הישראלית על רמת הגולן. "
"גאה לעבוד עם נשים חזקות שלא עושות מה שאומרים להן, אלא מה שהן חושבות שנכון. "
גם פייק ניוז צריך לדעת לעשות. 

יותר מ-600 איש באו הערב לנס ציונה לשמוע שאפשר והגיע הזמן להחליף את השלטון ולהקים ממשלה שדואגת לחיי האזרחים. באנו לשנות. #כחוללבן 
ככה מחליפים שלטון. 
"שמחה, אנרגיות, תקווה, הבוקר ברחובות.
ככה מנצחים בחירות. ככה משנים מדינה. "
"אזרחי ישראל, אותנו, אתם ממש לא משעממים. "
"היום יש יום הולדת לשותף חדש לדרך שלנו. 

גבי, אני מאחל לך מזל טוב ושהשנה הקרובה תביא איתה בשורות טובות. 

אתה אלוף!
בעצם, רב אלוף. "
תמיד מעניין לעקוב איך ביבי ממציא שקר ואז מקדם אותו בכל הכוח בלי להסס 
קבלת פנים חמה הערב בכרמיאל. #כחולבן 
אצל נתניהו כמו אצל נתניהו הפוליטיקה לפני ישראל. כשגם החברים הטובים ביותר שלנו מרגישים צורך לגנות אז צריך להיות ברור לכולם שקו אדום נחצה. נתניהו גרם נזק עצום לתדמית של ישראל בעולם ומוכן לסכן את הדמוקרטיה שלנו כאן בבית. 
"RT @gantzbe: 75 שנים אחרי גטו בודפשט 
בנו של טומי ובנה של מלכה 
עומדים על בימה אחת. "
"RT @OferShelah: חברים לדרך
 #כחולבן 
@KElharrar 
@MKMikiLevi "
"איחוד של תקווה.

(קרדיט: מיכאל שבדרון) "
ישיבת סיעה ראשונה. התחלנו #כחולבן 
ישראל לפני הכל. 
מאוחדים. ככה נראית אחריות לאומית. כי הגיע הזמן לשנות. 

"קבלו את הנבחרת הכי טובה בפוליטיקה הישראלית: מאיר, עפר, אורנה, יעל, קארין, יואל, אלעזר, מיקי, פנינה, רם, יואב, בועז, עידן, יוראי, עליזה, תהילה, קינלי, זהורית, ענת, דבי, ולדימיר, יפעת, עופרה, נאור, עוז, ענבר, ירון, נירה, רונית. "
"מבוכה גדולה. 
לא היינו צריכים להתקפל מול מי שרוצה לשכתב את ההיסטוריה. נתניהו איבד את דרכו והיה מוכן למכור את זכר קורבנות השואה עבור צילום בחירות. עכשיו המבוכה כפולה: ההתנצלות של ראש הממשלה והביטול של הפולנים. "
כל הארץ שלטים שלטים. כולם מבינים שהגיע הזמן לשנות. 
נתניהו יחלק. במשמרת שלנו זה לעולם לא יקרה. 
"מהצפון ועד הדרום - יש עתיד בכל מקום.
כי הגיע הזמן לשנות.
שבת שלום. "
שהפולנים יתנצלו. 
אף אחד לא פוגע בציבור החרדי כמו העסקנים שיושבים בממשלה. 
"במקום לתת 10 מיליארד ש""ח לאנשים אמיתיים ששוכבים במיון הם לקחו אותו לעצמם. "
"אם זה אבא כמוך, באמת עדיף שלא. "
"כבר 4 שנים אני טוען שהיו לישראל הזדמנויות אמיתיות לפריצת דרך מדינית, אבל ראש הממשלה החמיץ את כולן. עכשיו יש גם הוכחה. "
"תן לי לתקן אותך @moshebst. לא צריך להעלות מיסים. צריך להחזיר לאזרחים את הכסף שהממשלה נתנה בהסכמים פוליטיים והנה לך מילארדים למערכת הבריאות. אגב, סגן שר הבריאות ליצמן,  קיבל 4.5 מילארד ש""ח בכספים קואליציוניים. תשאל אותו. "
"באנו לפגוש אתכם הערב ביהוד-מונסון.
מתחילים. "
"אל מול גל האנטישמיות הגואה בעולם צריך לפעול בצורה נחושה. אני מברך על הגינוי המיידי של הרשויות האוסטרליות ובטוח שהם יפעלו במהירות למיצוי הדין עם האחראים.

"
יום שישי. אין כמו לפגוש את עם ישראל. באנו לשנות באנו לשנים. 
"עידן רול הצטרף היום באופן רשמי לרשימה של 'יש עתיד' לכנסת ואני גאה על כך מאוד. יחד נמשיך לפעול למען שוויון זכויות לכולם. 
ברוך הבא למשפחה!
@idanroll "
"נעבור עיר עיר, ישוב ישוב ונבוא לפגוש אתכם. נציג לכם את התכניות ונענה על כל השאלות הקשות. 
תודה על האירוח הערב נתניה. "
העיקר הבריאות. 
"מהגולן ועד ערד, באר שבע ועוטף עזה, אלפי פעילי השטח שלנו יצאו היום לרחובות. כל כך הרבה נשמה וכזו רוח של פעילים ומתנדבים רואים רק ביש עתיד. שבת שלום. "
"שבע שנים עבדנו לקראת הרגע הזה. עכשיו הגיע הזמן.
יש עתיד היא לא מפלגה רגילה, היא תנועת המונים של אנשים שבאו לשנות. בכל נקודה על המפה שמצורפת כאן יש מטות ואלפי פעילים שקמים כל בוקר לעבוד קשה כדי שלילדים שלנו תהיה מדינה טובה יותר. 
באנו לשנות. "
"שמונה בערב. קריית אונו. באנו לפגוש אתכם, פנים מול פנים. 
@pninats "
"פנינה שלנו. לוחמת. המאבק הגאה שלה עם הקהילה האתיופית הוא תזכורת לכך שנציג ציבור ראוי מביא את הכאב והקושי האמיתי ללב השיח פעם אחר פעם ולא מוותר.
@pninats "
"היום שהיה
והפעם עם העפולאים. "
"כשצילה, אמא של @OrnaBarb, היתה בבית החולים, היא אמרה לאורנה, ״אל תחכי לי, לכי להצטרף ליש עתיד״. הבטחתי לה אז שכשהיא תחזור הביתה בריאה ושלמה אבוא לבקר. היום נסעתי לעפולה לקיים את ההבטחה. "
"עכשיו, אחרי שהם לקחו לעצמם 4.5 מיליארד שקל, הם מציעים להעלות מס!
"
"קר בחוץ, מחמם את הלב בפנים. אין כמו לפגוש אתכם בשטח והערב עם 500 תושבים ברמת השרון והסביבה. "
"צה""ל הראשון שמתנדב לסייע למדינות במצוקה. מאחל הצלחה למשלחת החילוץ שיצאה לברזיל.
 @IDF "
כשהליכוד עוזר לחרדים להשתמט מצה״ל. 
ראשי סיירות השטח הם הקומנדו של 'יש עתיד' שמסתובבים בכל הארץ ומפעילים אלפי מתנדבים בשטח. אין עוד מפלגה שיש לה את העוצמה שיש ל'יש עתידניקים'. גאה בהם. 
נזכור ולעולם לא נשכח. 
"אני יודע שזה לא מקובל לשתף פוסט שתוקף אותי, אבל את הפוסט המטורלל האחרון של נתניהו צריך להפיץ.

"
מרגש בכל פעם מחדש. הקהל מריע לאורי ששון שזכה במדליית זהב. בהחלט גאווה אדירה למדינה. 
"זהב!
שגיא מוקי זכה במדליית זהב בגראנד פרי. מוקי, אתה גאווה לכל עם ישראל! "
"שלוש וחצי בבוקר, שעה מצוינת להעיף את ההסתה מהעיניים. ולשנות. "
מאחל לאחינו הדרוזים חג נביא אלח'דר שמח ומשפחתי. כל עוד זה תלוי בי וב'יש עתיד' את החג הבא תחגגו כשזכותכם לשוויון מוכרת גם בחוק הלאום. 
בזמן שישנתם. 
"12 מיליון ש""ח הח""כים יקחו לעצמם לפריימריז? נגרוס ונשקיע חזרה בציבור. "
"שירה, הבאת המון כבוד למדינה תתחדשי על המדליה. תותחית.

"
אני מתחייב. 
חונכים עוד מטה אזורי והפעם בנתניה. 
נוטעים ביטחון בקיבוץ נחל עוז הבוקר כסמליות ברורה לכך שאנחנו פה לתמיד. 
"רנסנס מדיני קווים לדמותו: משבר עם הדמוקרטים, משבר עם יהדות ארה״ב, משבר עם הרוסים בסוריה, משבר עם האיחוד האירופי, משרד חוץ משותק, אבל המון נסיעות ומסיבות עתונאים והיי, כדורגל על החוף.... "
"את מה שקילקלו, אנחנו נתקן! "
"הדרוזים הם שותפינו, אחינו לנשק.

אמרתי לכל פעילי המטה לתיקון חוק הלאום שאירחתי היום בביתי, שאני מתבייש. מתבייש שאזרחים ישראלים, לוחמים, הורים שכולים ונכי צה""ל צריכים לללכת מבית לבית בגשם ובסופה כדי לבקש את הדבר הכי בסיסי - שוויון.יש עתיד מחויבת לתקן את חוק הלאום.
@AmalAsad9 "
"תשמע קטע @netanyahu,
אם למישהו יש כתב אישום הוא לא יכול לרוץ לבחירות. שתפו "
"ראש ממשלה שבטוח שאין כלום כי לא היה כלום, היה צריך לדרוש מהיועמ""ש לפרסם את המסקנות שלו מהר ככל שניתן. "
"מחוברים פלוס
#בחירות2019 "

"כולם מתפרקים, אלינו מצטרפים. אורנה ברביבאי, האלופה הראשונה בצה״ל, הצטרפה הבוקר ליש עתיד. ברוכה הבאה "
"אורנה ברביבאי מצטרפת לצמרת של הנבחרת הטובה ביותר בפוליטיקה הישראלית. הנבחרת שאיתה אפשר לנצח בחירות. הנבחרת שאיתה אפשר, יום אחרי הבחירות, להתחיל לנהל את המדינה לא לטובת הפוליטיקאים, אלא לטובת הילדים שלנו "
מחכים ל-4 מיליון ואחד 
"חמאס ממשיך בארועי טרור ובהפגנות בגדר כי הוא יודע שנתניהו כבר נכנע מזמן. הכסף זורם לעזה, יחיא סינוואר מסתובב כגיבור ותושבי הדרום הופקרו. כך נראת קריסה של הרתעה וכישלון של ממשלה. "

אפילו ביבי מבין 
ראיתי שביבי עקץ אותי על מחירי החשמל על בימת @globesnews אבל הוא לא טרח לציין שמחירי החשמל כשנכנסתי לתפקיד היו בשיא כל הזמנים ואני הייתי זה שהוריד אותם. 
"לפני ארבע שנים הגשנו הצעת חוק פשוטה  - שקביעת שכר חברי הכנסת תהיה בידי ועדה ציבורית ולא בידי חברי הכנסת. מה פתאום שעובד ועוד שליח ציבור! יקבע לעצמו את שכרו? גם השנה, כמו בכל שנה מאז 2015, כל חברי סיעת יש עתיד יוותרו/ יתרמו את תוספת השכר. לא ניקח שקל מתוספות השכר לעצמנו. "
בין המדינות שחתמו על ההצהרה הקוראת לחלוקת ירושלים נמצאת גם פולין. נתניהו גם התבזה ב״חוק הפולני״ והם גם הלכו לו על הראש במדיני. זה מה שקורה כשהאיסטרטגיה היחידה שלך היא מסיבת העתונאים הבאה. 
גאווה והתרגשות 
חדשות טובות מהיום: הסנטורים טום קוטון וטד קרוז הגישו הצעת חוק בסנאט להכרה אמריקאית בריבונות ישראל ברמת הגולן. עוד צעד חשוב במהלך מדיני שאותו אני מוביל בשנה האחרונה. 
Thank you @SenTomCotton and  @SenTedCruz for your resolution calling for recognition of Israeli sovereignty over the Golan Heights. It’s a significant national security issue for Israel and a sign of true friendship. 
"תשאלו את ביבי למה כל כך יקר פה. 

"
"״כך נראה עיוות של האמת. חייבים לשנות את הכותרת ולהתנצל מיד.

This is what a distortion of the truth looks like. The @guardian should change the headline and offer an immediate apology. There can be no comparison between law-abiding soldiers and murderous terrorists. "
This evening I met incoming members of Congress who are visiting with @AIPAC. We discussed the importance of the US-Israel relationship &amp; the reality in the Middle East. Israel must be a bi-partisan issue &amp; I look forward to working with them all on strengthening the relationship 
"נפגשתי הערב עם משלחת של חברי קונגרס חדשים, רפובליקאים ודמוקרטים שהגיעו לישראל עם @AIPAC דיברנו על המציאות במזרח התיכון ועל חשיבות היחסים בין ישראל וארה״ב. 

ישראל חייבת תמיכה דו מפלגתית ולחברים החדשים שלנו בקונגרס יהיה חלק חשוב בחיזוק הקשרים בין המדינות. "
"חברות המזון מעלות מחירים ב-2.5%-4%, החשמל עולה ב-8%. ולפני שראש הממשלה קורא לנו שוב ״חמוצים״, אז שיידע שמחירי החמוצים עלו ב-4.7%. "
"כבר לפני כמעט שלוש שנים ישבתי עם ליברמן והרמנו דגל אדום לממשלה. כבר אז משרד החוץ אמר שיש משבר והמצב רק הידרדר. נתניהו אחראי על פירוק שיטתי של שירות החוץ שלנו, פירוק של מרכיב מרכזי בביטחון הלאומי שלנו.

"
זהירות ספוילר 
"אולי לא כולם מכירים, אבל ג'זמין הוא שיר ג׳אז מעושן, ישן ומופלא של יגאל בשן. תזכורת קטנה איזה זמר מופלא הוא היה
"
החלטת מפלגת העבודה למנות לסגן ראש עיריית חיפה תומך מוצהר של החיזבאללה וה-BDS שהשווה את הציונות לדאעש הוא טירוף מערכות מוחלט. המחנ״צ צריך להורות לעינת קליש רותם לבטל מיד את ההסכם הזה שמחבר אותם לגרועים שבשונאי ישראל. 
"לפני שנה ח""כ עליזה לביא העלתה את הצעת החוק שלה לאיזוק אלקטרוני.  היינו צריכים מחאה של עשרות אלפי אנשים, 24 נשים ששילמו בחייהן ושנה של מקרי אלימות נוספים כדי שרוה""מ יחליט לקדם את החוק. "
"הפעולה הבוקר בצפון אינה מצדיקה את ההפקרות בדרום. תושבי קריית שמונה חשובים כמו תושבי שדרות.

"
Inspiring to light #Hanukkah candles in Jerusalem with 8000 young people from Israel and across the world alongside @naftalibennett and @USAmbIsrael as we celebrate Jewish unity. Chag Sameach! 
"איזו עוצמה ואיזה אור. עם 8,000 בני נוער מהארץ ומהעולם. הדלקת נר שני בבריכת הסולטן עם נפתלי בנט והשגריר האמריקאי.@naftalibennett @USAmbIsrael "
קפה ארוך לפני שבת עם ידידי השגריר האמריקאי דיוויד פרידמן. @USAmbIsrael 
"RT @ruvirivlin: אמש עם לוחמי השייטת. 
היה כתוב להם ביומן אימון. "
"RT @23tv: היה כתוב לי ביומן ״אימון״
  @yairlapid "
"הפוסט שלא רציתי לכתוב, ולמה זה תלוי רק בנו.   "
RT @fcbeitar: היה כתוב לנו ביומן ״אימון״ 
היה כתוב לי ביומן ״אימון״ 
"ככה זה כשאין שר במשרה מלאה. אני כבר שנים מזהיר בדיוק מזה  - נזק שיקח שנים לתקן למערך החוץ של מדינת ישראל. אנחנו לא יכולים להרשות לעצמנו שזה יקרה גם במשרד הביטחון.

"
עוד הוכחה לכך שלא היה שחר לגירסה  כאילו חקירתו של נתניהו היתה מסכנת את עסקת הצוללות.  

הגיע הזמן לעשות סדר. צפו בראיון מהתוכנית ״לונדון וקירשנבאום״ עם אור הלר בערוץ 10. 
נתניהו הפקיר את תושבי הדרום והפקיר את ההרתעה הישראלית. 
אני כעת בשדרות. זה הזמן להפעיל כוח. ארגז הכלים של צהל גדול ולא נוצל. אין הסדרה בלי הרתעה. אסור שהחמאס ינהל אותנו. 
באתי הבוקר לבקר את תושבי עוטף עזה שעומדים בגבורה מול הטרור של החמאס. עם ח״כ @HaimJelin תושב העוטף. 
אתם רציניים? ברור שאנחנו בעד תחבורה ציבורית בשבת. אז למה אסור ששקר מעניין ינצח אמת משעממת? קראו את הפוסט המלא. 
אני מצטרף לקריאתו של ראש הממשלה. השיח המפלג והמסית מסוכן ומפרק אותנו מבפנים. קורא לנתניהו לחתום אתנו על אמנת השיח ולהוביל יחד מהלך למען אחדות מדינת ישראל ועם ישראל. הגיע הזמן. 
"הנצחון הדמוקרטי במירוץ לקונגרס בארה""ב יוצר לא מעט אתגרים לממשלה הנוכחית. והיכן נתניהו טעה ולא הקשיב? קראו: 
"
"הורשעת בעבירה שיש עמה קלון? נהג של שר אתה לא יכול להיות, אבל שר בממשלה - כן. 
האבסורד הזה חייב להיפסק. היום נעלה שוב את הצעת חוק הקלון שלנו. "
תזכורת 
למה התעקשתי להיות שר אוצר לא נחמד שמחלק כספים? קראו את הפוסט המלא: 
"יש ציטוט אחד שנתניהו פחד ממנו באמת במהלך הדיון על חוק הפונדקאות. ציטוט אחד שהוא עשה הכל כדי שאני לא אחזור עליו במליאה. לא הצליח לו.
"
"בזמן כהונתי כשר אוצר תקצבנו את התרבות בסכום הגבוה ביותר בתולדות המדינה. את זה אמרה שרת תרבות מהליכוד. אבל זה לא מפריע למירי רגב לנסות ולהמציא מציאות אחרת
"
"הניצחון של ניסן בן חמו מ״יש עתיד״ בערד הוא ההוכחה שאפשר גם אחרת. 
"
"כל אחד מאיתנו ילך היום לקלפי ויבחר את הנציג שלו לעירייה או למועצה. הבחירה הזו היא הדרך שלנו ליצור עתיד טוב יותר, להיאבק על הערכים שלנו, לשנות את הסביבה שאנחנו חיים בה. 45 רשימות של יש עתיד תתמודדנה היום. בכל הרשימות נשים וגברים מצוינים שבחרו לקום ולעשות במקום לקטר. אז לכו להצביע! "
"השתתפתי הערב בירושלים בטקס לזכרם של הנרצחים מהירי בפיטסבורג ואמרתי כי אני מסרב לחיות בעולם שבו הרוצחים מגדירים לנרצחים מיהו יהודי. אני מסרב גם לחיות בעולם שבו הדבר היחיד שמאחד אותנו הם הזעזוע והכאב. לא תחת עץ המוות אנחנו יושבים, אלא בצילו של עץ החיים. "
"״הגיע הזמן ללכת לבחירות""""  "
העליתי היום את הצעת החוק להגבלת כהונה של ראש הממשלה לשתי קדנציות. נתניהו שלח את יריב לוין לשמור לו על הכסא. זה כל מה שהממשלה הזו עושה כבר שנתיים- שומרת לנתניהו על הכסא. 
"The Palestinian Authority and Hamas systematically torture their own people, abuse journalists and suppress free speech. The silence of the international community is further proof of the absurd hypocrisy when it comes to the Palestinians.
"
"הרשות הפלסטינית וחמאס עוסקים באופן קבוע בעינויים, התעללות בעיתונאים ודיכוי חופש הביטוי. שתיקת הקהילה הבינלאומית היא עוד הוכחה לצביעות שלהם כשזה מגיע לפלסטינים. "
"מברך את חברת הכנסת שלנו, קארין אלהרר על העברת החוק החשוב, חוק שישמור על הילדים במעונות היום. הגיע הזמן לשינוי. גם במעונות היום. "
אנחנו לא חמוצים. אנחנו חרוצים. 
"החדשות : ""בעד הסדרה, אבל לצד הרתעה"".
לפיד מתייחס לכלל הסוגיות בריאיון מיוחד. צפו
"
"בשעה של בישולים ורוגע של שבת, הלב עם החיילים בעוטף עזה. תמונה עדכנית ששלח לי עכשיו חברי ח״כ חיים ילין @HaimJelin תושב עוטף עזה. ככה נראות ארבע שנים של הזנחה מדינית בטיפול בבעית עזה. "
"המדינה באמת מגניבה, הממשלה הרבה פחות. 
לפוסט המלא: "
הערב שומע את התושבים בראשון לציון 
"דמיינו עולם בלי תקשורת חופשית. אם הוא מוצא חן בעיניכם, אתם בצרות גדולות. 
"
"סוף סוף! 
(הצילום מהחשבון של @DaphnaLiel) "
@netanyahu 

"השיקול היחיד של נתניהו הוא פוליטיקה. אין שום דיון ערכי. אין שום דיון על מה טוב למדינה. אין שום עקרונות שהממשלה הזו מוכנה להילחם עליהם. הם עסוקים רק בקואליציה הזו, בקואליציה הבאה, בשותפים, ואיך להישאר בכיסאות. "
אל אל ישראל! 
כשהמדיניות של הממשלה בעזה מתפוצצת כמו בלון. 
עכשיו באולפן וינט הצטרפו 
"הדבר החשוב ביותר שעשתה ניקי היילי באו""ם הוא להגיד את האמת. את האמת הבהירה, הנקייה, הלא דיפלומטית. 
"
"ההיסטוריה של עם ישראל עוברת דרך ירושלים. במקומות שבהם אנו חיים היום, היו חיים יהודים תוססים כבר לפני אלפי שנים. משרד החוץ צריך להציב העתק של האבן המרגשת הזו במטה האו״ם. "
"אמרתי כעת בכנס @INSS_Hebrew כי בטחונה של ישראל יישאר בידיה. אני לא מאמין לפלשתינים. ולפיכך יכולת הפעולה הצבאית של ישראל בכל שטחי המדינה הפלשתינית העתידית תהיה מלאה. מי שיהיה אחראי על ביטחונם של אזרחי ישראל יהיה צה""ל ורק צה""ל. לא כוחות זרים, בטח לא הפלשתינים. (צילום: חן גלילי) "
"הלב עם המשפחות והחברים של זיו חג'בי ז״ל וקים לבנגרונד-יחזקאל ז״ל שנרצחו היום בידי מחבל שפל במקום עבודתם. 
יהי זכרם ברוך. "
"בין השמשות, התוכנית המלאה: "
מתחילים מבראשית. עכשיו בערוץ 11. עם דב אלבוים. מוזמנים לצפות כעת. 
מה שנכון נכון 
עזה בוערת ונתניהו נעלם. 
"פניית הפלשתינים לבית הדין בהאג נגד העברת השגרירות האמריקאית לירושלים היא נסיון התנגחות עלוב שדינו להידחות בבוז. ירושלים המאוחדת היא בירתנו הנצחית ואנחנו לא נקבל שום תכתיבים מהעולם ובטח שלא מאבו מאזן. 
"
למה נתניהו מפסיד חלון הזדמנויות נדיר? 
"נסענו לסוכה של משה ״קינלי״ טור-פז שהוא ותהלה פרידמן הצטרפו ליש עתיד. הרמנו כוסית יחד עם עליזה לביא ואלעזר שטרן שהיה המפקד של קינלי בבה״ד 1 ופנינה תמנו-שאטה שלמדה עם תהילה באותה אולפנה. והיו בדיחות על חילונים ודתיים, ובעיקר אהבה ורצון לשבור את הקירות המגזריים שמפרידים בינינו. "
"בנאום שנתניהו עומד לשאת השבוע באו""ם, לא תופיע פסקה אחת שצריכה היתה להיות בו, קראו: "
"והרי הודעה: אם נקים את הממשלה הבאה הפגנה אלימה כמו זו שנערכה בבני ברק תטופל ביד הקשה ביותר. בלי היסוס.
"
הצעד של פולקסווגן הוא צעד נוסף בכיוון הנכון במלחמה נגד איראן. על ישראל ומדינות העולם החופשי להמשיך ולהילחם במשטר באיראן בכל דרך. 
"ביום הכיפורים אני הולך לתפילת ""כל נדרי"" בבית הכנסת בשכונה. התפילה הזו, היום הזה, הוא של כולנו, כי אף אחד לא טוען שהוא שלו.

וביום הזה אין ברכה גדולה יותר מהיחד. כפי שנאמר בתפילת עמידה: וּבָרְכֵנוּ אָבִינוּ כֻּלָּנוּ כְּאֶחָד בְּאור פָּנֶיךָ. "
"יהדות אתיופיה היא אחת הקהילות היהודיות הותיקות ביותר בעולם. הגזענות נגד יוצאי אתיופיה היא תופעה מבישה ומכעיסה. מי הם הרבנים שיחליטו שהם יהודים יותר מיהודי אתיופיה? נאבק ונפעל נגד כל גזענות דתית ועדתית. מחר יחול יום הכיפורים, הרב הראשי של קרית גת הגיע הזמן לבקש סליחה. "
"ב-1 לינואר שוב הח״כים יעלו לעצמם את השכר ב-3%, כמו בכל שנה, כי הבושה מתה בכניסה למשכן.
השוטרים ששומרים עלינו לעומת זאת, מחכים כבר 12 שנה לעדכון שכר. 
יש עתיד כרגיל תהיה היחידה שתתנגד להעלאה המבישה הזו, והיחידה שבה הח״כים תורמים את ההעלאות לארגונים הומניטריים. "
"מברך את ממשלת בלגיה על ההחלטה להפסיק לממן את משרד החינוך הפלסטיני שמעודד טרור. הגיע הזמן שמדינות אירופה יעצרו גם את הכספים לאונר״א. 
"
"הקונגרס עצר בשלב זה את העברת מטוסי ה-F35 לטורקיה. נמשיך לעבוד על העברת קווי הייצור והטיפול במנועים מטורקיה לישראל. החודש נפגשתי עם נציגי לוקהיד מרטין ועם נציגי התעשיות הבטחוניות בישראל בנושא. בעקבות פנייתי, שר הבטחון העביר לפנטגון את עמדת ישראל בעניין. יותר מאי פעם, זה אפשרי "
"ברכות וכבוד ללינוי אשרם על מדליית כסף באליפות העולם! סגנית אלופת עולם בהתעמלות אומנתית 2018. מתרגשים איתך.

"
"לנהוג בבריונות ובחוסר כבוד כלפי עובד ציבור זו לא מחאה, זה איבוד שיקול דעת ואובדן ערכים בסיסיים. "
הצטרפו לסיור הסליחות: 
היהדות היא לא של הרבנות הראשית. היא של היהודים. מברך את ההחלטה האמיצה של בית המשפט המחוזי בירושלים להכיר בגיור מחוץ לרבנות. נמשיך להלחם למען היהדות ונגד ניסיונות העסקנים הדתיים לנכס אותה לדרכם. 
"יש דבר כזה ישראליות, יש עם מי ומה להזדהות. "
"כבר שנה חמישית ברציפות אנחנו עושים את ארוחת ראש השנה של יש עתיד לניצולי השואה. אירוע שמח. אוכל, מוזיקה, בעיקר להזכיר להם, ולעצמנו, שעם ישראל הוא משפחה. "
שנה טובה! 
"שתי דוגמאות למי אנחנו לא. 

מצד אחד קיצוניים שרודפים בטבריה אחרי נערה כי התלבשה ״לא צנוע״. 

מצד שני, ירידה מתוקשרת מהארץ של שחקן תיאטרון מהשמאל הקיצוני שויתר על החלום הציוני. 

זה וזה אינם מיצגיים את הרוב המוחלט והגמור של אזרחי מדינת ישראל. "
"ממשיכים לחרוש את הארץ, הערב בחיפה "
"אחרי שעשינו את הכנס הגדול בכנסת ואחרי שהייתי בסנאט כדי לקדם את הריבונות הישראלית ברמת הגולן, הדליפו אנשי נתניהו שהשגריר מתנגד. עכשיו האמת יוצאת לאור. נתניהו תתנצל. "
אל תמצמצו 
"מול המתקפה הזו על הערכים והממלכתיות, המתקפה על הביחד הישראלי – יש רק פתרון אחד: לנצח בבחירות. הצטרפו לשידור החי "
"This morning I sent a letter to Lana Del Rey. Instead of falling for the lies of the BDS movement, she should take the time to learn the truth about Israel. "

אנחנו מוכנים. וזה מה שנעשה בחינוך 
מצדיע 
"הסכסוך שמוביל לפגיעה בנציגויות ישראל מתמשך כבר שנים מסיבה אחת: אין באמת שר חוץ למדינת ישראל. נתניהו עסוק בפוליטיקה והאזרחים, כרגיל, הם הנפגעים. 

"
"מדינה נמדדת ביחס שלה לאנשים מבוגרים. בישראל 2018 יש תעשייה שלמה שמנצלת את חולשותיהם של קשישים כדי לעשות עליהם קופה. בפתיחת מושב החורף נגיש הצעת חוק שתחמיר ענישה למי שינצל קשישים. הצעת החוק תיתן מענה אגרסיבי להונאה של קשישים באמצעות חיוב של תשלומים בכרטיסי אשראי, או כל ניצול אחר. "
נתניהו ממשיך לפחד מהחרדים. הגיע הזמן להעביר את חוק הגיוס. 
"פניית הח״כים הערבים לאו״ם היא חרפה וחתרנות. בשום מקום אחר חברי פרלמנט לא פועלים ככה נגד המדינה שלהם. 
"
"טוב עשה זהבי שהתנצל, ברוך השב!
״ערן זהבי חוזר לנבחרת ישראל״

"
"Thank you to @usembassyjlm and @USAmbIsrael for the the Rosh Hashana greeting. The real gift this year is that it comes from Jerusalem, the eternal capital of the Jewish people. "
מרגש שברכת השנה החדשה מגיעה לראשונה משגרירות ארה״ב מירושלים. 
John McCain was an American patriot and a true friend of Israel. A soldier with integrity in a world of politicians. May his memory be a blessing. (May 2016) 
לשם שינוי גפני צודק. נתניהו כבר לא יודע מה קורה במדינה. קרה לו משהו. 
כבר היינו בסרט הזה. פקקי ענק שמשתקים את החיים של כולנו בגלל הכניעה של נתניהו לחרדים בעבודות הרכבת בשבת. אסור לתת לזה לקרות שוב. את העבודות על הגשר צריך לעשות בזמן שפוגע הכי פחות בחיי האזרחים. @YakiAdamker 
"יש עתיד פונה לוועדת הבחירות המרכזית ומציעה לעדכן את החוקים הנלחמים ב""פייק ניוז"". אני לא מציע שנפסיק להתווכח – אלא רק לוודא שהויכוח מבוסס על עובדות אמיתיות ולא על הכפשות שיקריות. "
12 שניות: 
"לא צריך שוב להכנע לחרדים, אפשר להעביר את חוק הגיוס. "
"אחרי סיור בעיר שדרות. תושבי העיר לא ישנו בלילה. לא ייתכן שילדי שדרות היו ערים בממ""דים ויחיא סינואוור ישן במיטתו. בטווח הקצר, צהל צריך להיכנס בהם בכל הכוח. בלי להסס, בלי לחשוב, ובלי לדבר עכשיו על הסדרה. בטווח הבינוני אפשר לחזור ולדבר על הסדרה. "
"את החניכים שהפנו את גבם למדריכת הצניחה יש להדיח. זו לא רק שנאת נשים, זה גם מרד. "
בבחירות הבאות; הערכים נוהרים לקלפיות 
"מברך את רס״ן ג׳ על מינויה למפקדת טייסת מטוסי הביון ״נחשון״ בחיל האוויר. כבוד וגאווה לחיל האוויר, צה״ל ולמדינת ישראל. ג׳ מתרגשים איתך. (צילום: דו״צ). "
"אם נבחר להוביל, אלה החוקים שנבטל, נתקן או נחזיר: "
"הכי פשוט בעולם: האחיות צודקות. 
"
"החלטת דרעי להפעיל את חוק המרכולים לא תעבור בשקט. לא יגידו לנו איך לחיות, איפה לקנות ומה לעשות בשבת. כמו בלימודי הליבה, בגיוס, בפונדקאות ובהעברת תקציבי עתק לישיבות נתניהו ממשיך להכנע לחרדים בכל דבר. פוליטיקה צינית מפרקת את הישראליות מבפנים ואנחנו נלחם בה בכל מקום. "
"לפני שנה הגעתי לרומניה לכבד את זכרו של ניצול השואה אלי ויזל, חבר של אבי. אתמול פושעי שנאה ריססו כתובות נאצה אנטישמיות על המוזיאון להנצחת שמו. אני קורא לממשלת רומניה לגנות בתוקף את מעשי השנאה הללו. "
"לא באנו אתמול לכיכר בגלל מצבה של המדינה, באנו להלחם על הנשמה של המדינה. באנו להיאבק על הישראליות. על הביחד שלנו. באנו לעצור את הנסיון של נתניהו לגרום לנו לשקוע בתרבות של שנאה וכעס. עמדנו שם כי אנחנו מאמינים שיש דבר כזה ""אנחנו"". שמה שמחבר אותנו חזק יותר מכל הנסיונות לפצל ולשסע. "

"אני בעד חוק הלאום של העם היהודי, בעד הדגל הכחול לבן ההמנון והזהות היהודית, אבל לא בעד חוק לאום הזה, שפוגע ומעליב אזרחים ששירתו בצבא ומאמינים במדינה. עם אחינו בכיכר. 

מתוך פגוש את העיתונות. "
אפשר היה אחרת. אפשר היה להעביר את חוק הלאום בלי להעליב אף אחד. אם הליכוד היה מצביע בעד הצעת חוק הלאום של בני בגין. היינו הולכים איתם יחד. 80-90 ח״כים שתומכים בהגדרתה של ישראל כמדינת הלאום של העם היהודי בלי לפגוע בלוחמים הדרוזים ובלי סכסוכים ופיצולים בתוכנו. אבל לנתניהו קרה משהו. 
"נפגשתי עם מופיד מרעי, יו""ר הרשויות הדרוזיות. לפני שנים כתבתי עם אחיו, נביא מרעי ז״ל, את המנון גדוד חרב. הבטחתי שנבוא להפגנה במוצ״ש כי את חוק הלאום הזה צריך לתקן. לנו ולבני בגין יש חוק לאום טוב. אנחנו בעד הרעיון שישראל היא מדינת הלאום של העם היהודי אך לא ניתן שיפגעו באחינו הדרוזים "
לאור הגילוי של גפני על הדיל עם נתניהו - שינויים בחוק הגיוס תמורת תמיכה בחוק הלאום - מסתבר שנתניהו מכר לחרדים את חיילי צה״ל היהודים  רק כדי שיוכל למכור את חיילי צה״ל הדרוזים. 
"נפגשתי כעת עם היחידה לפיקוח על נושאים מסווגים בבית הנבחרים של יפן, המקבילה ועדת המשנה למודיעין שלנו. שוחחנו על האתגרים המשותפים בעולם המודיעין המודרני והטכנולוגיות המתקדמות בתחום. "
"ביקרתי היום במכון ויצמן. זהו אי של יצירתיות שמשנה חיים - החל מבריאות, דרך טכנולוגיות דמיוניות ועד היסוד החשוב במדינה: החינוך מדעי. צריך לחשוב לטווח ארוך ולבנות עוד 'מכון ויצמן' בדרום ובצפון. זה אמנם לא פרויקט שייתן תפוקות בטווח הקצר, אך אחריותה של הממשלה הוא להניח תשתיות לדור הבא "
"בבקעת הירדן פגשתי היום את יאיר אזולאי. חקלאי מתוך אידיאולוגיה שלא ויתר ל-bds, רתם את החדשנות והטכנולוגיה הישראלית נגד כל הסיכויים והגיע ליבול של 1.2 מיליון אננסים. זה הסיפור של העתיד. זה הסיפור של יש עתיד: לא לוותר, לקחת יוזמה, לזהות הזדמנויות איפה שאחרים רואים מכשולים ולשנות. "
"נתניהו אומר ״טוב פה״. אבל למי? 
"
"הישג ענק! כל הכבוד לנבחרת העתודה של ישראל על זכייתה באליפות אירופה. גאווה כחול לבן. 
"
"חזרתי עכשיו מהכיכר. עמדנו שם יחד, עשרות אלפי אנשים שבאו להלחם על הישראליות, על הזכות הבסיסית של כל אדם להיות אבא או אמא, וגם על הזכות של כל אזרח שראש הממשלה לא ירמה אותו. @GermanYael1 "
"עם @miriam_peretz במעלה אדומים. היא אומרת שהעם הזה בנוי על מחלוקות. זה מה שמעניק את הזוית השונה. אבל צריך לדעת ללמוד להקשיב ולהקשיב מתוך אהבה. 
ואני עונה לה: בכל שבוע אני שומע ממשהו אחר שמייעץ לי: תזכור שפחד עובד יותר מתקווה. אני לא מקשיב להם. אסור להקשיב להם. "
אפשר גם אחרת. 
"קיצונים ביצהר פצעו היום לוחמת משמר הגבול שהוצבה שם כדי להגן על חייהם. נתניהו לא יכול לשתוק. הוא צריך לגנות אותם ולקרוא להם בשמם: הם טרוריסטים, וצריך להגיב אליהם כמו לטרוריסטים. מי שתוקף את הלוחמים והלוחמות שלנו מקומו בכלא, ולהרבה מאוד זמן.

(צילום: דוברות משטרת ישראל) "
"שיקר, ועוד איך שיקר. "
מצדיע למרגרט הודג׳! 
"אחרי הדברים שצוטטו מפוטין וטראמפ בהלסינקי על נתניהו, כדאי לשמוע את הדברים המלאים שנאמרו שם: פוטין אמר שההסדרה בסוריה צריכה להיות ״בהתאם להחלטה 338 של מועצת הבטחון״. החלטה שמדברת על: פינוי ישראלי של רמת הגולן. בדיוק מפני זה אני מזהיר כבר חודשים ארוכים. "
"למרות כל חילוקי הדעות, מברך את נתניהו על תמיכתו המפתיעה בקהילה הלהט״בית. אם הוא באמת התכוון לזה ויגלה מנהיגות ואומץ, נוכל להעביר מחר יחד את התיקון לחוק הפונדקאות שיאפשר גם לזוגות חד מיניים להיות הורים. "
"אם זה אפשרי, למה לא עשית את זה קודם? אם זה בלתי אפשרי, למי בדיוק אתה מחלק הוראות? "
"ביקרתי היום בעוטף עזה. צה״ל חזק, התושבים חזקים, ולא ניתן לחמאס לייצר משוואה חדשה שבה ישראל לא מגיבה על טרור העפיפונים והבלונים. ככה לא מנהלים בטחון. "
"בפעם הבאה שנתניהו מוכר לנו ש""הכל טוב"", תשאלו למי? כשהשדות נשרפים והילדים בממ""דים לא הכל טוב. הלב עם תושבי הדרום ביום הזה. אני מצדיע לשקט שלהם, ליכולת העמידה. מגיע להם יותר. הרבה יותר. "
מבהיר: הכנסים של יש עתיד פתוחים לתקשורת ונשמח אם תבואו יותר. היה מפוצץ אתמול באשקלון במאות אנשים ובאמת חבל שלא דיווחו על זה. השארתי הודעה לכתב החרדי שנמנעה כניסתו  והסברתי שמדובר בתקלה ושהוא מוזמן לכל הכנסים של יש עתיד מעתה ועד עולם כאורח אישי שלי. 
"מברך בגאווה את ליאל לויטן אלופת אירופה בשחמט לתלמידות עד גיל שבע.
איזה קסם, ילדה שיודעת לתכנן מהלכים ברמה בינלאומית, וכמה גאווה שההמנון של מדינת ישראל יתנגן בטקס בפולין בזכות ילדה בת שבע. (צילום: מועדון השחמט חיפה). "
מחר הקואליציה צפויה להעביר 10 מיליון שקלים של כספים קואליציוניים תחת הסעיף ״תרבות יהודית״. כבר שבועות שלוחמי האש בעוטף עזה מתחננים ל-10 מיליון שקלים לאמצעי מיגון וציוד לכיבוי אש. האם יש דבר שהוא יותר ״תרבות יהודית״ מהגנה על חיי ילדים מפני שריפות? 
"קראו את הדברים שכתב ברוך מילך בפולין ב-1944, בשעה שהסתתר גם מפני הפולנים וגם מפני הגרמנים. חשוב במיוחד לנוכח ההסכם המופרך שחתם נתניהו עם פולין. "
"כשמדובר ביהודים, האו""ם הפך לארגון עוין ומוטה, שמשקר באופן עקבי. כנס שערכתי כעת בכנסת עם ארגון @UNWatch @HillelNeuer ובהשתתפות השרה איילת שקד ובוז׳י הרצוג קראנו למדינות המערב לא להתעלם מהאנטישמיות בארגוני האו״ם. "
"This is a tough report by @UNWatch @HillelNeuer - the overall conclusion is clear: When it comes to Jews, when it comes to Israelis, the UN has become a hostile &amp; biased body. The organization which is meant to fight antisemitism, is itself guilty of antisemitism. #UNantisemitism "
"אחרי כל הספינים, העובדות:  היועץ המשפטי של משרד הבטחון מאשר שיש בחוק הגיוס סנקציות פליליות. @attaliami @Elazar_stern "
מזה בדיוק הזהרתי את נתניהו. אסור היה לו לנהל מו״מ עם הפולנים. על זכר הנספים לא מנהלים מו״מ. 
"יום עצמאות שמח לארה״ב, ידידתנו הקרובה ביותר "
אנו מחויבים להכרה ברצח העם הארמני. הגיעה העת שהממשלה תעשה את הדבר המוסרי והנכון בנושא החשוב הזה. נפגשתי כעת בכנסת עם השגריר הארמני לישראל ארמן סמבטיאן והודעתי לו שאעלה שוב להצבעה את החוק להכרה ברצח העם הארמני. 
"החוק לקיזוז כספי טרור מהרשות הפלסטינית, שיזם חברי הכנסת אלעזר שטרן ואבי דיכטר אושר בקריאה שלישית בכנסת. ברכתי את סטיוארט אביו של טיילור פורס ז״ל שבהשראתו נחקק החוק הישראלי בנושא. "
We just voted and passed the Israeli version of the Taylor Force Bill which cuts funding that the Palestinians use to pay terrorists for their crimes. Before the vote I met Taylor’s father and thanked him for his strength and for everything he has done to honor his son’s memory. 
"המחנ״צ איבדו את זה. חברו למשותפת והזמינו מחר לכנסת את ״שוברים שתיקה״, ״בצלם״ וכל תומכי ה-BDS לכנס ״ילדים תחת כיבוש״. מתנה לאוייבי ישראל. "
"האם נצביע בעד חוק הגיוס? 
"
"יש לנו ידידים רבים בארה״ב. דמוקרטים ורפובליקנים. חייבים לשמר את האהדה הדו-מפלגתית לישראל. התראיינתי אצל וולף בליצר @wolfblitzer @CNN ובנושא הפלסטיני עניתי לו שאנו עושים את אותו הדבר שוב ושוב ומצפים לתוצאות שונות. הגיע הזמן שהדברים יעשו אחרת. הנה: 
"
"הנסיון הבזוי של ״שוברים שתיקה״ לפגוע ב״תגלית״ הוא הוכחה נוספת לכך שהם חלק מתנועת ה-BDS ומנסים לפגוע במדינת ישראל ובעם היהודי.
"
מסיים שבוע של עבודה בוושינגטון למען הגולן. 
"בעוד כמה שעות, כשתעמדו על מגרש המסדרים בבסיס חצרים, יביטו בכם ההורים שלכם, המפקדים, החברים, האנשים הכי יקרים לכם. אבל לא רק. גם מדינה שלמה שגאה בכם לוחמי קורס-טיס 176. אתם תמשיכו להצטיין ואנחנו נמשיך לפעול למען עתיד טוב יותר. "
"Met with my friend, and a great friend of Israel, @Lindseygrahamsc who heads the State and Foreign Operations Appropriation Committee of the Senate. We discussed the new threats facing #Israel on our borders and the need for increased missile defense support for Israel "
"אחרי שיחה עם הסנטור לינדזי גרהאם, ראש ועדת תקציב החוץ של הסנאט. לאור התעצמות החיזבאללה והמעורבות האיראנית דיברנו על הצורך להקצות לישראל תקציב מיוחד להגנה נגד טילים. "
Great meeting with House Minority Leader @NancyPelosi today. Israel needs to maintain bi-partisan support and remain above internal politics. 
נפגש כעת עם מנהיגת המיעוט חברת הקונגרס הדמוקרטית ננסי פלוסי. חשוב מאוד לשמור על האהדה הדו-מפלגתיות בארה״ב לישראל. ממשיכים בעבודה כאן בוושינגטון. 
חרפת החוק הפולני. בדיוק מזה הזהרתי את ראש הממשלה. 
Great to see my friend @PeterRoskam again this morning. His strong support for Israel and opposition to Iranian terror is crucial. 
סיימתי כעת פגישה עם חבר הקונגרס הרפובליקני פיטר רוסקאם. יש כאן הקשבה רבה לנושא שאני מעלה לקידום הכרה בינלאומית בריבונות ישראל ברמת הגולן. 
Thank you for a great meeting and your support for Israel. We will keep working together to strengthen the US-Israel relationship. 
תודה על המפגש המרתק והשותפות בדרך. ממשיך יום של פגישות בוושינגטון עם חברי קונגרס וסנאטורים. 
ממשיך בביקור המדיני בוושינגטון במטרה לקדם הכרה אמריקאית בריבונות ישראל על רמת הגולן. התראיינתי אצל וולף בליצר ברשת cnn ועמדתי על חשיבות התמיכה הדו מפלגתית בישראל. 
"קיימתי כעת בוושינגטון שיחה עם ידידי, הסנטור הרפובליקני המשפיע טום קוטון, על הצורך בהכרה אמריקאית בריבונות הישראלית על רמת הגולן ועל שורה של נושאי ביטחון לאומי (וגם קצת סיפורים על שירותו הצבאי באפגניסטן) "
"הדרישה למנוע מיוצאי אתיופיה לעבוד בייצור יין ביקבי ברקן מטעמי כשרות מקוממת כל אדם. כל יהודי. בני העדה הם בשר מבשרינו, יהודים הם לכל דבר ועניין. "
Today at @BrookingsFP I told them clearly – Recognizing Israeli sovereignty over the Golan is historically just and strategically smart.  This is the time. #IsraelsFuture 
מול 100 אנשי ממשל ומובילי דעת קהל במכון ברוקינגס @Brookings אמרתי היום: ההכרה בריבונות הישראלית בגולן היא צדק היסטורי והחלטה חכמה מבחינה אסטרטגית. זה הזמן. #IsraelsFuture 
"מסיים כעת ביקור בעוטף עזה. נפגשתי עם לוחמי האש, הרבש״צים ועם ראש המועצה האזורית אשכול גדי ירקוני ואני מלא הערכה אליהם. אך לא רק השדות נשרפים בעוטף עזה, גם ההרתעה הישראלית נשרפת. כשאין מדיניות יש פחדנות. הפתרון הוא מקל הרבה יותר גדול וגזר הרבה יותר גדול. "
"Two years ago we organized a protest of hundreds of people outside the UN Terrorist Rights Council because it had become an antisemitic institution. I met with the US Ambassador and called on him to quit the broken council. Today, I thank President Trump for standing with Israel. "
לפני שנתיים הפגנתי יחד עם מאות אנשים מול מועצת זכויות הטרוריסטים של האו״ם שהפכה למוסד אנטישמי ומוקד לשנאת יהודים. נפגשתי אז גם עם שגריר ארה״ב למועצה כדי לקרוא לפרישה מיידית של ארה״ב מהמוסד המקולקל הזה. מברך הבוקר את הנשיא טראמפ על העמידה לצד ישראל. 
"האם איילת שקד באמת מעוניינת להזכיר לציבור איך היתה שותפה מלאה בחוק הגיוס של יש עתיד ואז במהלך של ציניות פוליטית גמורה הצביעה לביטול
החוק שהיא קראה לו ״היסטורי, חשוב, וחוק שאני גאה בו.״ "
"בדיוק בנושאים האלה, אין זמן לבירוקרטיה. חייבים להגן על הילדים. "
"הצעירים החרדים רוצים לעבוד, רוצים להיות חלק מהחברה הישראלית. בסופו של דבר אנחנו לא נגדם. הגיוס לצה״ל יאפשר להם להשתלב בחברה הישראלית. הערב ב״לפני החדשות״ אצל אודי סגל אמרתי זאת. "
"השר אקוניס משתמש בשמו של אבי ז""ל כדי להסביר למה נכון להתנגד לחוק המושחת של הכספים הקואליציוניים למפלגות החרדיות. בושה! זה מה שעניתי לו "
"נפגשתי הבוקר עם קנצלר אוסטריה @sebastiankurz. דנו בחשיבות האסטרטגית של רמת הגולן ועל כך שהגיע הזמן שאירופה תכיר בריבונות ישראל ברמת הגולן. סבסטיאן קורץ מביא איתו רוח חדשה ויש לנו הזדמנות מול אירופה, רק צריך לעבוד בזה. 

(צילום: אבי חיון) "
On the issue of the #GolanHeights there is no opposition and coalition. Now is the time to recognize Israeli sovereignty 
"קראתי הבוקר לנשיא ארה""ב ולמנהיגים באירופה: עשו את הדבר הנכון. הכירו בריבונות הישראלית על רמת הגולן. שמח שלכנס שיזמתי בנושא בכנסת היום, הגיעו ח״כים ודוברים מסיעות שונות בבית "
"אם כבר אחים, אז מפרגנים לאמא. @naftalibennett "
"כשהייתי שר האוצר אחרי צוק איתן הבאנו תכנית סיוע גדולה למשך ארבע שנים לשדרות ויישובי הדרום. צריך עכשיו לחזק את האזור לארבע שנים נוספות, צריך להאריך את התוכנית ולהשקיע תקציבים כמו שאנחנו הבאנו. בפגישה עם ראש עיריית שדרות, אלון דוידי וח״כ חיים ילין. @HaimJelin "
"נתייצב מול טרור העפיפונים וירי הרקטות בעוצמה ובכוח מול החמאס, אבל הממשלה חייבת במקביל לייצר מדיניות שאומרת מה אנחנו עושים מחר במקום לחכות לסבב הבא. הבוקר בביקור בעוטף עזה. "
Thank you Ambassador for your immediate and unambiguous condemnation of this act of terror 
"בפגישה עם משלחת חברי קונגרס אמריקאים בכנסת. דנו באתגרי הביטחון של ישראל, על הסכנה בהתבססות האיראנית בסוריה ועל חשיבות התמיכה הדו מפלגתית בישראל. ציינתי בפניהם כי קיימת כעת הזדמנות להכרה בינלאומית ברמת הגולן כחלק בלתי נפרד ממדינת ישראל. "
"Met today with a Congressional delegation. We discussed Israel’s security challenges, danger of Iranian entrenchment in Syria &amp; the importance of bipartisan support for Israel. I outlined the opportunity for international recognition of the Golan as an inseparable part of Israel. "
"בסיור מדיני בטחוני בגבול הצפון יחד עם 40 שגרירים מכל העולם. הצטרפו אלינו לסיור סגן הרמטכ""ל במלחמת לבנון השנייה, האלוף במיל' משה קפלינסקי, אלוף פיקוד צפון והשר לשעבר יוסי פלד, המשנה לראש המוסד, רם בן ברק, וראשי המועצות בצפון. "
The latest resolution against Israel by the UN Terrorist Rights Council is another in a series of decisions which aren’t only antisemitic but also based on lies written for the council members by terrorist supporters. 
ערב טוב פתח תקווה. אם המושבות. 
ישראל מפסידה בקרב ההסברה למרות שאנחנו הצד הצודק. אני דורש מראש הממשלה להניח את השיקולים הפוליטיים והמפלגתיים בצד למנות מיידית שר חוץ במשרה מלאה ולהפקיד בידיו את הטיפול בהסברה. 
"נפגשתי הבוקר עם ארבעה סנאטורים מרכזיים מארה""ב. הודתי להם על העברת השגרירות לירושלים. דיברנו על תפקידה של ארה""ב במזה""ת וכיצד היא יכולה להשפיע ולסייע באתגרים הבטחוניים בגבול הצפון ונגד ההתבססות האיראנית בסוריה. @tedcruz @senMikeLee @senDeanHeller @LindseyGrahamSC "
"כשרוה""מ טועה, הציבור צריך לדעת את זה. הוא עשה טעויות חמורות בשבועות האחרונים. מופעי קלסרים הם לא תחליף למדיניות סדורה. ישראל הייתה פה גם לפניו ותהיה פה גם אחריו. האופוריה של היום בבוקר. דיבורי הרהב של השרים. הם כבר לא יודעים להבדיל בין עוצמה ליהירות. זה חוסר אחריות לאומי #HC18 "
"Morocco also understands - #Hezbollah and #Iran don’t just threaten Israel but any country where they are allowed to get a foothold. This time it’s Morocco, next time it will be in Europe. It’s time for the @eu_eeas to ban all of Hezbollah: "
"נפגשתי הבוקר עם שגרירי האיחוד האירופאי לדיון מדיני-בטחוני. דנו בהשלכות של הסכם הגרעין עם איראן ובמתיחות הבטחונית מול סוריה ועזה. כחלק ממהלך מדיני אותו אני מוביל, ביקשתי מהשגרירים לפעול להוצאת חיזבאללה מחוץ לחוק באירופה על מנת לעצור את נתיבי הכסף של חיזבאללה "
רגע לפני שהיא מסכסכת אותנו אחד נגד השני באופן שלא יהיה ניתן לשיקום. רגע לפני שהיא משחיתה באופן סופי את המדינה הנהדרת והמופלאה שלנו. הגיעה זמנה של הממשלה הזו ללכת הביתה ולא לחזור 
"נפגשתי עם ידידי נשיא הבודנסטאג, וולפגנג שויבלה. דיברנו על מהלכים שהפרלמנט הגרמני יכול ליזום בנושא חיזבאללה. כולנו צריכים להילחם יחד בטרור דרך שיתוף פעולה מודיעיני, בטחוני ומדיני "
"Met with my old friend, President of the #Bundestag Dr. Wolfgang Schäuble. I told him that the #German parliament should take the lead in banning all of #Hezbollah. We all have to fight terrorism together through intelligence, security and diplomatic cooperation "
Finished an important meeting with the Chair of the #Bundestag Defense Committee @HellmichMdB. I made clear that #Israel will always defend itself by itself and we look to our friends for diplomatic support – starting with the banning of #Hezbollah in Europe 
"הבוקר, מול קבוצה של עשרות חברי פרלמנט גרמניה מכל הקשת הפוליטית, אמרתי שהאינטרס הביטחוני שלנו הוא גם הבעיה שלהם. בעיות שמתחילות במזרח התיכון, מגיעות גם לאירופה. לכן על אירופה לפעול יחד עם ישראל נגד התוקפנות האיראנית ולהביא להוצאת חיזבאללה מחוץ לחוק "
"Landed in #Berlin to continue our effort to convince the EU to ban all of Hezbollah. When I heard a community leader recommend Jews don’t walk the streets with a kippa, I decided to put on a kippa and rally with hundreds of Jews and non-Jews to say “we won’t let antisemitism win” "
"נחתי הבוקר בברלין כחלק ממאמץ לגרום לאיחוד האירופי להוציא את חיזבאללה מחוץ לחוק. אבל ברגע ששמעתי שראש הקהילה כאן המליץ ליהודים לא להסתובב עם כיפה, הלכתי וקניתי את הכיפה הכי גדולה שאפשר היה למצוא, ובאתי להפגנה של מאות יהודים טובים וגם גרמנים שבאו לומר: אנחנו לא ניתן לאנטישמיות לנצח "
"Great meeting with the leader of @fdp Christian Lindner @c_lindner , in #Berlin. In depth discussions on the importance of banning all of #Hezbollah in Europe and on Iran’s aggressive and destabilizing behavior in the region "
"אתמול, ערב יום הזכרון, נשלח אלי הסרטון הזה: "
"אנחנו זוכרים את מי שהם היו, אבל הכאב האמיתי הוא בגלל מי שכבר לא יהיו. יהי זכרם ברוך "
יש עתיד חילקו היום אלפי דגלים וסטיקרים ברחבי המדינה ובעוטף עזה שכתוב עליהם עם ישראל חי. עם ישראל חי ומטייל ונהנה והוא עושה את זה בזכות חיילי צה״ל. 
"1945 אבי וסבתי הובלו לנהר הדנובה. כשנשמע רעש מטוסים השיירה התפזרה בפחד. אבא וסבתא נכנסו לבית שימוש ציבורי וכשיצאו, לא היה איש באזור. שנים אחר כך סיפר לי אבא ששם הוא נהיה ציוני. כי כשילד קטן עומד בשלג עם טלאי צהוב ורוצים להרוג אותו כי הוא יהודי הוא צריך מדינה שבה זה לא יכול לקרות "
והנה התמונה:#שערהדמוקרטיההישראלית 
"במפגש הערב עם חברי משלחת מטעם מפלגת השלטון בסין, שוחחנו על יחסי סין-ישראל, המצב במזרח התיכון ועל מעורבות ישראל בפרויקט ""דרך המשי החדשה"" של נשיא סין, שי ג'ינפינג "
חג חירות שמח ! Happy #Passover 
מרץ 2016. שנתיים מהפגנה מול בניין מועצת זכויות הטרוריסטים בז׳נבה. כלום לא השתנה. 
הגיע הזמן שארה״ב וישראל יעזבו את מועצת זכויות הטרוריסטים של האו״ם יחד עם המימון! 

מסורת זו מסורת. גם השנה הגעתי לסייע באריזת חבילות מזון לחג הפסח. חברי היקר הרב יצחק דוד גרוסמן מקיים את המצווה הגדולה הזו כבר 15 שנה 
בעקבות מכתבה של שרת החוץ של האיחוד האירופי אני קורא לראש הממשלה ומשרד החוץ לפנות כבר מחר בבוקר בדרישה רשמית לכל מדינות האיחוד להוציא את ארגון החזבאללה על כל זרועותיו אל מחוץ לחוק. יש כאן הזדמנות אמיתית. 
"הערב במרכז לחקר בטחון לאומי (nssc) @Uhaifa בחיפה. דיברנו על האתגרים הבטחוניים של מדינת ישראל, על הסכם הגרעין והתבססות איראן בסוריה וגם על תפקידה של הנהגה אחראית בהתווית סולם הערכים של מדינת ישראל. "
RT @aliza_lavie: העברנו את חוק קיזוז כספים לרשות הפלסטינית בשל תמיכתה בטרור בקריאה ראשונה. ברכות לחברנו @Elazar_stern @avidichter 
"RT @Elazar_stern: סוף לאבסורד המשכורות למחבלים:
הלילה העבירה מליאת הכנסת את הצעת חוק: ""קיזוז כספי טרור לרשות הפלסטינית"" ביוזמתי... "

"אחרי חוק המרכולים הגיע חוק המשתמטים. החוק הזה הוא עלבון לחיילי צה""ל, למדינת ישראל והוא עלבון לתורת ישראל. בשום מקום בתורת ישראל לא כתוב שמותר להשתמט משירות לאומי. החרדים פשוט מנצלים את חולשתו של נתניהו בגלל החקירות כדי לדרוס את הציבור החילוני, הדתי והמסורתי במדינת ישראל. "
"הצטרפו למסע שלנו גם בערוץ הטלגרם: 
"

"סיימתי הרגע פגישה עם שרת החוץ של האיחוד האירופי @FedericaMog, שבה הסברתי את החשיבות העליונה להוציא את כל ארגון החיזבאללה מחוץ לחוק באירופה. אסור לנו לאפשר לארגוני טרור לפעול בתוך אירופה.

(צילום: European Union) "
"I just finished a meeting with #EU Foreign Minister @FedericaMog in which I stressed the importance of the European Union banning all of Hezbollah. We cannot allow #terrorists to operate in the European Union.

(Photo by: European Union) "
"נפגשתי היום עם שגרירים לאיחוד האירופי כחלק ממהלך מדיני שאני מוביל להוצאת חיזבאללה מחוץ לחוק. לא ייתכן שבזמן שנסראללה אומר כי חיזבאללה הוא ארגון אחד, באירופה עדיין עושים הבחנה בין הזרוע המדינית לזרוע הצבאית. חיזבאללה כולו הוא ארגון טרור. צריך לשנות את החוק ולעצור את נתיבי הכסף. "
"התראיינתי הערב לכתב הוול-סטריט ז'ורנל @WSJ, מול 150 בכירים באיחוד האירופי. אמרתי להם שיש להם אחריות לעצור את צעדות התמיכה בחיזבאללה, ואת העברת הכספים מאירופה לארגון שכל מטרתו השמדת מדינת ישראל. #AJC18EU "
This evening I was interviewed on stage by @laurnorman in front of 150 #EU officials. I told them that the EU has a responsibility to put an end to public shows of support for #Hezbollah and stop the flow of funds to an organization sworn to Israel's destruction. #AJC18EU 
"#Share: These are the caricatures the European Parliament refused to show. They show the true face of #Iran. 
@AJCGlobal @ticartoonprojec #AJC18EU "
The European Parliament decided not to allow a caricature exhibition by Israeli artists in #Brussels. The decision makes a caricature of the #EU 
"אלה הקריקטורות שהאיחוד האירופי לא היה מוכן להראות לכם. זה הפרצוף האמיתי של איראן. #שתפו 
@ticartoonprojec @AJCGlobal "
האיחוד האירופי החליט לפסול תערוכת קריקטורות של אמנים ישראלים בבריסל. ההחלטה הזו הופכת את האיחוד עצמו לקריקטורה. @ticartoonprojec @AJCGlobal 
"ההבדל ביני לבין ראש הממשלה הוא פשוט. זה בדיוק להיפך: הוא קיבל מיליון שקל וקידם את חוק מילצ׳ן, אני לא קיבלתי אגורה שחוקה מאף אחד ועצרתי את חוק מילצ׳ן. "
"היום, לפני שלוש שנים הלך לעולמו אורי אורבך ז״ל. בתמונה: שנינו בערב ״זכרון בסלון״ בביתה של חברתנו עדי אלטשולר. יהי זכרו ברוך. הוא חסר. "
"אל תאיימו עלינו. לא ניתן לכם להוביל את המדינה למקום שבו אנשים ישרים פוחדים להגיד את האמת. 
"
כנסת ישראל מתברכת בך ברוכה השבה. 
"מה שעושה ראש הממשלה ביומיים האחרונים הוא הסתה. פרועה, מסוכנת, חסרת אחריות. בימים הקרובים יצטרך ראש הממשלה להתמודד עם פרסום התשתית הראייתית וההמלצות בתיקיו. עליו להתמודד עם העובדות מתוך אחריות, מבלי להרוס בדרך את מערכות אכיפת החוק בישראל. "
"לצבא יש שרשרת פיקוד אחת - ורק אחת. רבנים הם לא חלק משרשרת הפיקוד הזו. רבנים מקומם בקהילה ובבית הכנסת ובישיבה. צה""ל ימשיך לגייס נשים לכל התפקידים. אנחנו גאים בחיילות האלה. הצבא צריך לגלות אפס סובלנות לסרבנים ולמי שקורא לסרבנות. סרבנות לא תתקבל. לא משמאל ולא מימין. @INSSIsrael "
"״ההתבססות האיראנית בסוריה צריכה להדאיג גם את אירופה, האינטרס למנוע זאת, משותף״. דיברתי על כך היום עם חברי הטוב, האן טן ברוקה, חבר ועדת חוץ בפרלמנט ההולנדי. @HanTenBroeke "
"לינק למחקר, תמיכת המפלגות בארה״ב בישראל  "
"יחד עם מאות יש-עתידניקים הגעתי היום להפגנה באשדוד נגד חוק המרכולים והכפיה החרדית. את החוק הזה צריך לבטל, ואם ננצח בבחירות הבאות אנחנו נבטל אותו.
המאבק של אשדוד הוא לא מאבק מקומי. זה מאבק על דמותה של המדינה, על חופש הבחירה, על השאלה אם השבת היא מה שמפריד בינינו או מה שמחבר אותנו. "
"במסגרת פגישה שנערכה היום עם דירקטוריון איפא״ק אמרתי:
“The United States should offer its support to President Sisi and King Abdullah. They are positive forces and forces of stability in the Middle East.” "
"היום הצטרף אלינו רם בן ברק ששירת 33 שנים במוסד. הוא ירחיב את השדרה הבטחונית שלנו ומביא איתו ראייה אסטרטגית וניסיון מבצעי שכמעט אין שני לו. רם, ברוך הבא למשפחת ""יש עתיד"". הנה חמש עובדות שלא ידעתם עליו "
ברוך הבא! @Ram_Ben_Barak 
מברך את כוחות הבטחון על פעולה מוצלחת וחשובה. מאחל שבוע שקט. 
"ראיון מיוחד ל""טיימס אוף ישראל״ בפרסית. אמרתי להם שהעם האיראני הוא לא האויב שלנו, אבל המשטר האיראני מסוכן וישראל לא תסבול כוחות איראניים על הגבול שלנו.
"
"מציאות היא לא משהו שמקבלים, היא משהו שיוצרים. משיקים את מצע הצעירים של המפלגה. "
ברכות לעליזה על עשייה חשובה וצודקת! @aliza_lavie 
"עם הוריו של סא״ל עמנואל מורנו ז״ל ביום עיון לזכרו בנושא מנהיגות. דיברתי עם דור מנהיגי העתיד של צה""ל: אנשים הגיוניים פועלים בתוך החוקים, מנהיגים קובעים את החוקים. אם זה מספיק חשוב לכם – תעשו את זה גם כשהסיכויים נגדכם. "
נר שביעי ביער להב עם אלפיים נערות ונערים. 
ראיתי את העתיד והוא היה באזור בלי קליטה. נר שביעי ביער להב עם המנהיגים של המחר. 
"החלטת הקבינט לחזור לבית המשפט העליון לדיון נוסף בעניין החזקת גופות המחבלים היא שילוב של פחדנות ערכית וחוסר אחריות מבצעית. במקום להפיל בכל פעם מחדש את התיק על בג""ץ, שהממשלה פשוט תעשה את העבודה שלה ותלך לחקיקה. 
הם פשוט מעדיפים להלחם בבית המשפט הישראלי במקום להלחם בטרור האיסלמי. "
"מתתיהו אומר ""מי לאדוני אלי"", ומתחילים להגיע אליו להרים עוד ועוד אנשים. למה? מה המניע שלהם? התשובה היא שרוב בני האדם רוצים חיים בעלי משמעות. הם רוצים לדעת שיש עוד משהו בין הלידה למוות. שהם שינו משהו בעולם.                       #הדלקת נר בבית הכנסת הגדול בתל אביב. "
נר חמישי אצל משפחת ביטון בשדרות. חג שמח ושבוע שקט. 

מה באמת קרה כשהייתי שר האוצר. עברו שלוש שנים.  
"אני שומע את הקולות שאומרים שהפלסטינים מאיימים בטרור, ממתי מדיניות נקבעת עפ״י איומים? מי שנכנע לטרור יביא על עצמו עוד טרור. @BBCNews "
"זה אבסורד שאני יושב כאן ומנהל דיון על המובן מאליו. ירושלים היא בירת העם היהודי כבר 3,000 שנה ובירת ישראל 70 שנה.@CNN "
"ישראל היא מדינה שבחרה בחיים זאת הסיבה ש- 70 שנה אחרי כ""ט בנובמבר ישראל הפכה להיות מדינה חזקה מרתקת ומשגשגת. יצרנו מעצמת הייטק תרבות משגשגת מדע וחדשנות. ישראל היא גם הדמוקרטיה היחידה במזה""ת, מגינת זכויות אדם מיעוטים, הקהילה הלהט""בית, חופש דת וחופש הביטוי. @Jerusalem_Post "
"הגיע הזמן שכל העולם יכיר בירושלים המאוחדת כבירת מדינת ישראל. לא קובעים מדיניות על פי איומים והפחדות. 
@Jerusalem_Post "
"איראן בונה בסיסים צבאיים בסוריה רק מספר קילומטרים בודדים מגבול ישראל. אם היינו מחזירים את הגולן לסוריה, כפי שהעולם דרש מאתנו, היו היום חיילים איראנים מעבר לגליל. הגיע הזמן שהעולם יכיר בריבונות מלאה של ישראל על רמת הגולן. @Jerusalem_Post "
"פרחים בקנה ובנות בצריח, גירסת 2017. מברך את מחזור הטנקיסטיות הראשונות. האשה שבטנק תנצח. "
"מברך את הגולש עדי קלנג, על זכייתו במקום הראשון, באליפות העולם לגלישת גלים לבעלי מוגבלויות בקליפורניה. ניצחון הרוח על הגלים. כל הכבוד עדי! "
"זאב קם פרסם הבוקר ב@ReshetBet שיו״ר הכנסת הודיע שבגלל שח״כ חיים ילין עזב משלחת של הכנסת במקסיקו כדי לחזור להצבעה על חוק ההמלצות, הח״כים של יש עתיד לא ייצאו בזמן הקרוב במשלחות לחו״ל. 
תגובתנו:
 "
"Held meetings today with Prime Minister @markrutte of the Netherlands &amp; Prime Minister @ratasjuri of Estonia. We discussed the situation in the Middle East and in particular the threat from Iran and Hezbollah on our northern border.
#ALDEcongress "
"לקראת חוק ההמלצות יש עתיד בגיוס מלא. כל הקיזוזים בוטלו. ח״כ אלעזר שטרן יוצא באמצע מכנס סבן בוושינגטון. ח״כ חיים ילין חתך באמצע ביקור ממלכתי במקסיקו. אני סיימתי פגישה עם ראש ממשלת הולנד מרק רוטה ואגיע לארץ בתחילת השבוע. 
נלחם על כל קול נגד השחיתות של נתניהו ואנשיו. "
"Centrist parties coming together in a discussion organized by @VVD at the start of the @ALDEParty conference in Amsterdam. The center is a human interest story, unlike the old ideologies we put people at the center of everything we do. #ALDEcongress "
Important meeting with the Foreign Minister of the Netherlands @MinBZ @HalbeZijlstra - discussed the situation in the Middle East and in particular the dangers of Iran and Hezbollah. We must stand together in the fight against terrorism. 
סיימתי פגישה חשובה עם שר החוץ ההולנדי @HalbeZijlstra @MinBZ. דנו על עתיד המזרח התיכון בדגש על התחזקות איראן וחיזבאללה. אנחנו חייבים להיות מאוחדים במאבק נגד הטרור. 
"הרעיון שבאירופה אנשי חיזבאללה יכולים לגייס כסף, לפתוח משרדים ולפעול בחופשיות הוא אבסורדי.
מתוך הדברים שאמרתי בוועדת החוץ בפרלמנט ההולנדי בהאג. ממשיכים בהובלת המהלך- הוצאת חיזבאללה מחוץ לחוק באיחוד האירופי. "
Great to meet @hantenbroeke from the VVD who is hosting me at the Netherlands Foreign Affairs Committee. A friend of Israel who is committed to our shared values. 
נפגשתי הבוקר עם קבוצה של מובילי דעה בכירים מ- @AIPAC דנו על עתיד המזרח התיכון וחשיבות הקשר של ישראל עם ארה״ב. 
"RT @ndvori: רגע לפני שבת. מ""מ בצנחנים דואג שלא תיהיה שביזות במחלקה. מלמד את החיילים איך עושים את זה באמהרית. "
"סיור לילי בדרום הר חברון עם אנשי השומר החדש, רואים מקרוב את ההתמודדות עם הטרור חקלאי ופוגשים אנשים נפלאים.
@HaimJelin @HashomerHahadsh "
"מה עוד יעשו כדי להעביר את חוק ההמלצות? הדחתו של בני בגין מוועדת הפנים מסמלת יותר מכל את אובדן הדרך. אם ""השליחים"" של נתניהו נדרשים להדיח את בגין, סמל היושרה ההוגנות והממלכתיות כדי להעביר את החוק אז תבינו שיש פה משהו באמת מסריח. "
Great to meet with Senator @KamalaHarris to discuss the political situation in Israel and the United States. 
"למה ממשלת ישראל מפקירה את חיילי צה״ל? כי לנתניהו יותר חשובים האינטרסים הפוליטיים שלו מול החרדים מאשר להתייצב לצד החיילים.
החיילים החרדים הם גיבורים, הם מגינים על המולדת ואז הם מגיעים הביתה ומותקפים באלימות. לא יכול להיות שהמדינה לא תגן עליהם רק כי הממשלה הזו עסוקה בלהצמד לכסא. "
חג סיגד שמח. 
"שותפי לדרך, לב ענק ואיש עשייה.
מזל טוב, לעוד הרבה שנים ביחד. "
גאווה. 
"ראש ממשלה שלא נותן גיבוי לצבא, לרמטכ""ל, לשב״כ, למפכ״ל כשהם מותקפים- היה דבר כזה בתולדות המדינה? "
"שליחיו של ראש הממשלה עובדים במטרה אחת- להציל את ראש הממשלה מהחוק ומהסדר. בושה לבניין הכנסת, אילו הייתה נותרת בהם בושה. "
Great to meet @mayorlevine in the Knesset to celebrate direct flights from Israel to Miami which brings Israel &amp; the US even closer together 
"שידור חי מכנס תפיסת הביטחון הלאומי של יש עתיד&gt;&gt;
"
מפגש עם חברי פרלמנט מהאיחוד האירופי שנועד לקדם את היוזמה שלנו להגדיר את החיזבאללה כארגון טרור. אפילו הם הופתעו לשמוע שכרגע זה לא המצב. 
"מחר יעלה לוועדת שרים לחקיקה - חוק הקלון. הפוליטיקה שלנו חולה, אפשר וצריך לשנות אותה.
#כנס_ישעתיד  #חולון "
עכשיו בחולון עם כ400 תושבים. 
יום של תקווה עם אנשים נפלאים במגדל העמק. 
בהפגנה למען זכויות השוטרים. חובתנו להתייצב לצד מי שעומד בחזית ההגנה על בטחון אזרחי מדינת ישראל. 
Good to meet the new @EUinIsrael Ambassador @EGiaufretEU this morning - welcome and good luck over the next few years. 
"Iran's Foreign Minister @JZarif uses free press in western countries to spread his lies. It's up to us to stop him.
"
RT @TheAtlantic: .@yairlapid argues that Iran's ayatollahs have always believed in their ability to deceive the West: 
בסוכת בית התפילה הישראלי עם ד״ר מיכה גודמן על המלכוד הגדול של החברה הישראלית ולמה רק המרכז הוא המקום הפוליטי שבו אפשר לשנות את המציאות. 
נפגשתי היום עם חבורה מבריקה וסקרנית של סטודנטים מINSEAD שהגיעו מכל העולם כדי להכיר את ישראל. כשמסבירים את הצד שלנו בסיפור הם מקשיבים ומבינים 
"לכל יצרני שנאת החינם - הנה ח״כ חיים ילין, אחד מנציגי יש עתיד שהקדים קצת לטקס 50 שנה להתיישבות. "
"מאמר מצויין של רון פרושאור. מסביר למה על ארה״ב להצטרף לישראל בתמיכה בעצמאות לכורדים.
"
"מברך את ועדת חוץ ובטחון ואת יו""ר ועדת המשנה, עפר שלח על פרסום דו""ח אמיץ ונכון לבטחון מדינת ישראל.
"
"הגעתי לערד כדי לתת גיבוי מלא לראש העיר, בן חמו. לא יכול להיות ששר בממשלה יופיע בהפגנה בלתי חוקית אלימה כדי לתמוך במפגינים במקום בתושבים. "
"A fascinating and insightful conversation with Henry Kissinger, one of the great men of international diplomacy. "
"צודקת בכל מילה.
"
"אלי ויזל ז״ל האמין שהדרך היחידה לוודא שזה לא יקרה שוב, היא לוודא שתמיד נזכור. הוא ידע שהמין האנושי מעוניין לשכוח, והיה נחוש בדעתו לא לתת לו. "
"האנטישמיות לא נעלמה. כמו בעבר גם היום, האנטישמים מבינים רק כוח. ההבדל הוא שהיום יש לנו את הכוח. הצבאי, הערכי, הכוח להגיד להם- לעולם לא עוד. "
Great to see @USAmbIsrael David Friedman again. A true friend of Israel working tirelessly to further strengthen the Israel-US relationship. 
"היום הראשון ללימודים הוא יום מצויין להתחיל מחדש.
שנת לימודים מוצלחת לכולם&gt;&gt; "
"חג קורבן שמח ומבורך לכל אחינו הדרוזים, המוסלמים והצ'רקסים.
عيد أضحى مبارك ، كل عام وأنتم بألف خير  . "
"עם חברי עמיר ריטוב, יו""ר מרכז המועצות האזוריות, אצלו בלב השרון, שיחה על החיים. "
"יש לנו מטרה, להיות ראויים לאלחי טהרלב ז״ל. אם ניצור מדינה וחברה שמקדשת את החיים ונותנת להם משמעות, מותו לא היה לשווא. מתוך דברים בערב לזכרו. "
"Great to meet with Priti Patel, UK Secretary of State for International Development, today. A true friend of Israel. "
"כשלון אדיר של מדיניות החוץ הישראלית:
"
"אמירה חשובה נפתלי, בוא נפעל יחד לחברה שוויונית יותר. "
"הבוקר בפגישה עם חברי קונגרס בכירים. דיברנו על ביקור קושנר, גרינבלט ופאוול כהזדמנות לקידום ועידה אזורית ולתיקון הנזק שנגרם ביחסים עם ירדן. "
"ברוכים הבאים, אתם בבית.
233 העולים החדשים שהגיעו הבוקר לישראל הם חלק מרעיון גדול ומופלא - הרעיון הציוני.
היה לי הכבוד לקבל את פניהם בנתב״ג. "
"Great to meet Chair of @JLC_UK, Jonathan Goldstein. Look forward to working together to strengthen the connection between Israel &amp; UK Jewry. "
Great to see my friend @whiphoyer here in Israel. Lots to discuss as we continue to build the Israel-US relationship. 
With @volker_beck we initiated an approach to the German gov't to ban all Hezbollah and PFLP activity -  Working side by side against terror 
"RT @meravi11: שמח בירושלים! צועדים בשביל השיוויון, יחד בגאווה וחייבת להגיד גם שמזג האוויר פשוט נפלא @yairlapid "
גאה לצעוד בירושלים גם השנה. הגיע הזמן להתקדם. ב2017 ישראל צריכה לאפשר לכל אדם לממש את זכותו להקים בית ומשפחה בלי קשר לשאלה את מי הוא אוהב. 
"Welcome to Israel, Chris Cannan, the new @AusAmbIsrael. Looking forward to taking the Israel-Australia relationship to the next level. "
"המגנומטרים הורדו אבל אסור להסתכל על הארוע הזה דרך חור המגנומטרים:
"
"בעקבות הפיגוע הרצחני בחלמיש והפרות הסדר בהר הבית, קיימתי שיחה עם כתבים מכלי תקשורת שונים בעולם&gt;&gt; 
"
לא ניתן להם להשחית את המדינה. 
"מהצפון ועד הדרום, יצאנו לצמתים להגיד מושחתים נמאסתם! "
יש עתיד עם הקהילה הלהט״בית. כי מגיע להם להיות הורים! 
"יש לנו מדינה נהדרת, אנשים נפלאים, מגיע לנו יותר.
יש עתיד יוצאת מחר לצמתים להגיד ׳מושחתים נמאסתם׳.
הצטרפו אלינו: "
"מה אני באמת חושב על הדתה (לא מה שסיפרו לכם)
---
"
Spoke to Canadian Embassy who clarified this goes against their policy &amp; our free trade deal. Expect a clarification 
"פניתי לשגרירות קנדה שהסבירה כי הדיווחים מנוגדים למדיניות הקנדית ולהסכם הסחר החופשי בין קנדה וישראל. תצא הבהרה בנושא.
"
הערב במהדורה המרכזית של ערוץ 2. 
"RT @l_daphna: @yairlapid ואלה הלינקים כמובן:
"
"ברכות לאבי גבאי. 
הפוליטיקה הישראלית זקוקה לאנשים טובים ואני שמח כי גבאי החליט לתרום מהידע והניסיון שלו לטובת אזרחי מדינת ישראל. 
בהצלחה. "
"ראיון ל@NechamaDuek בתוכנית חיידק פוליטי:
"
"ברכות לח״כ @jacobpe1, ראש השב״כ לשעבר, שנכדו האהוב אריאל עלה הבוקר לתורה ברחבת הכותל בירושלים. "
"אם ויקטור אורבן לא יחזור בו, ראש הממשלה נתניהו צריך לבטל את נסיעתו להונגריה.
מאמר שפרסמתי בנושא בשישי האחרון:
"
הערב בקדרון עם כ400 תושבי גדרה ומועצה אזורית גבעת ברנר. 
"The mask slips, behind BDS stand terror organizations who murder and maim innocent civilians. "
"הנחנו היום הצעת חוק שמעלה משמעותית את הענישה לתוקפים של חיילי צה״ל.
לא הגיוני שחייל שמגיע לביתו מותקף בקללות ויריקות "
Today in the Knesset I delivered a simple message to a delegation of UN Ambassadors who were brought to Israel by @AJCGlobal &gt;&gt; 
"החילוניות הישראלית היא זרם ביהדות. מאמר שפירסמתי היום ב@MakorRishon 
"
"עם אילדפונסו קסטרו לופז, מזכיר המדינה הספרדי, גם הוא יעזור לנו להעביר חקיקה בפרלמנט נגד ה-BDS ושונאי ישראל. "
ממשיכים לבנות את תנועת המרכז העולמית עם מנהיג מפלגת המרכז הספרדית @Albert_Rivera 
good to meet friends of Israel who stand with us. 
"התכנסנו בקונגרס הספרדי עם קבוצה של חברי פרלמנט מכל הסיעות כמעט, כדי להתניע חקיקה נגד הBDS המכפישים את ישראל בשליחות ארגוני הטרור הפלשתינים. "
"הערב עם כ500 תושבי חיפה.
דיברנו על עתיד המדינה, על העתיד של חיפה ואיך ממשיכים יחד את המאבק עד לפינוי מיכל האמוניה. "
"העוצמה של כפר עציון באתוס הישראלי והציוני, נובעת מן הידיעה שהוא בקונצנזוס. הנחנו היום אבן פינה לשכונה החדשה יחד, רוב מוחלט של אזרחי ישראל. "
"הגשנו את חוק הלאום בנוסח של בני בגין. מדינת ישראל זקוקה לחוק לאום ברוח מגילת העצמאות. אני קורא לקואליציה לתמוך בחוק, בואו נעשה את זה יחד. "
Thank you my friend @borgebrende for demanding Norway's money back &amp; rejecting Palestinian glorification of terror. 
"שתי הערות על שואה ותקומה:
"
"שגרירות ארה""ב צריכה לעבור ללא דיחוי לירושלים. אין דבר צודק יותר היסטורית, מוסרית, ערכית - מחזקתנו על ירושלים.
***
היום בסיור בגבעת התחמושת. "
"Marwan Barghouti is a convicted murderer, the New York Times forgot to tell its readers that.
"
"מרוואן ברגותי הוא רוצח מהסוג הגרוע ביותר, את זה שכח הניו יורק טיימס לספר לקוראיו.
"
"ברכות לדוד בארי, מחדש עיר דוד בי-ם, וצביקה לוי, ״אבי החיילים הבודדים״, על זכייתם בפרס ישראל. אתם ההוכחה לכך שהאהבה למדינה והאחדות היא הדרך. "
"טוב לפגוש את שר החוץ הבריטי, @BorisJohnson חבר ואחד המנהיגים הכי פרו ישראלים באירופה, שהגיע הערב לארץ.

צילום: מירי שמעונוביץ. "
"המרכז חוזר. אחרי פגישה מרתקת עם עמנואל מקרון, מנהיג המרכז הצרפתי. חבר אמיתי לישראל. "
"עצוב.

"
"אני אגיע.
"
"ההחלטה של יועמ״ש לפנות הבוקר לוועדת הכנסת כדי שתבחן את חסינותו של חכ גאטס מבורכת, אני שמח שקיבל את פנייתי בנושא. נתמוך בהסרת החסינות בוועדה. "
Great meeting with Australia's leader of the opposition @billshortenmp Israel-Australia relations cross party lines. 
הנה מה שעניתי לכתב הגרדיאן שהשווה בשאלתו את ישראל למדינת אפרטהייד: 

"ניצחון לכל עם ישראל.

"
"מה כל כך דחוף לכם להרוס דווקא סככה צנועה שבאה לציין את זכרו של גיבור ישראל?
מתוך מכתב ששלחתי למנכ״ל שלום עכשיו, אבי בוסקילה. "
Nazi salutes in the heart of Washington is sickening. I call upon US leaders to condemn in the strongest terms 
לראות וידיאו של הצדעות במעל יד בלב ווישנגטון זה מחליא ובלתי נסבל. אני קורא למנהיגי ארה״ב לגנות בחריפות ביטויי נאציזם 
Hosted ambassadors from Asia and the Pacific in the Knesset today. We have to keep making Israel's case to the world. #weloveIsrael 
"היו לי ויש לי חילוקי דעות עם הראשון לציון, אבל הדברים שאמר היום על המתרחש בסוריה הם דבריו של מנהיג רוחני אמיתי. "
"גם במותו פרס אתנו, הוא כאן מפני שאנחנו מוקפים בתוצאות מעשיו. "
"בפגישה עם ראש עיריית חיפה, יונה יהב, סיכמנו כי נשלב כוחות בטיפול במיכל האמוניה. אני נחוש בדעתי למנוע את האסון הלאומי ההמוני הזה. "
"עכשיו, בכנס מנהיגים מקומיים (אזור צפון) בכרמיאל. "
Thank you @BuschEbba for coming to show your support for Israel today. 
בתמונה: ישראלי יפה. 
"רה״מ בתפקידו כשר התקשורת החליט ""להרוג"" את תאגיד השידור.
למה? כי הוא לא מעוניין בערוץ עצמאי שאינו כפוף לפוליטיקאים.
"
"@theresa_may
Congratulations and good luck🇬🇧🇮🇱 "
"הבוקר עם תנ״צ יהודה דהן ובעלי עסקים בשרונה, נתנו לשגרירים סקירה על הפיגוע ועל ההתמודדות היומיומית עם גל הטרור.&gt;&gt; "
פניתי למנכלית @WHO: טפלו במשברי בריאות  ולא בקמפיין נגד המדינה היהודית היחידה בעולם. זהו ביטוי מודרני של אנטישמיות. 
"הכי פשוט וברור שיש- לא מצטרפים לקואליציה.
וכמו בכל הפגישות האחרונות עם טוני בלייר, היה מצויין, תודה למתעניינים. "
Thank you @RepTedDeutch for hosting me for an in-depth briefing with Democratic Members of Congress. &gt;&gt; 
Good to see my friend @PeterRoskam. Israel's relationship with the U.S remains a top strategic priority. 
On stage in 20 minutes with @jeffreygoldberg at the @ADL_National conference in Washington. 
"היום ב16:15 שעון ישראל, בכנס של הליגה נגד השמצה @ADL_National.
אתם מוזמנים לצפות בשידור חי בעמוד הפייסבוק שלהם:
"
"@bogie_yaalon צודק.
"
"אני תומך בקול הקורא של @WJRORestitution, להשבת הרכוש של ניצולי השואה.   #HolocaustJustice #Holocaust 
"
אין דבר יותר שמח מחג שמח. 
"בואו נדאג שלכולם יהיה איפה לחגוג את חג הפסח.
"
"פניתי ליור המפלגה הדמוקרטית, הארי ריד, בבקשה להתנער בתוקף ממכתב הסנטור וחברי הקונגרס על הפסקת הסיוע הביטחוני לישראל. "
מנסה את סנאפצ׳ט. לא מבטיח כלום. 
Thank you for your support. 
"מוזמנים להצטרף להפגנה בז׳נבה.
בשעה 14:00, בשידור חי בעמוד הפייסבוק שלי.
"
"האוטובוסים מהונגריה וסלובקיה בדרך לז׳נבה.
מחר נפגין יחד על שורת החלטות אנטי ישראליות מול מועצת זכויות האדם של האו״ם. "
"סבא שלי, בלה למפל, שנספה בשואה. וסבתא שלי, עדנה למפל ז״ל.
"
"מנהיגים לא נולדים. מנהיגים נוצרים. 
#נוערישעתיד @YeshAtidParty 
"
"עם חברי הטוב @ymeshiz ואנשי זק״א הנפלאים, שעושים עבודת קודש ומהווים מודל לחיים משותפים. "
"אנחנו לא יכולים להמשיך להפקיר את הזירה לשונאי ישראל. מכפישים ומשמיצים אותנו והגיע הזמן לענות להם
לצפייה בחוברת שהכנו
"
Early Chanukah candle lighting and a briefing with students @GWHillel about BDS and defending Israel on campus 
הדלקת נרות מוקדמת ותדרוך לסטודנטים יהודים באוניברסיטת ג׳ורג׳ וושינגטון איך להלחם ב-BDS ולהגן על ישראל. 
"שיחה עם ג׳ו ליברמן, הסנטור היהודי שכמעט היה ס. נשיא. גם הוא, ככל ידידינו, לא מבין מה ממשלת ישראל רוצה בתחום המדיני. "
I met with the Foreign Minister of Hungary and discussed ways to combat the labeling of Israeli goods 
אחרי ישיבה עם שר החוץ ההונגרי על דרכים משותפות להיאבק נגד סימון המוצרים מישראל. 
"״בריטניה לא תכנע לחרם על ישראל!״ אמר לי עכשיו בוריס ג׳ונסון, ראש ע. לונדון. יש לנו חברים, רק צריך לפנות אליהם נכון. "
"This is an article I published in Britain today at @JewishNewsUK: I’m paranoid and they’re after me.
"
"אין כבר מדינה כזאת שנקראת סוריה.
"
